Player,Nation,POS,Age,90s,Standard_Gls,Standard_Sh,Standard_SoT,Standard_SoT%,Standard_Sh/90,Standard_SoT/90,Standard_G/Sh,Standard_G/SoT,Standard_Dist,Standard_PK,Standard_PKatt,Team
Damian Las,USA,GK,22,11.0,0,0,0,,0.0,0.0,,,,0,0,Louisville City
Sean Totsch,USA,DF,32,11.0,2,4,3,75.0,0.36,0.27,0.0,0.0,,2,2,Louisville City
Arturo Ordoñez,ESP,DF,27,10.8,1,11,1,9.1,1.02,0.09,0.09,1.0,,0,0,Louisville City
Elijah Wynder,USA,MF,21,10.4,3,17,6,35.3,1.63,0.58,0.18,0.5,,0,0,Louisville City
Taylor Davila,USA,MF,23,10.3,3,10,3,30.0,0.98,0.29,0.3,1.0,,0,0,Louisville City
Wilson Harris,USA,FW,24,10.0,10,38,21,55.3,3.78,2.09,0.24,0.43,,1,1,Louisville City
Ray Serrano,USA,FW,22,9.9,5,28,15,53.6,2.83,1.52,0.18,0.33,,0,0,Louisville City
Kyle Adams,NZL,DF,27,9.7,0,2,0,0.0,0.21,0.0,0.0,,,0,0,Louisville City
Adrien Perez,USA,FW,28,9.3,2,34,6,17.6,3.66,0.65,0.06,0.33,,0,0,Louisville City
Jake Morris,USA,MF,25,8.2,2,12,2,16.7,1.46,0.24,0.17,1.0,,0,0,Louisville City
Jansen Wilson,USA,MF,22,7.1,2,13,3,23.1,1.83,0.42,0.15,0.67,,0,0,Louisville City
Aiden McFadden,USA,MF,25,5.3,1,3,1,33.3,0.56,0.19,0.33,1.0,,0,0,Louisville City
Jorge González,ESP,FW,25,4.9,2,17,6,35.3,3.49,1.23,0.12,0.33,,0,0,Louisville City
Wesley Charpie,USA,DF,31,4.6,0,2,0,0.0,0.44,0.0,0.0,,,0,0,Louisville City
Sam Gleadle, ENG,FW,28,2.4,0,0,0,,0.0,0.0,,,,0,0,Louisville City
Amadou Dia,USA,MF,30,2.3,0,1,1,100.0,0.43,0.43,0.0,0.0,,0,0,Louisville City
Niall McCabe,USA,MF,33,2.3,0,3,0,0.0,1.32,0.0,0.0,,,0,0,Louisville City
Daniel Faundez,USA,GK,31,1.0,0,0,0,,0.0,0.0,,,,0,0,Louisville City
Carlos Moguel,USA,MF,20,0.5,0,0,0,,0.0,0.0,,,,0,0,Louisville City
Tola Showunmi, ENG,FW,23,0.7,1,2,1,50.0,3.05,1.53,0.5,1.0,,0,0,Louisville City
Evan Davila,,MF,,0.3,0,0,0,,0.0,0.0,,,,0,0,Louisville City
Dylan Mares,USA,FW,32,0.1,0,0,0,,0.0,0.0,,,,0,0,Louisville City
Hayden Stamps,,DF,,0.0,0,0,0,,0.0,0.0,,,,0,0,Louisville City
Aaron Molloy,IRL,MF,27,12.9,2,15,5,33.3,1.16,0.39,0.13,0.4,,0,1,Charleston Battery
Mark Segbers,USA,DF,28,12.9,0,0,0,,0.0,0.0,,,,0,0,Charleston Battery
Graham Smith,USA,DF,28,12.9,0,12,0,0.0,0.93,0.0,0.0,,,0,0,Charleston Battery
Nick Markanich,PHI,MF,24,11.6,12,40,23,57.5,3.46,1.99,0.25,0.43,,2,2,Charleston Battery
Nathan Dossantos,USA,DF,25,11.1,0,0,0,,0.0,0.0,,,,0,0,Charleston Battery
Adam Grinwis,USA,GK,32,11.0,0,0,0,,0.0,0.0,,,,0,0,Charleston Battery
MD Myers,USA,FW,23,10.6,6,30,18,60.0,2.82,1.69,0.2,0.33,,0,0,Charleston Battery
Emilio Ycaza,USA,MF,26,9.9,2,16,6,37.5,1.61,0.6,0.13,0.33,,0,0,Charleston Battery
Chris Allan, ENG,MF,25,9.2,0,14,4,28.6,1.53,0.44,0.0,0.0,,0,0,Charleston Battery
Leland Archer,TRI,DF,28,8.9,0,10,2,20.0,1.13,0.23,0.0,0.0,,0,0,Charleston Battery
Juan Torres,COL,MF,23,8.1,1,33,15,45.5,4.06,1.85,0.03,0.07,,0,0,Charleston Battery
Diego Gutierrez,USA,MF,25,5.1,0,14,2,14.3,2.73,0.39,0.0,0.0,,0,0,Charleston Battery
Arturo Rodriguez,MEX,MF,25,4.7,1,11,4,36.4,2.35,0.86,0.09,0.25,,0,0,Charleston Battery
Juan Palma,COL,DF,24,4.4,0,3,0,0.0,0.69,0.0,0.0,,,0,0,Charleston Battery
Josh Drack,USA,DF,24,2.2,0,2,0,0.0,0.9,0.0,0.0,,,0,0,Charleston Battery
Daniel Kuzemka,USA,GK,25,2.0,0,0,0,,0.0,0.0,,,,0,0,Charleston Battery
Jake LaCava,USA,MF,23,2.3,0,2,0,0.0,0.85,0.0,0.0,,,0,0,Charleston Battery
Jackson Conway,USA,FW,22,1.2,2,7,3,42.9,5.78,2.48,0.29,0.67,,0,0,Charleston Battery
Robbie Crawford, SCO,MF,31,1.3,0,0,0,,0.0,0.0,,,,0,0,Charleston Battery
Matthew Dean,USA,,18,0.1,0,0,0,,0.0,0.0,,,,0,0,Charleston Battery
Jordan Doherty,IRL,DF,23,12.0,1,4,1,25.0,0.33,0.08,0.25,1.0,,0,0,Tampa Bay Rowdies
Jordan Farr,USA,GK,29,12.0,0,0,0,,0.0,0.0,,,,0,0,Tampa Bay Rowdies
Aaron Guillen,USA,DF,30,11.8,0,4,2,50.0,0.34,0.17,0.0,0.0,,0,0,Tampa Bay Rowdies
Lewis Hilton, ENG,MF,30,11.4,0,13,5,38.5,1.14,0.44,0.0,0.0,,0,0,Tampa Bay Rowdies
Blake Bodily,USA,MF,26,11.3,1,18,4,22.2,1.59,0.35,0.06,0.25,,0,0,Tampa Bay Rowdies
Daniel Crisostomo,USA,MF,27,10.7,0,9,2,22.2,0.84,0.19,0.0,0.0,,0,0,Tampa Bay Rowdies
Cal Jennings,USA,FW,27,10.1,8,50,19,38.0,4.97,1.89,0.16,0.42,,0,0,Tampa Bay Rowdies
Manuel Arteaga,VEN,FW,29,10.0,8,35,16,45.7,3.51,1.6,0.17,0.38,,2,2,Tampa Bay Rowdies
Eddie Munjoma,USA,MF,25,8.1,0,7,2,28.6,0.86,0.25,0.0,0.0,,0,0,Tampa Bay Rowdies
Forrest Lasso,USA,DF,31,8.0,2,6,4,66.7,0.75,0.5,0.33,0.5,,0,0,Tampa Bay Rowdies
Joshua Pérez,SLV,FW,26,5.8,0,4,3,75.0,0.69,0.52,0.0,0.0,,0,0,Tampa Bay Rowdies
Pacifique Niyongabire,BDI,MF,24,6.5,0,10,7,70.0,1.54,1.08,0.0,0.0,,0,0,Tampa Bay Rowdies
Damien Rivera,CRC,MF,21,3.8,1,12,3,25.0,3.13,0.78,0.08,0.33,,0,0,Tampa Bay Rowdies
Charlie Dennis, ENG,MF,28,2.8,1,8,3,37.5,2.89,1.08,0.13,0.33,,0,0,Tampa Bay Rowdies
Joey DeZart,JAM,MF,25,1.6,0,2,0,0.0,1.29,0.0,0.0,,,0,0,Tampa Bay Rowdies
Freddy Kleemann,USA,DF,25,1.5,0,0,0,,0.0,0.0,,,,0,0,Tampa Bay Rowdies
Leo Fernandes,BRA,MF,32,1.2,0,2,0,0.0,1.64,0.0,0.0,,,0,0,Tampa Bay Rowdies
Nick Moon,USA,MF,28,1.1,0,2,1,50.0,1.75,0.87,0.0,0.0,,0,0,Tampa Bay Rowdies
Nathan Worth,USA,MF,17,0.9,0,1,0,0.0,1.15,0.0,0.0,,,0,0,Tampa Bay Rowdies
Cristian Ortiz,USA,FW,17,0.5,0,3,1,33.3,6.43,2.14,0.0,0.0,,0,0,Tampa Bay Rowdies
Zachary Herivaux,HAI,MF,28,0.0,0,0,0,,0.0,0.0,,,,0,0,Tampa Bay Rowdies
Aedan Stanley,USA,DF,24,13.0,0,5,1,20.0,0.38,0.08,0.0,0.0,,0,0,Indy Eleven
Sebastián Guenzatti,URU,MF,32,11.1,3,16,7,43.8,1.44,0.63,0.19,0.43,,0,0,Indy Eleven
Jack Blake, SCO,MF,29,11.6,7,41,15,36.6,3.52,1.29,0.07,0.2,,4,4,Indy Eleven
Augustine Williams,SLE,FW,26,10.7,5,33,11,33.3,3.07,1.02,0.12,0.36,,1,1,Indy Eleven
Adrián Diz Pe,CUB,DF,30,11.2,1,5,5,100.0,0.45,0.45,0.2,0.2,,0,0,Indy Eleven
Cameron Lindley,USA,MF,26,10.4,0,1,1,100.0,0.1,0.1,0.0,0.0,,0,0,Indy Eleven
Josh O'Brien, ENG,DF,,8.7,1,4,1,25.0,0.46,0.11,0.25,1.0,,0,0,Indy Eleven
Douglas Martinez,HON,FW,26,8.7,3,12,6,50.0,1.38,0.69,0.25,0.5,,0,0,Indy Eleven
Tyler Gibson,USA,MF,33,7.1,0,2,0,0.0,0.28,0.0,0.0,,,0,0,Indy Eleven
Yannik Oettl,GER,GK,27,7.0,0,0,0,,0.0,0.0,,,,0,0,Indy Eleven
Callum Chapman-Page, ENG,DF,28,5.9,0,2,0,0.0,0.34,0.0,0.0,,,0,0,Indy Eleven
Hunter Sulte,USA,GK,22,6.0,0,0,0,,0.0,0.0,,,,0,0,Indy Eleven
Younes Boudadi,MAR,DF,28,5.8,0,1,1,100.0,0.17,0.17,0.0,0.0,,0,0,Indy Eleven
Benjamin Ofeimu,USA,DF,23,5.6,1,2,1,50.0,0.36,0.18,0.5,1.0,,0,0,Indy Eleven
Tega Ikoba,USA,MF,20,4.3,1,8,5,62.5,1.86,1.16,0.13,0.2,,0,0,Indy Eleven
Ben Mines,USA,MF,24,3.5,0,0,0,,0.0,0.0,,,,0,0,Indy Eleven
Danny Barbir,USA,DF,26,3.0,0,1,0,0.0,0.33,0.0,0.0,,,0,0,Indy Eleven
Max Schneider,GER,MF,23,2.9,0,2,0,0.0,0.7,0.0,0.0,,,0,0,Indy Eleven
Laurence Wootton, ENG,MF,24,1.6,0,0,0,,0.0,0.0,,,,0,0,Indy Eleven
Karsen Henderlong,USA,FW,23,1.0,0,0,0,,0.0,0.0,,,,0,0,Indy Eleven
Elliot Collier,NZL,FW,29,2.9,1,5,1,20.0,1.71,0.34,0.2,1.0,,0,0,Indy Eleven
Macauley King, ENG,DF,28,0.7,0,0,0,,0.0,0.0,,,,0,0,Indy Eleven
Ethan O'Brien,USA,MF,23,0.1,0,0,0,,0.0,0.0,,,,0,0,Indy Eleven
Roberto Molina,SLV,MF,23,0.1,0,0,0,,0.0,0.0,,,,0,0,Indy Eleven
Devon Amoo-Mensah,USA,DF,28,10.0,0,4,0,0.0,0.4,0.0,0.0,,,0,0,Detroit City
Nathan Steinwascher,USA,GK,31,10.0,0,0,0,,0.0,0.0,,,,0,0,Detroit City
James Murphy,USA,MF,26,9.7,0,5,2,40.0,0.52,0.21,0.0,0.0,,0,0,Detroit City
Abdoulaye Diop,SEN,MF,24,9.5,2,12,5,41.7,1.26,0.53,0.08,0.2,,1,1,Detroit City
Stephen Carroll,IRL,DF,30,9.0,1,2,1,50.0,0.22,0.11,0.5,1.0,,0,0,Detroit City
Maxi Rodriguez,USA,MF,28,8.4,3,12,8,66.7,1.43,0.95,0.17,0.25,,1,1,Detroit City
Michael Bryant,USA,DF,29,7.7,0,7,2,28.6,0.91,0.26,0.0,0.0,,0,0,Detroit City
Ben Morris, ENG,MF,24,7.6,2,14,6,42.9,1.84,0.79,0.14,0.33,,0,0,Detroit City
Ali Coote, SCO,MF,25,7.2,1,8,3,37.5,1.12,0.42,0.13,0.33,,0,0,Detroit City
Brett Levis,CAN,DF,31,5.3,0,2,1,50.0,0.38,0.19,0.0,0.0,,0,0,Detroit City
Alex Villanueva,USA,DF,21,5.3,0,3,0,0.0,0.57,0.0,0.0,,,0,0,Detroit City
Yazeed Matthews,RSA,FW,28,3.8,0,11,1,9.1,2.86,0.26,0.0,0.0,,0,0,Detroit City
Elvis Amoh,GHA,FW,32,3.4,1,4,1,25.0,1.18,0.3,0.25,1.0,,0,0,Detroit City
Rhys Williams,USA,MF,28,3.6,0,9,3,33.3,2.53,0.84,0.0,0.0,,0,0,Detroit City
Matthew Sheldon,USA,DF,31,3.5,1,5,2,40.0,1.43,0.57,0.2,0.5,,0,0,Detroit City
Victor Bezerra,USA,FW,24,2.8,1,9,1,11.1,3.25,0.36,0.11,1.0,,0,0,Detroit City
Ryan Williams, ENG,MF,33,1.6,0,1,1,100.0,0.62,0.62,0.0,0.0,,0,0,Detroit City
Connor Rutz,USA,MF,27,0.9,1,3,2,66.7,3.18,2.12,0.33,0.5,,0,0,Detroit City
Daniel Espeleta,CRC,MF,26,0.6,0,2,0,0.0,3.53,0.0,0.0,,,0,0,Detroit City
Dominic Gasso,USA,MF,20,0.2,0,0,0,,0.0,0.0,,,,0,0,Detroit City
Kobe Hernandez-Foster,USA,MF,21,12.0,0,6,0,0.0,0.5,0.0,0.0,,,0,0,Birmingham Legion
Phanuel Kavita,USA,DF,31,12.0,0,4,2,50.0,0.33,0.17,0.0,0.0,,0,0,Birmingham Legion
Enzo Martínez,URU,MF,33,11.9,3,25,7,28.0,2.1,0.59,0.12,0.43,,0,0,Birmingham Legion
Tyler Pasher,CAN,FW,30,10.6,2,23,8,34.8,2.18,0.76,0.09,0.25,,0,0,Birmingham Legion
AJ Paterson,GRN,DF,28,10.5,0,2,1,50.0,0.19,0.1,0.0,0.0,,0,0,Birmingham Legion
Matt Van Oekel,USA,GK,37,10.0,0,0,0,,0.0,0.0,,,,0,0,Birmingham Legion
Alex Crognale,USA,DF,29,8.1,0,3,1,33.3,0.37,0.12,0.0,0.0,,0,0,Birmingham Legion
Prosper Kasim,GHA,MF,27,7.2,1,15,3,20.0,2.07,0.41,0.07,0.33,,0,0,Birmingham Legion
Dawson McCartney,USA,MF,25,6.8,1,10,1,10.0,1.47,0.15,0.1,1.0,,0,0,Birmingham Legion
Jake Rufe,USA,MF,28,6.8,0,6,1,16.7,0.89,0.15,0.0,0.0,,0,0,Birmingham Legion
Stefano Pinho,BRA,FW,33,6.6,2,20,8,40.0,3.02,1.21,0.1,0.25,,0,0,Birmingham Legion
Moses Mensah,GHA,DF,25,5.4,0,1,0,0.0,0.19,0.0,0.0,,,0,0,Birmingham Legion
Diba Nwegbo,NGA,MF,22,5.3,0,18,4,22.2,3.41,0.76,0.0,0.0,,0,0,Birmingham Legion
Mujeeb Murana,USA,DF,23,5.3,1,4,2,50.0,0.75,0.38,0.25,0.5,,0,0,Birmingham Legion
Preston Tabortetaka,CMR,MF,25,5.2,0,15,2,13.3,2.86,0.38,0.0,0.0,,0,0,Birmingham Legion
Miguel Perez,USA,MF,19,3.4,0,7,2,28.6,2.09,0.6,0.0,0.0,,0,0,Birmingham Legion
Fernando Delgado,MEX,GK,17,2.0,0,0,0,,0.0,0.0,,,,0,0,Birmingham Legion
Derek Dodson,USA,DF,25,2.0,0,1,1,100.0,0.5,0.5,0.0,0.0,,0,0,Birmingham Legion
Mohamed Buya Turay,SLE,FW,29,0.7,0,0,0,,0.0,0.0,,,,0,0,Birmingham Legion
Finn Calloway,,MF,,0.2,0,0,0,,0.0,0.0,,,,0,0,Birmingham Legion
Ramiz Hamouda,USA,DF,16,0.1,0,0,0,,0.0,0.0,,,,0,0,Birmingham Legion
Hugo Fauroux,FRA,GK,27,13.0,0,0,0,,0.0,0.0,,,,0,0,Loudoun United
Thomas McCabe,USA,MF,26,12.8,0,2,0,0.0,0.16,0.0,0.0,,,0,0,Loudoun United
Zach Ryan,USA,FW,25,12.3,5,20,10,50.0,1.62,0.81,0.2,0.4,,1,1,Loudoun United
Jacob Erlandson,USA,DF,25,11.8,0,6,4,66.7,0.51,0.34,0.0,0.0,,0,0,Loudoun United
Florian Valot,FRA,MF,31,12.0,3,12,5,41.7,1.0,0.42,0.25,0.6,,0,0,Loudoun United
Drew Skundrich,USA,MF,28,11.4,1,10,3,30.0,0.88,0.26,0.1,0.33,,0,0,Loudoun United
Kwame Awuah,CAN,DF,28,10.9,0,6,1,16.7,0.55,0.09,0.0,0.0,,0,0,Loudoun United
Keegan Hughes,USA,DF,23,9.2,0,4,0,0.0,0.44,0.0,0.0,,,0,0,Loudoun United
Abdellatif Aboukoura,USA,MF,19,6.3,2,16,7,43.8,2.54,1.11,0.13,0.29,,0,0,Loudoun United
Robby Dambrot,USA,DF,29,7.6,1,6,1,16.7,0.79,0.13,0.17,1.0,,0,0,Loudoun United
Riley Bidois,NZL,MF,22,5.9,1,10,7,70.0,1.68,1.18,0.1,0.14,,0,0,Loudoun United
Keegan Tingey,USA,DF,23,5.6,0,2,1,50.0,0.36,0.18,0.0,0.0,,0,0,Loudoun United
Wesley Leggett,USA,FW,23,5.5,2,14,6,42.9,2.56,1.1,0.14,0.33,,0,0,Loudoun United
Christiano François,HAI,FW,30,4.6,0,8,1,12.5,1.73,0.22,0.0,0.0,,0,0,Loudoun United
Kalil ElMedkhar,USA,MF,24,4.2,2,12,6,50.0,2.87,1.44,0.17,0.33,,0,0,Loudoun United
Yanis Leerman,FRA,DF,25,3.7,0,1,0,0.0,0.27,0.0,0.0,,,0,0,Loudoun United
Matai Akinmboni,USA,DF,17,2.0,0,1,0,0.0,0.5,0.0,0.0,,,0,0,Loudoun United
Tommy Williamson,USA,MF,25,1.5,0,2,0,0.0,1.36,0.0,0.0,,,0,0,Loudoun United
Nelson Martinez,USA,DF,23,0.3,0,0,0,,0.0,0.0,,,,0,0,Loudoun United
Isaac Espinal,USA,FW,18,0.5,0,0,0,,0.0,0.0,,,,0,0,Loudoun United
Justin Melly,USA,DF,17,0.3,0,0,0,,0.0,0.0,,,,0,0,Loudoun United
Gavin Turner,USA,MF,17,0.3,0,0,0,,0.0,0.0,,,,0,0,Loudoun United
Cole Turner,USA,DF,22,0.2,0,1,0,0.0,5.63,0.0,0.0,,,0,0,Loudoun United
Pape Wane,SEN,FW,18,0.2,0,0,0,,0.0,0.0,,,,0,0,Loudoun United
Trevor Zwetsloot,NZL,MF,24,0.1,0,0,0,,0.0,0.0,,,,0,0,Loudoun United
Elias Norris,USA,DF,23,0.1,0,0,0,,0.0,0.0,,,,0,0,Loudoun United
Tristan Hodge,TRI,DF,29,10.5,0,1,0,0.0,0.1,0.0,0.0,,,0,0,Hartford Athletic
Deshane Beckford,JAM,MF,26,9.6,2,26,10,38.5,2.7,1.04,0.08,0.2,,0,0,Hartford Athletic
Michee Ngalina,BRA,MF,24,10.0,3,24,9,37.5,2.4,0.9,0.13,0.33,,0,0,Hartford Athletic
Thomas Vancaeyezeele,GUF,DF,29,10.0,0,5,3,60.0,0.5,0.3,0.0,0.0,,0,0,Hartford Athletic
Jay Chapman,CAN,MF,30,9.1,1,8,2,25.0,0.88,0.22,0.13,0.5,,0,0,Hartford Athletic
Marcus Epps,USA,MF,29,8.2,1,19,6,31.6,2.33,0.74,0.05,0.17,,0,0,Hartford Athletic
Joe Farrell,USA,DF,30,8.0,1,11,2,18.2,1.38,0.25,0.09,0.5,,0,0,Hartford Athletic
Anderson Asiedu,GHA,MF,27,7.5,0,4,1,25.0,0.53,0.13,0.0,0.0,,0,0,Hartford Athletic
Romario Williams,JAM,FW,29,6.8,2,12,3,25.0,1.76,0.44,0.08,0.33,,1,2,Hartford Athletic
Paul Walters,USA,GK,20,6.0,0,0,0,,0.0,0.0,,,,0,0,Hartford Athletic
Rece Buckmaster,USA,DF,27,5.3,0,1,0,0.0,0.19,0.0,0.0,,,0,0,Hartford Athletic
Renan Ribeiro,BRA,GK,34,5.0,0,0,0,,0.0,0.0,,,,0,0,Hartford Athletic
Jordan Scarlett,JAM,DF,28,4.7,0,0,0,,0.0,0.0,,,,0,0,Hartford Athletic
Joey Akpunonu,USA,DF,22,4.1,0,3,1,33.3,0.72,0.24,0.0,0.0,,0,0,Hartford Athletic
Marlon Hairston,USA,MF,30,3.0,0,1,0,0.0,0.33,0.0,0.0,,,0,0,Hartford Athletic
Beverly Makangila,COD,MF,24,4.4,0,1,0,0.0,0.23,0.0,0.0,,,0,0,Hartford Athletic
Mamadou Dieng,SEN,FW,20,2.9,0,9,4,44.4,3.13,1.39,0.0,0.0,,0,0,Hartford Athletic
Emmanuel Samadiya,SLE,DF,23,2.3,0,4,1,25.0,1.71,0.43,0.0,0.0,,0,0,Hartford Athletic
Enoch Mushagalusa,,MF,24,1.7,1,4,2,50.0,2.42,1.21,0.25,0.5,,0,0,Hartford Athletic
Ian Shaul,USA,MF,18,0.9,0,0,0,,0.0,0.0,,,,0,0,Hartford Athletic
Joe Schmidt,USA,MF,25,0.6,0,0,0,,0.0,0.0,,,,0,0,Hartford Athletic
Kyle Edwards,VIN,FW,28,0.2,0,1,1,100.0,4.09,4.09,0.0,0.0,,0,0,Hartford Athletic
Danny Barrera,USA,MF,34,0.2,0,0,0,,0.0,0.0,,,,0,0,Hartford Athletic
Paco Craig, ENG,DF,31,12.0,1,8,1,12.5,0.67,0.08,0.13,1.0,,0,0,North Carolina FC
Collin Martin,USA,MF,29,11.5,0,10,3,30.0,0.87,0.26,0.0,0.0,,0,0,North Carolina FC
Louis Perez,FRA,FW,26,10.9,2,23,5,21.7,2.1,0.46,0.04,0.2,,1,1,North Carolina FC
Mikey Maldonado,USA,MF,25,9.0,2,6,4,66.7,0.67,0.44,0.33,0.5,,0,0,North Carolina FC
Ezra Armstrong,USA,MF,25,8.9,2,17,5,29.4,1.91,0.56,0.12,0.4,,0,0,North Carolina FC
Rafa Mentzingen,BRA,MF,28,8.8,1,12,3,25.0,1.36,0.34,0.08,0.33,,0,0,North Carolina FC
Rodrigo Da Costa,BRA,FW,30,8.2,2,14,4,28.6,1.7,0.49,0.07,0.25,,1,1,North Carolina FC
Bryce Washington,USA,DF,25,8.0,0,4,2,50.0,0.5,0.25,0.0,0.0,,0,0,North Carolina FC
Jake McGuire,USA,GK,29,8.0,0,0,0,,0.0,0.0,,,,0,0,North Carolina FC
Justin Malou,SEN,DF,26,7.2,0,8,1,12.5,1.11,0.14,0.0,0.0,,0,0,North Carolina FC
Oalex Anderson,VIN,FW,28,6.8,2,23,6,26.1,3.4,0.89,0.09,0.33,,0,0,North Carolina FC
Lamar Batista,USA,DF,26,5.7,0,1,0,0.0,0.18,0.0,0.0,,,0,0,North Carolina FC
Evan Conway,USA,FW,26,4.5,2,15,6,40.0,3.3,1.32,0.13,0.33,,0,0,North Carolina FC
Antonio Carrera,USA,GK,20,4.0,0,0,0,,0.0,0.0,,,,0,0,North Carolina FC
Julian Placias,USA,FW,18,3.4,1,4,2,50.0,1.17,0.59,0.25,0.5,,0,0,North Carolina FC
Raheem Somersall,SKN,MF,26,3.4,0,1,0,0.0,0.3,0.0,0.0,,,0,0,North Carolina FC
Shaft Brewer,USA,MF,24,3.2,0,1,0,0.0,0.31,0.0,0.0,,,0,0,North Carolina FC
Nelson Blanco,SLV,MF,24,2.9,0,0,0,,0.0,0.0,,,,0,0,North Carolina FC
Adrián Pelayo,USA,DF,18,1.9,0,1,0,0.0,0.53,0.0,0.0,,,0,0,North Carolina FC
Garrett McLaughlin,USA,FW,26,1.5,0,3,1,33.3,1.97,0.66,0.0,0.0,,0,0,North Carolina FC
Jacori Hayes,USA,MF,28,1.0,0,0,0,,0.0,0.0,,,,0,0,North Carolina FC
Jaden Servania,PUR,MF,22,1.1,0,0,0,,0.0,0.0,,,,0,0,North Carolina FC
Danny Griffin,USA,MF,25,12.0,3,22,7,31.8,1.83,0.58,0.05,0.14,,2,2,Pittsburgh Riverhounds
Robbie Mertz,USA,MF,27,10.9,0,10,2,20.0,0.92,0.18,0.0,0.0,,0,0,Pittsburgh Riverhounds
Abdul Illal Osumanu,GHA,DF,27,10.7,0,6,2,33.3,0.56,0.19,0.0,0.0,,0,0,Pittsburgh Riverhounds
Junior Etou,CGO,DF,30,10.3,0,8,1,12.5,0.78,0.1,0.0,0.0,,0,0,Pittsburgh Riverhounds
Edward Kizza,UGA,FW,25,10.3,3,18,8,44.4,1.75,0.78,0.17,0.38,,0,0,Pittsburgh Riverhounds
Luke Biasi,USA,DF,24,10.5,0,1,0,0.0,0.1,0.0,0.0,,,0,0,Pittsburgh Riverhounds
Kenardo Forbes,JAM,MF,36,9.4,0,16,3,18.8,1.71,0.32,0.0,0.0,,0,0,Pittsburgh Riverhounds
Patrick Hogan,USA,DF,26,9.1,1,10,4,40.0,1.1,0.44,0.1,0.25,,0,0,Pittsburgh Riverhounds
Eric Dick,USA,GK,29,9.0,0,0,0,,0.0,0.0,,,,0,0,Pittsburgh Riverhounds
Kazaiah Sterling, ENG,FW,25,6.7,3,14,7,50.0,2.1,1.05,0.21,0.43,,0,1,Pittsburgh Riverhounds
Langston Blackstock,,DF,,7.3,0,13,6,46.2,1.77,0.82,0.0,0.0,,0,0,Pittsburgh Riverhounds
Daniel Rovira,COL,DF,27,4.7,0,2,2,100.0,0.43,0.43,0.0,0.0,,0,0,Pittsburgh Riverhounds
Bradley Sample,,MF,,5.3,0,6,0,0.0,1.13,0.0,0.0,,,0,0,Pittsburgh Riverhounds
Sean Suber,USA,DF,22,3.8,0,4,1,25.0,1.05,0.26,0.0,0.0,,0,0,Pittsburgh Riverhounds
Babacar Diene,,FW,,3.5,1,8,3,37.5,2.3,0.86,0.13,0.33,,0,0,Pittsburgh Riverhounds
Gabriel Perrota,PAR,GK,25,3.0,0,0,0,,0.0,0.0,,,,0,0,Pittsburgh Riverhounds
Jackson Wälti,USA,MF,24,3.0,0,0,0,,0.0,0.0,,,,0,0,Pittsburgh Riverhounds
Michael DeShields,TRI,DF,26,0.6,0,0,0,,0.0,0.0,,,,0,0,Pittsburgh Riverhounds
Emmanuel Johnson,USA,MF,21,1.2,0,3,1,33.3,2.57,0.86,0.0,0.0,,0,0,Pittsburgh Riverhounds
Nathan Dragisich,,,,0.3,0,1,0,0.0,3.46,0.0,0.0,,,0,0,Pittsburgh Riverhounds
Aidan O'Toole,USA,MF,22,0.3,0,2,1,50.0,6.92,3.46,0.0,0.0,,0,0,Pittsburgh Riverhounds
Pierre Cayet,FRA,DF,24,0.2,0,1,0,0.0,5.0,0.0,0.0,,,0,0,Pittsburgh Riverhounds
Pablo Linzoain,,MF,,0.0,0,0,0,,0.0,0.0,,,,0,0,Pittsburgh Riverhounds
Marc Ybarra,USA,MF,25,11.5,0,3,1,33.3,0.26,0.09,0.0,0.0,,0,0,Rhode Island FC
Stephen Turnbull,USA,DF,26,10.8,2,20,6,30.0,1.85,0.56,0.1,0.33,,0,0,Rhode Island FC
Clay Holstad,USA,MF,24,11.0,1,16,5,31.3,1.46,0.46,0.06,0.2,,0,0,Rhode Island FC
Frank Nodarse,CUB,DF,23,10.9,1,11,4,36.4,1.01,0.37,0.09,0.25,,0,0,Rhode Island FC
Noah Fuson,USA,FW,24,10.4,1,15,2,13.3,1.44,0.19,0.07,0.5,,0,0,Rhode Island FC
Albert Dikwa,CMR,FW,26,10.1,3,22,10,45.5,2.18,0.99,0.14,0.3,,0,1,Rhode Island FC
Karifa Yao,CAN,DF,23,10.3,1,3,1,33.3,0.29,0.1,0.33,1.0,,0,0,Rhode Island FC
Jojea Kwizera,CGO,MF,25,7.9,0,9,1,11.1,1.14,0.13,0.0,0.0,,0,0,Rhode Island FC
Gabriel Alves,,DF,,7.4,0,2,1,50.0,0.27,0.14,0.0,0.0,,0,0,Rhode Island FC
Koke Vegas,ESP,GK,28,6.9,0,0,0,,0.0,0.0,,,,0,0,Rhode Island FC
Joseph Brito,,MF,,5.7,0,5,1,20.0,0.88,0.18,0.0,0.0,,0,0,Rhode Island FC
Jackson Lee,AUS,GK,22,5.1,0,0,0,,0.0,0.0,,,,0,0,Rhode Island FC
Jack Panayotou,USA,MF,19,3.5,0,6,1,16.7,1.72,0.29,0.0,0.0,,0,0,Rhode Island FC
Mark Doyle,IRL,MF,25,4.3,1,8,3,37.5,1.85,0.69,0.13,0.33,,0,0,Rhode Island FC
Conor McGlynn,USA,MF,25,3.6,0,5,1,20.0,1.4,0.28,0.0,0.0,,0,0,Rhode Island FC
Grant Stoneman,USA,DF,28,2.7,0,2,0,0.0,0.74,0.0,0.0,,,0,0,Rhode Island FC
Prince Saydee,LBR,MF,28,3.2,0,6,1,16.7,1.86,0.31,0.0,0.0,,0,0,Rhode Island FC
JJ Williams,USA,MF,26,2.1,0,9,4,44.4,4.22,1.87,0.0,0.0,,0,0,Rhode Island FC
Collin Smith,USA,DF,20,2.9,0,1,0,0.0,0.34,0.0,0.0,,,0,0,Rhode Island FC
Kofi Twumasi,USA,MF,27,0.7,0,0,0,,0.0,0.0,,,,0,0,Rhode Island FC
Isaac Angking,PUR,MF,24,0.3,0,1,0,0.0,3.6,0.0,0.0,,,0,0,Rhode Island FC
Nathan Messer, ENG,FW,22,0.2,0,0,0,,0.0,0.0,,,,0,0,Rhode Island FC
Kevin Vang,USA,MF,23,0.2,0,1,0,0.0,5.63,0.0,0.0,,,0,0,Rhode Island FC
Nicolás Cardona,PUR,DF,25,13.0,0,7,2,28.6,0.54,0.15,0.0,0.0,,0,0,Miami FC
Daltyn Knutson,USA,DF,27,13.0,0,2,0,0.0,0.15,0.0,0.0,,,0,0,Miami FC
Rocco Genzano,ITA,MF,20,11.1,1,6,3,50.0,0.54,0.27,0.17,0.33,,0,0,Miami FC
Andrew Booth,JAM,MF,26,10.0,1,12,4,33.3,1.2,0.4,0.08,0.25,,0,0,Miami FC
Allen Gavilanes,USA,MF,24,10.4,4,22,12,54.5,2.12,1.16,0.18,0.33,,0,0,Miami FC
Alejandro Mitrano,VEN,DF,26,9.6,0,1,0,0.0,0.1,0.0,0.0,,,0,0,Miami FC
Daniel Gagliardi,USA,GK,27,8.7,0,0,0,,0.0,0.0,,,,0,0,Miami FC
Frank López,CUB,FW,29,7.7,1,15,6,40.0,1.96,0.78,0.07,0.17,,0,0,Miami FC
Samuel Biek,GER,DF,26,8.1,0,3,1,33.3,0.37,0.12,0.0,0.0,,0,0,Miami FC
Jordan Ayimbila,GHA,MF,23,7.1,0,1,0,0.0,0.14,0.0,0.0,,,0,0,Miami FC
Manuel Botta,ITA,MF,21,6.5,1,5,1,20.0,0.77,0.15,0.0,0.0,,1,1,Miami FC
Gabriel de Freitas,BRA,MF,27,8.1,1,7,1,14.3,0.87,0.12,0.14,1.0,,0,0,Miami FC
Luis Pedro,BRA,FW,21,5.1,2,11,6,54.5,2.15,1.17,0.18,0.33,,0,0,Miami FC
Mattia Gagliardi,ITA,MF,19,3.7,0,7,1,14.3,1.91,0.27,0.0,0.0,,0,0,Miami FC
Danny Barbir,USA,DF,26,3.5,0,0,0,,0.0,0.0,,,,0,0,Miami FC
Roberto Molina,SLV,FW,23,4.2,0,2,2,100.0,0.48,0.48,0.0,0.0,,0,0,Miami FC
Khadim Ndiaye,SEN,GK,24,2.3,0,0,0,,0.0,0.0,,,,0,0,Miami FC
Felipe Rodriguez,URU,GK,20,2.0,0,0,0,,0.0,0.0,,,,0,0,Miami FC
David Mejia,USA,MF,20,1.9,0,1,0,0.0,0.54,0.0,0.0,,,0,0,Miami FC
Michael Vang,LAO,MF,24,1.1,0,1,0,0.0,0.88,0.0,0.0,,,0,0,Miami FC
Michael Lawrence,USA,MF,24,1.5,1,3,2,66.7,1.94,1.29,0.33,0.5,,0,0,Miami FC
Benjamin Ofeimu,USA,DF,23,1.5,0,0,0,,0.0,0.0,,,,0,0,Miami FC
Ben Mines,USA,MF,24,1.3,0,1,0,0.0,0.75,0.0,0.0,,,0,0,Miami FC
Mujeeb Murana,USA,DF,23,0.9,0,1,0,0.0,1.07,0.0,0.0,,,0,0,Miami FC
Lucas DePaula,USA,MF,18,0.4,0,0,0,,0.0,0.0,,,,0,0,Miami FC
Chris Jean Francois,,DF,,0.0,0,0,0,,0.0,0.0,,,,0,0,Miami FC
Talen Maples,USA,DF,25,11.0,1,3,1,33.3,0.27,0.09,0.33,1.0,,0,0,New Mexico United
Zico Bailey,PHI,MF,23,10.8,0,8,3,37.5,0.74,0.28,0.0,0.0,,0,1,New Mexico United
Alexandros Tabakis,GRE,GK,31,10.0,0,0,0,,0.0,0.0,,,,0,0,New Mexico United
Greg Hurst, SCO,FW,27,8.7,5,23,12,52.2,2.64,1.38,0.17,0.33,,1,2,New Mexico United
Arturo Astorga,,DF,,8.8,0,0,0,,0.0,0.0,,,,0,0,New Mexico United
Marco Micaletto,ITA,MF,28,8.3,1,12,6,50.0,1.44,0.72,0.08,0.17,,0,0,New Mexico United
Chris Gloster,USA,DF,23,7.7,0,1,1,100.0,0.13,0.13,0.0,0.0,,0,0,New Mexico United
Nicky Hernandez,USA,MF,25,7.3,1,4,3,75.0,0.55,0.41,0.25,0.33,,0,0,New Mexico United
Anthony Herbert,TRI,DF,26,7.1,0,3,0,0.0,0.42,0.0,0.0,,,0,0,New Mexico United
Dayonn Harris,ATG,MF,26,6.8,1,17,9,52.9,2.48,1.31,0.06,0.11,,0,0,New Mexico United
Mukwelle Akale,USA,MF,27,6.3,1,14,7,50.0,2.23,1.11,0.07,0.14,,0,2,New Mexico United
Jacobo Reyes,USA,MF,23,4.8,1,8,5,62.5,1.66,1.03,0.13,0.2,,0,0,New Mexico United
Abdi Mohamed,SOM,DF,27,4.0,0,1,1,100.0,0.25,0.25,0.0,0.0,,0,0,New Mexico United
Houssou Landry,CIV,MF,23,3.6,1,8,3,37.5,2.22,0.83,0.13,0.33,,0,0,New Mexico United
Will Seymore,USA,DF,32,3.5,0,2,1,50.0,0.57,0.28,0.0,0.0,,0,0,New Mexico United
Avionne Flanagan,USA,MF,25,2.3,0,6,1,16.7,2.58,0.43,0.0,0.0,,0,0,New Mexico United
Harry Swartz,USA,MF,28,3.4,0,3,1,33.3,0.87,0.29,0.0,0.0,,0,0,New Mexico United
Sergio Rivas,MEX,MF,26,2.3,1,4,3,75.0,1.77,1.33,0.25,0.33,,0,0,New Mexico United
Daniel Bruce, ENG,FW,28,2.3,2,7,4,57.1,3.06,1.75,0.29,0.5,,0,0,New Mexico United
Kalen Ryden,USA,DF,33,1.0,0,0,0,,0.0,0.0,,,,0,0,New Mexico United
Kristopher Shakes,USA,GK,23,1.0,0,0,0,,0.0,0.0,,,,0,0,New Mexico United
Jackson DuBois,,DF,,0.0,0,0,0,,0.0,0.0,,,,0,0,New Mexico United
Nick Ross, SCO,MF,32,12.0,0,5,0,0.0,0.42,0.0,0.0,,,0,0,Sacramento Republic
Jared Timmer,USA,DF,27,12.0,0,0,0,,0.0,0.0,,,,0,0,Sacramento Republic
Jack Gurr, ENG,DF,28,11.7,0,25,6,24.0,2.14,0.51,0.0,0.0,,0,0,Sacramento Republic
Trevor Amann,USA,FW,26,10.5,6,20,9,45.0,1.9,0.86,0.3,0.67,,0,0,Sacramento Republic
Lee Desmond,IRL,DF,29,10.9,0,1,0,0.0,0.09,0.0,0.0,,,0,0,Sacramento Republic
Conor Donovan,USA,DF,28,10.6,0,5,4,80.0,0.47,0.38,0.0,0.0,,0,0,Sacramento Republic
Luis Felipe,BRA,MF,28,9.7,0,7,1,14.3,0.72,0.1,0.0,0.0,,0,0,Sacramento Republic
Daniel Vitiello,USA,GK,28,10.0,0,0,0,,0.0,0.0,,,,0,0,Sacramento Republic
Aldair Sanchez,USA,MF,22,8.5,1,5,1,20.0,0.59,0.12,0.2,1.0,,0,0,Sacramento Republic
Russell Cicerone,USA,MF,29,7.8,2,25,10,40.0,3.19,1.27,0.08,0.2,,0,0,Sacramento Republic
Rodrigo López,USA,MF,37,6.8,2,10,3,30.0,1.48,0.44,0.2,0.67,,0,0,Sacramento Republic
Cristian Parano,ARG,FW,24,3.4,0,6,2,33.3,1.76,0.59,0.0,0.0,,0,0,Sacramento Republic
Damia Viader,ESP,DF,26,3.3,0,2,0,0.0,0.61,0.0,0.0,,,0,0,Sacramento Republic
Shane Wiedt,USA,DF,28,3.3,0,0,0,,0.0,0.0,,,,0,0,Sacramento Republic
Rafael Jauregui,USA,MF,19,3.6,0,6,0,0.0,1.69,0.0,0.0,,,0,0,Sacramento Republic
Kieran Phillips, ENG,FW,24,2.5,2,4,4,100.0,1.58,1.58,0.5,0.5,,0,0,Sacramento Republic
Jared Mazzola,USA,GK,25,2.0,0,0,0,,0.0,0.0,,,,0,0,Sacramento Republic
Blake Willey,USA,FW,17,0.7,0,0,0,,0.0,0.0,,,,0,0,Sacramento Republic
Jonathan Ricketts,USA,DF,26,2.4,2,8,5,62.5,3.27,2.05,0.25,0.4,,0,0,Sacramento Republic
Juan Sebastián Herrera,COL,FW,29,0.4,0,1,0,0.0,2.73,0.0,0.0,,,0,0,Sacramento Republic
Da'vian Kimbrough,MEX,FW,14,0.0,0,0,0,,0.0,0.0,,,,0,0,Sacramento Republic
Owen Lambe,USA,DF,23,12.0,0,7,1,14.3,0.58,0.08,0.0,0.0,,0,0,Orange County SC
Brian Iloski,USA,MF,28,10.7,2,6,6,100.0,0.56,0.56,0.33,0.33,,0,0,Orange County SC
Ashton Miles,USA,DF,19,11.0,1,3,1,33.3,0.27,0.09,0.33,1.0,,0,0,Orange County SC
Colin Shutler,USA,GK,25,10.0,1,0,0,,0.0,0.0,,,,0,0,Orange County SC
Sofiane Djeffal,FRA,MF,25,9.2,1,5,2,40.0,0.55,0.22,0.2,0.5,,0,0,Orange County SC
Thomas Amang,CMR,FW,26,9.1,5,20,11,55.0,2.19,1.2,0.25,0.45,,0,0,Orange County SC
Cameron Dunbar,USA,MF,21,8.4,1,17,6,35.3,2.03,0.72,0.06,0.17,,0,0,Orange County SC
Ashish Chattha,USA,DF,24,8.2,0,5,0,0.0,0.61,0.0,0.0,,,0,0,Orange County SC
Andrew Fox, ENG,DF,31,8.2,0,5,0,0.0,0.61,0.0,0.0,,,0,0,Orange County SC
Kyle Scott, ENG,MF,26,7.8,1,6,1,16.7,0.77,0.13,0.17,1.0,,0,0,Orange County SC
Kevin Partida,USA,MF,29,6.0,0,0,0,,0.0,0.0,,,,0,0,Orange County SC
Christian Sorto,SLV,MF,24,5.4,0,3,1,33.3,0.55,0.18,0.0,0.0,,0,0,Orange County SC
Markus Nakkim,NOR,DF,27,4.9,0,1,1,100.0,0.2,0.2,0.0,0.0,,0,0,Orange County SC
Ethan Zubak,USA,FW,26,6.0,1,9,5,55.6,1.5,0.83,0.11,0.2,,0,0,Orange County SC
Ryan Doghman,NOR,DF,26,3.4,0,0,0,,0.0,0.0,,,,0,0,Orange County SC
Bryce Jamison,USA,MF,18,4.2,1,5,3,60.0,1.18,0.71,0.2,0.33,,0,0,Orange County SC
Seth Casiple,USA,MF,30,3.5,1,0,0,,0.0,0.0,,,,0,0,Orange County SC
Duran Ferree,USA,GK,17,2.0,0,0,0,,0.0,0.0,,,,0,0,Orange County SC
Ryan Flood,USA,DF,25,1.0,0,1,0,0.0,1.0,0.0,0.0,,,0,0,Orange County SC
Charlie Asensio,USA,DF,24,0.5,0,0,0,,0.0,0.0,,,,0,0,Orange County SC
Marcus Lee,USA,FW,17,0.2,0,0,0,,0.0,0.0,,,,0,0,Orange County SC
Benjamin Barjolo,USA,MF,17,0.1,0,0,0,,0.0,0.0,,,,0,0,Orange County SC
Ryan Ayoub,USA,MF,18,0.1,0,0,0,,0.0,0.0,,,,0,0,Orange County SC
Dillon Powers,USA,DF,33,0.0,0,0,0,,0.0,0.0,,,,0,0,Orange County SC
Christian Herrera,MEX,GK,27,11.0,0,0,0,,0.0,0.0,,,,0,0,Colorado Springs Switchbacks
Matt Mahoney,USA,DF,29,11.0,1,3,2,66.7,0.27,0.18,0.33,0.5,,0,0,Colorado Springs Switchbacks
Duke Lacroix,HAI,DF,30,10.0,0,2,0,0.0,0.2,0.0,0.0,,,0,0,Colorado Springs Switchbacks
Ronaldo Damus,HAI,FW,24,10.0,6,23,12,52.2,2.31,1.2,0.13,0.25,,3,3,Colorado Springs Switchbacks
Maalique Foster,JAM,MF,27,8.5,0,19,3,15.8,2.23,0.35,0.0,0.0,,0,0,Colorado Springs Switchbacks
Devon Williams,JAM,MF,32,8.4,0,10,1,10.0,1.19,0.12,0.0,0.0,,0,0,Colorado Springs Switchbacks
Koa Santos,USA,DF,24,8.0,0,3,2,66.7,0.37,0.25,0.0,0.0,,0,0,Colorado Springs Switchbacks
Yosuke Hanya,JPN,MF,25,7.7,1,10,3,30.0,1.29,0.39,0.1,0.33,,0,0,Colorado Springs Switchbacks
Juan Tejada,PAN,MF,27,6.3,1,10,3,30.0,1.58,0.48,0.1,0.33,,0,0,Colorado Springs Switchbacks
Zach Zandi,USA,MF,27,6.0,0,5,2,40.0,0.83,0.33,0.0,0.0,,0,0,Colorado Springs Switchbacks
Aidan Rocha,USA,MF,23,6.0,1,4,1,25.0,0.67,0.17,0.25,1.0,,0,0,Colorado Springs Switchbacks
Matthew Real,USA,DF,24,5.3,0,2,0,0.0,0.38,0.0,0.0,,,0,0,Colorado Springs Switchbacks
Steven Echeverria,USA,MF,28,4.5,0,2,0,0.0,0.45,0.0,0.0,,,0,0,Colorado Springs Switchbacks
Wahab Ackwei,GHA,DF,27,3.4,0,1,0,0.0,0.3,0.0,0.0,,,0,0,Colorado Springs Switchbacks
Jairo Henríquez,SLV,MF,30,3.1,0,12,0,0.0,3.9,0.0,0.0,,,0,0,Colorado Springs Switchbacks
James Musa,NZL,DF,32,2.5,0,0,0,,0.0,0.0,,,,0,0,Colorado Springs Switchbacks
Quenzi Huerman,FRA,MF,22,3.5,0,11,2,18.2,3.12,0.57,0.0,0.0,,0,0,Colorado Springs Switchbacks
Delentz Pierre,HAI,DF,23,2.3,1,1,1,100.0,0.43,0.43,1.0,1.0,,0,0,Colorado Springs Switchbacks
Jonas Fjeldberg,NOR,MF,25,1.3,0,4,0,0.0,3.03,0.0,0.0,,,0,0,Colorado Springs Switchbacks
Tyreek Magee,JAM,MF,24,1.2,0,2,1,50.0,1.71,0.86,0.0,0.0,,0,0,Colorado Springs Switchbacks
Alex Andersson,SWE,MF,23,0.3,0,2,0,0.0,6.0,0.0,0.0,,,0,0,Colorado Springs Switchbacks
Marco Rios,USA,MF,18,0.0,0,0,0,,0.0,0.0,,,,0,0,Colorado Springs Switchbacks
Kendall Burks,USA,DF,24,12.0,0,0,0,,0.0,0.0,,,,0,0,San Antonio FC
Kevon Lambert,JAM,MF,27,12.0,2,9,3,33.3,0.75,0.25,0.22,0.67,,0,0,San Antonio FC
Juan Agudelo,USA,FW,31,11.7,3,29,7,24.1,2.48,0.6,0.1,0.43,,0,1,San Antonio FC
Jorge Hernandez,USA,MF,23,10.5,0,13,5,38.5,1.24,0.48,0.0,0.0,,0,0,San Antonio FC
Luke Haakenson,USA,MF,26,10.0,2,17,3,17.6,1.69,0.3,0.12,0.67,,0,0,San Antonio FC
Mitchell Taintor,USA,DF,29,9.2,0,5,1,20.0,0.54,0.11,0.0,0.0,,0,0,San Antonio FC
Shannon Gomez,TRI,MF,27,9.4,0,1,1,100.0,0.11,0.11,0.0,0.0,,0,0,San Antonio FC
Pablo Sisniega,MEX,GK,28,9.0,0,0,0,,0.0,0.0,,,,0,0,San Antonio FC
Lucas,BRA,MF,27,6.9,2,7,5,71.4,1.01,0.72,0.29,0.4,,0,0,San Antonio FC
Carter Manley,USA,DF,28,6.0,2,3,2,66.7,0.5,0.33,0.67,1.0,,0,0,San Antonio FC
Machop Malual,SSD,FW,25,5.6,2,11,4,36.4,1.96,0.71,0.18,0.5,,0,0,San Antonio FC
Kameron Lacey,JAM,FW,23,6.2,0,14,6,42.9,2.24,0.96,0.0,0.0,,0,0,San Antonio FC
Trova Boni,BFA,DF,24,5.1,0,4,1,25.0,0.79,0.2,0.0,0.0,,0,0,San Antonio FC
Burá,GNB,MF,28,5.0,1,5,4,80.0,1.0,0.8,0.2,0.25,,0,0,San Antonio FC
Mohamed Omar,SOM,MF,25,4.3,0,6,0,0.0,1.4,0.0,0.0,,,0,0,San Antonio FC
Kendall McIntosh,USA,GK,30,3.0,0,0,0,,0.0,0.0,,,,0,0,San Antonio FC
Hugo-Hilaire Mbongue Mbongue,CAN,FW,19,2.0,1,5,2,40.0,2.5,1.0,0.2,0.5,,0,0,San Antonio FC
Mohammed Abu,GHA,MF,32,1.9,0,0,0,,0.0,0.0,,,,0,0,San Antonio FC
José Mulato,COL,FW,21,1.1,0,2,1,50.0,1.89,0.95,0.0,0.0,,0,0,San Antonio FC
Eduardo Fernandez,USA,MF,18,0.2,0,0,0,,0.0,0.0,,,,0,0,San Antonio FC
Luis Solignac,ARG,FW,33,0.2,1,1,1,100.0,4.5,4.5,0.0,0.0,,1,1,San Antonio FC
Richard Windbichler,AUT,DF,33,0.1,0,0,0,,0.0,0.0,,,,0,0,San Antonio FC
Tyler Deric,USA,GK,35,12.0,0,2,0,0.0,0.17,0.0,0.0,,,0,0,Memphis 901
Zach Duncan,AUS,MF,24,10.3,0,11,1,9.1,1.07,0.1,0.0,0.0,,0,0,Memphis 901
Luiz Fernando,BRA,MF,26,9.8,1,13,5,38.5,1.33,0.51,0.08,0.2,,0,0,Memphis 901
Bruno Lapa,BRA,MF,27,9.8,4,25,11,44.0,2.55,1.12,0.16,0.36,,0,0,Memphis 901
Emerson Hyndman,USA,MF,28,9.7,0,11,3,27.3,1.14,0.31,0.0,0.0,,0,0,Memphis 901
Marlon,BRA,MF,29,9.3,5,31,12,38.7,3.33,1.29,0.16,0.42,,0,0,Memphis 901
Carson Vom Steeg,USA,DF,25,9.1,0,2,1,50.0,0.22,0.11,0.0,0.0,,0,0,Memphis 901
Akeem Ward,USA,DF,28,8.8,0,7,3,42.9,0.79,0.34,0.0,0.0,,0,0,Memphis 901
Dylan Borczak,USA,MF,24,6.9,1,20,7,35.0,2.9,1.01,0.05,0.14,,0,0,Memphis 901
Lucas Turci,BRA,DF,27,8.6,1,5,1,20.0,0.58,0.12,0.2,1.0,,0,0,Memphis 901
Abdoulaye Cissoko,FRA,DF,24,7.1,1,2,1,50.0,0.28,0.14,0.5,1.0,,0,0,Memphis 901
Oscar Jimenez,USA,DF,34,5.3,1,2,1,50.0,0.38,0.19,0.5,1.0,,0,0,Memphis 901
Nighte Pickering,USA,FW,19,7.2,1,21,6,28.6,2.93,0.84,0.05,0.17,,0,0,Memphis 901
Samuel Careaga,ARG,MF,21,4.2,2,9,3,33.3,2.16,0.72,0.22,0.67,,0,0,Memphis 901
Abdel Yacoubou,TOG,DF,27,3.7,0,0,0,,0.0,0.0,,,,0,0,Memphis 901
Leston Paul,TRI,MF,,3.1,0,0,0,,0.0,0.0,,,,0,0,Memphis 901
Álvaro Quezada,USA,DF,25,3.0,0,1,1,100.0,0.33,0.33,0.0,0.0,,0,0,Memphis 901
Neco Brett,JAM,FW,32,2.0,0,4,1,25.0,2.03,0.51,0.0,0.0,,0,0,Memphis 901
Noe Meza,USA,FW,26,1.6,0,7,1,14.3,4.41,0.63,0.0,0.0,,0,0,Memphis 901
Nick DePuy,USA,DF,29,0.0,0,0,0,,0.0,0.0,,,,0,0,Memphis 901
Gerold Ngnepi,CMR,GK,26,14.0,0,0,0,,0.0,0.0,,,,0,0,Monterey Bay
Morey Doner,CAN,DF,30,14.0,0,6,0,0.0,0.43,0.0,0.0,,,0,0,Monterey Bay
Carlos Guzmán,MEX,DF,30,14.0,1,13,5,38.5,0.93,0.36,0.08,0.2,,0,0,Monterey Bay
Mobi Fehr,USA,MF,29,13.4,2,20,7,35.0,1.5,0.52,0.1,0.29,,0,0,Monterey Bay
Kai Greene,USA,DF,30,13.0,0,4,3,75.0,0.31,0.23,0.0,0.0,,0,0,Monterey Bay
Rafael Baca,MEX,MF,34,12.2,1,7,2,28.6,0.57,0.16,0.14,0.5,,0,0,Monterey Bay
Adrian Rebollar,USA,MF,24,9.8,1,7,3,42.9,0.72,0.31,0.14,0.33,,0,0,Monterey Bay
Alex Dixon,USA,MF,34,9.1,1,17,4,23.5,1.86,0.44,0.0,0.0,,1,2,Monterey Bay
Walmer Martinez,SLV,MF,25,8.2,0,12,2,16.7,1.46,0.24,0.0,0.0,,0,0,Monterey Bay
Chase Boone,USA,MF,28,7.2,1,17,7,41.2,2.35,0.97,0.06,0.14,,0,0,Monterey Bay
Alex Lara,USA,DF,25,7.1,1,4,1,25.0,0.57,0.14,0.25,1.0,,0,0,Monterey Bay
Jesús Enríquez,MEX,MF,26,6.4,1,7,4,57.1,1.1,0.63,0.14,0.25,,0,0,Monterey Bay
Tristan Trager,USA,FW,24,6.3,5,17,11,64.7,2.68,1.74,0.24,0.36,,1,1,Monterey Bay
Grant Robinson,USA,DF,25,5.7,0,3,0,0.0,0.53,0.0,0.0,,,0,0,Monterey Bay
Luther Archimède,GLP,FW,24,3.5,0,5,2,40.0,1.42,0.57,0.0,0.0,,0,0,Monterey Bay
Michael Gonzalez,USA,FW,23,2.7,1,10,4,40.0,3.67,1.47,0.1,0.25,,0,0,Monterey Bay
Jerry Ayon,USA,MF,22,1.8,0,3,0,0.0,1.66,0.0,0.0,,,0,0,Monterey Bay
Miguel Guerrero,USA,MF,22,1.3,0,0,0,,0.0,0.0,,,,0,0,Monterey Bay
Xavi Gnaulati,USA,MF,19,1.0,0,2,0,0.0,2.07,0.0,0.0,,,0,0,Monterey Bay
Anthony Orendain,USA,FW,26,0.7,0,0,0,,0.0,0.0,,,,0,0,Monterey Bay
Pierce Gallaway,USA,MF,23,1.0,0,1,0,0.0,1.01,0.0,0.0,,,0,0,Monterey Bay
Ryan Dieter,USA,FW,22,0.8,0,1,0,0.0,1.23,0.0,0.0,,,0,0,Monterey Bay
Max Glasser,USA,DF,23,0.4,0,0,0,,0.0,0.0,,,,0,0,Monterey Bay
Rocco Ríos Novo,ARG,GK,22,13.0,0,0,0,,0.0,0.0,,,,0,0,Phoenix Rising
Renzo Zambrano,VEN,MF,29,12.2,0,4,2,50.0,0.33,0.16,0.0,0.0,,0,0,Phoenix Rising
Laurence Wyke, ENG,DF,27,11.1,0,3,0,0.0,0.27,0.0,0.0,,,0,0,Phoenix Rising
Pape Boye,SEN,DF,20,9.0,0,6,2,33.3,0.67,0.22,0.0,0.0,,0,0,Phoenix Rising
Edgardo Rito,VEN,MF,28,8.8,1,3,2,66.7,0.34,0.23,0.33,0.5,,0,0,Phoenix Rising
Jose Hernandez,USA,MF,28,8.7,1,3,2,66.7,0.34,0.23,0.33,0.5,,0,0,Phoenix Rising
Panos Armenakas,AUS,MF,25,8.6,1,12,3,25.0,1.4,0.35,0.08,0.33,,0,1,Phoenix Rising
Rémi Cabral,FRA,MF,24,9.0,6,31,14,45.2,3.43,1.55,0.16,0.36,,1,1,Phoenix Rising
Juan Carlos Azocar,VEN,FW,28,7.2,0,13,3,23.1,1.81,0.42,0.0,0.0,,0,0,Phoenix Rising
Federico Varela,ARG,MF,28,7.1,2,14,9,64.3,1.98,1.27,0.14,0.22,,0,0,Phoenix Rising
Mohamed Traore,SEN,DF,21,7.0,0,1,0,0.0,0.14,0.0,0.0,,,0,0,Phoenix Rising
John Stenberg,SWE,DF,31,6.7,1,3,1,33.3,0.45,0.15,0.33,1.0,,0,0,Phoenix Rising
Gabriel Torres,BRA,MF,27,5.9,0,6,1,16.7,1.02,0.17,0.0,0.0,,0,0,Phoenix Rising
Dariusz Formella,POL,FW,28,5.4,1,16,6,37.5,2.96,1.11,0.0,0.0,,1,1,Phoenix Rising
Erickson Gallardo,VEN,MF,30,5.4,0,6,2,33.3,1.12,0.37,0.0,0.0,,0,0,Phoenix Rising
Alejandro Fuenmayor,VEN,DF,27,5.0,0,0,0,,0.0,0.0,,,,0,0,Phoenix Rising
Emil Cuello,USA,MF,27,4.5,0,9,4,44.4,2.0,0.89,0.0,0.0,,0,0,Phoenix Rising
Giulio Doratiotto,ITA,DF,20,4.5,1,5,1,20.0,1.12,0.22,0.2,1.0,,0,0,Phoenix Rising
John Scearce,USA,MF,26,2.5,0,2,1,50.0,0.8,0.4,0.0,0.0,,0,0,Phoenix Rising
Ryan Flood,USA,FW,25,1.1,0,2,0,0.0,1.75,0.0,0.0,,,0,0,Phoenix Rising
Eddie Munjoma,USA,DF,25,0.0,0,0,0,,0.0,0.0,,,,0,0,Phoenix Rising
Paul Blanchette,USA,GK,30,12.0,0,0,0,,0.0,0.0,,,,0,0,Oakland Roots
Jeciel Cedeno,ECU,FW,24,10.7,1,14,4,28.6,1.31,0.37,0.07,0.25,,0,0,Oakland Roots
Niall Logue,IRL,DF,28,9.8,1,4,1,25.0,0.41,0.1,0.25,1.0,,0,0,Oakland Roots
Guillermo Diaz,USA,MF,28,9.8,0,8,1,12.5,0.82,0.1,0.0,0.0,,0,0,Oakland Roots
Daniel Gomez,,MF,,9.1,0,0,0,,0.0,0.0,,,,0,0,Oakland Roots
Gagi Margvelashvili,GEO,DF,27,9.0,1,2,1,50.0,0.22,0.11,0.5,1.0,,0,0,Oakland Roots
Trayvone Reid,JAM,FW,24,7.6,1,16,6,37.5,2.11,0.79,0.0,0.0,,1,1,Oakland Roots
Neveal Hackshaw,TRI,MF,28,8.0,1,8,3,37.5,1.01,0.38,0.13,0.33,,0,0,Oakland Roots
Justin Rasmussen,USA,DF,25,7.9,1,3,2,66.7,0.38,0.25,0.33,0.5,,0,0,Oakland Roots
Johnny Rodriguez,USA,FW,25,7.6,3,20,4,20.0,2.62,0.52,0.05,0.25,,2,2,Oakland Roots
Baboucarr Njie,GAM,MF,28,7.3,0,8,3,37.5,1.09,0.41,0.0,0.0,,0,0,Oakland Roots
Donasiyano Irakoze,BDI,MF,26,7.5,0,7,1,14.3,0.94,0.13,0.0,0.0,,0,0,Oakland Roots
Camden Riley,USA,MF,27,6.5,0,1,0,0.0,0.15,0.0,0.0,,,0,0,Oakland Roots
Bryan Tamacas,SLV,DF,29,6.2,1,4,1,25.0,0.65,0.16,0.25,1.0,,0,0,Oakland Roots
Michnaider Chéry,HAI,FW,26,6.3,2,12,3,25.0,1.9,0.47,0.17,0.67,,0,0,Oakland Roots
Ilya Alekseev,USA,MF,18,3.8,1,3,2,66.7,0.78,0.52,0.33,0.5,,0,0,Oakland Roots
Napo Matsoso,LES,MF,30,3.7,0,0,0,,0.0,0.0,,,,0,0,Oakland Roots
Etsgar Cruz,USA,MF,18,3.5,0,1,1,100.0,0.29,0.29,0.0,0.0,,0,0,Oakland Roots
Lindo Mfeka,RSA,MF,30,2.2,0,2,0,0.0,0.91,0.0,0.0,,,0,0,Oakland Roots
Ali Elmasnaouy,USA,MF,19,1.1,0,1,0,0.0,0.87,0.0,0.0,,,0,0,Oakland Roots
Thomas Camier,FRA,DF,19,1.1,0,1,0,0.0,0.9,0.0,0.0,,,0,0,Oakland Roots
Kieran Bracken,USA,MF,18,1.0,0,0,0,,0.0,0.0,,,,0,0,Oakland Roots
Timothy Syrel,USA,GK,20,1.0,0,0,0,,0.0,0.0,,,,0,0,Oakland Roots
Valentin Noël,FRA,MF,25,12.0,5,29,14,48.3,2.42,1.17,0.17,0.36,,0,0,Las Vegas Lights
Jean-Claude Ngando,CMR,MF,24,12.0,0,13,3,23.1,1.09,0.25,0.0,0.0,,0,0,Las Vegas Lights
Shawn Smart,,DF,,10.7,1,17,4,23.5,1.59,0.37,0.06,0.25,,0,0,Las Vegas Lights
Emrah Klimenta,MNE,DF,33,10.4,0,4,1,25.0,0.38,0.1,0.0,0.0,,0,0,Las Vegas Lights
Coleman Gannon,USA,MF,21,9.8,1,10,2,20.0,1.02,0.2,0.1,0.5,,0,0,Las Vegas Lights
Gaoussou Samaké,CIV,MF,26,7.9,3,11,4,36.4,1.38,0.5,0.27,0.75,,0,0,Las Vegas Lights
Fabien Garcia,FRA,DF,29,9.2,0,4,1,25.0,0.44,0.11,0.0,0.0,,0,0,Las Vegas Lights
Raiko Arozarena,CUB,GK,27,8.0,0,0,0,,0.0,0.0,,,,0,0,Las Vegas Lights
Gennaro Nigro,USA,DF,24,7.9,0,2,0,0.0,0.25,0.0,0.0,,,0,0,Las Vegas Lights
Solomon Asante,GHA,MF,34,7.6,0,13,3,23.1,1.72,0.4,0.0,0.0,,0,0,Las Vegas Lights
Edison Azcona,DOM,FW,20,6.6,0,8,5,62.5,1.21,0.76,0.0,0.0,,0,0,Las Vegas Lights
Charlie Adams, ENG,MF,30,6.6,1,5,1,20.0,0.76,0.15,0.2,1.0,,0,0,Las Vegas Lights
Riki Alba,DOM,FW,29,5.8,1,16,4,25.0,2.77,0.69,0.06,0.25,,0,0,Las Vegas Lights
Joe Hafferty,USA,DF,26,4.5,0,3,0,0.0,0.67,0.0,0.0,,,0,0,Las Vegas Lights
Joe Gyau,USA,FW,31,4.0,0,9,0,0.0,2.24,0.0,0.0,,,0,0,Las Vegas Lights
Hayden Sargis,USA,DF,22,3.9,0,1,1,100.0,0.26,0.26,0.0,0.0,,0,0,Las Vegas Lights
Khori Bennett,JAM,FW,26,4.0,0,12,8,66.7,2.98,1.99,0.0,0.0,,0,0,Las Vegas Lights
Nicholas Ammeter,SUI,GK,23,3.0,0,0,0,,0.0,0.0,,,,0,0,Las Vegas Lights
Edward Berumen,USA,DF,23,3.0,0,3,0,0.0,1.0,0.0,0.0,,,0,0,Las Vegas Lights
Maliek Howell,JAM,DF,25,2.2,0,1,0,0.0,0.45,0.0,0.0,,,0,0,Las Vegas Lights
Austin Wormell,USA,GK,26,2.0,0,0,0,,0.0,0.0,,,,0,0,Las Vegas Lights
Giovanni Aguilar,USA,MF,26,1.0,0,0,0,,0.0,0.0,,,,0,0,Las Vegas Lights
Alexander Romero,SLV,MF,19,0.7,0,0,0,,0.0,0.0,,,,0,0,Las Vegas Lights
All Gue,HAI,MF,18,0.0,0,0,0,,0.0,0.0,,,,0,0,Las Vegas Lights
Patrick Seagrist,USA,DF,26,11.0,1,13,4,30.8,1.18,0.36,0.08,0.25,,0,0,FC Tulsa
Boubacar Diallo,USA,MF,21,10.4,2,12,6,50.0,1.16,0.58,0.17,0.33,,0,0,FC Tulsa
Blaine Ferri,USA,MF,23,8.9,0,8,2,25.0,0.89,0.22,0.0,0.0,,0,0,FC Tulsa
Justin Portillo,USA,MF,31,9.7,1,10,5,50.0,1.03,0.51,0.0,0.0,,1,1,FC Tulsa
Stefan Stojanovic,USA,FW,23,7.9,3,19,7,36.8,2.39,0.88,0.16,0.43,,0,0,FC Tulsa
Alexis Souahy,COM,DF,29,8.2,1,6,1,16.7,0.73,0.12,0.17,1.0,,0,0,FC Tulsa
Arthur Rogers, ENG,DF,27,6.7,0,2,1,50.0,0.3,0.15,0.0,0.0,,0,0,FC Tulsa
Bradley Bourgeois,USA,DF,30,7.4,0,5,3,60.0,0.67,0.4,0.0,0.0,,0,0,FC Tulsa
Michael Creek,USA,GK,26,7.0,0,1,0,0.0,0.14,0.0,0.0,,,0,0,FC Tulsa
Phillip Goodrum,USA,MF,26,6.8,2,17,7,41.2,2.49,1.02,0.12,0.29,,0,2,FC Tulsa
Rashid Tetteh,GHA,DF,28,6.3,0,0,0,,0.0,0.0,,,,0,0,FC Tulsa
Edwin Ramos,COL,MF,25,4.5,1,8,4,50.0,1.77,0.89,0.13,0.25,,0,0,FC Tulsa
Joey Roggeveen,SUR,GK,26,4.0,0,0,0,,0.0,0.0,,,,0,0,FC Tulsa
Alexander Dalou,USA,MF,23,4.8,0,8,2,25.0,1.67,0.42,0.0,0.0,,0,0,FC Tulsa
Milo Yosef,GER,MF,25,4.4,1,9,2,22.2,2.04,0.45,0.11,0.5,,0,0,FC Tulsa
Camilo Ponce,USA,MF,20,3.8,0,3,0,0.0,0.78,0.0,0.0,,,0,0,FC Tulsa
Harvey St Clair, SCO,MF,25,2.6,0,0,0,,0.0,0.0,,,,0,0,FC Tulsa
Owen Damm,USA,DF,20,2.2,0,1,1,100.0,0.46,0.46,0.0,0.0,,0,0,FC Tulsa
Sebastián Sánchez,USA,MF,20,0.9,0,0,0,,0.0,0.0,,,,0,0,FC Tulsa
Diogo Oliveira Pacheco,POR,FW,25,1.4,0,7,1,14.3,4.88,0.7,0.0,0.0,,0,0,FC Tulsa
Nathan Worth,USA,MF,17,0.5,0,2,0,0.0,3.83,0.0,0.0,,,0,0,FC Tulsa
Aaron Kačinari,SVN,MF,22,0.4,0,1,0,0.0,2.43,0.0,0.0,,,0,0,FC Tulsa
Santiago Sanchez,USA,MF,16,0.1,0,0,0,,0.0,0.0,,,,0,0,FC Tulsa
Tony Alfaro,USA,DF,30,12.7,0,2,0,0.0,0.16,0.0,0.0,,,0,0,El Paso Locomotive
Eric Calvillo,SLV,MF,26,12.7,1,16,7,43.8,1.26,0.55,0.06,0.14,,0,0,El Paso Locomotive
Liam Rose,AUS,MF,27,12.6,0,3,0,0.0,0.24,0.0,0.0,,,0,0,El Paso Locomotive
Lucas Stauffer,USA,MF,29,12.0,0,15,5,33.3,1.25,0.42,0.0,0.0,,0,0,El Paso Locomotive
Jahmali Waite,JAM,GK,25,12.0,0,0,0,,0.0,0.0,,,,0,0,El Paso Locomotive
Justin Dhillon,USA,FW,28,11.4,2,19,8,42.1,1.67,0.7,0.05,0.13,,1,1,El Paso Locomotive
Amando Moreno,SLV,FW,28,10.7,5,20,13,65.0,1.87,1.22,0.2,0.31,,1,1,El Paso Locomotive
Bolu Akinyode,NGA,DF,30,11.4,0,3,1,33.3,0.26,0.09,0.0,0.0,,0,0,El Paso Locomotive
Robinson Moshobane,RSA,MF,29,8.8,1,12,5,41.7,1.37,0.57,0.08,0.2,,0,0,El Paso Locomotive
Brandan Craig,USA,DF,20,5.8,0,2,0,0.0,0.34,0.0,0.0,,,0,0,El Paso Locomotive
Noah Dollenmayer,USA,DF,24,7.0,0,2,0,0.0,0.29,0.0,0.0,,,0,0,El Paso Locomotive
Miles Lyons,USA,DF,21,6.2,0,2,1,50.0,0.32,0.16,0.0,0.0,,0,0,El Paso Locomotive
Joaquin Rivas,SLV,MF,32,4.6,1,6,4,66.7,1.31,0.87,0.17,0.25,,0,0,El Paso Locomotive
Francisco Nevarez,MEX,MF,23,3.9,1,5,2,40.0,1.3,0.52,0.2,0.5,,0,0,El Paso Locomotive
Nick Hinds,USA,DF,26,3.7,0,1,0,0.0,0.27,0.0,0.0,,,0,0,El Paso Locomotive
Arun Basuljevic,USA,MF,28,3.2,0,1,0,0.0,0.31,0.0,0.0,,,0,0,El Paso Locomotive
Javier Garcia,USA,GK,26,1.0,0,0,0,,0.0,0.0,,,,0,0,El Paso Locomotive
Ricardo Zacarias,USA,FW,28,1.6,0,4,3,75.0,2.57,1.93,0.0,0.0,,0,0,El Paso Locomotive
Jeremy Garay,SLV,MF,21,0.6,0,0,0,,0.0,0.0,,,,0,0,El Paso Locomotive
Diego Abarca,USA,MF,18,0.5,0,3,1,33.3,6.14,2.05,0.0,0.0,,0,0,El Paso Locomotive
Petar Petrović,SRB,MF,28,0.3,0,2,0,0.0,6.67,0.0,0.0,,,0,0,El Paso Locomotive
Gonzalo Pelúa,URU,MF,20,0.3,0,1,0,0.0,3.91,0.0,0.0,,,0,0,El Paso Locomotive
Yuma,ESP,DF,38,0.2,0,0,0,,0.0,0.0,,,,0,0,El Paso Locomotive
Mario Rodriguez,USA,FW,20,0.1,0,0,0,,0.0,0.0,,,,0,0,El Paso Locomotive
