Player,Nation,POS,Age,90s,SCA_SCA,SCA_SCA90,SCA Types_PassLive,SCA Types_PassDead,SCA Types_TO,SCA Types_Sh,SCA Types_Fld,SCA Types_Def,GCA_GCA,GCA_GCA90,GCA Types_PassLive,GCA Types_PassDead,GCA Types_TO,GCA Types_Sh,GCA Types_Fld,GCA Types_Def,Team
Drake Callender,USA,GK,26,21.0,0,0.0,0,0,0,0,0,0,0,0.0,0,0,0,0,0,0,Inter Miami
Julian Gressel,USA,MF,30,18.0,56,3.12,40,11,0,3,1,1,9,0.5,6,3,0,0,0,0,Inter Miami
Sergio Busquets,ESP,MF,35,19.6,35,1.79,32,1,0,0,0,2,7,0.36,6,1,0,0,0,0,Inter Miami
Tomás Avilés,ARG,DF,20,17.0,6,0.35,6,0,0,0,0,0,1,0.06,1,0,0,0,0,0,Inter Miami
Robert Taylor,FIN,FW,29,13.8,41,2.97,31,4,3,1,1,1,6,0.43,4,0,2,0,0,0,Inter Miami
Jordi Alba,ESP,DF,35,15.6,53,3.4,49,3,0,1,0,0,7,0.45,6,0,0,1,0,0,Inter Miami
Marcelo Weigandt,ARG,DF,24,13.4,19,1.42,14,1,2,1,0,1,0,0.0,0,0,0,0,0,0,Inter Miami
Luis Suárez,URU,FW,37,12.8,44,3.43,31,2,4,2,5,0,12,0.94,6,0,2,2,2,0,Inter Miami
Serhiy Kryvtsov,UKR,DF,33,12.0,2,0.17,2,0,0,0,0,0,0,0.0,0,0,0,0,0,0,Inter Miami
Lionel Messi,ARG,FW,37,11.5,74,6.43,45,7,10,4,7,1,20,1.74,16,1,2,1,0,0,Inter Miami
Leonardo Campana,ECU,FW,23,10.2,18,1.77,12,0,1,5,0,0,5,0.49,2,0,0,3,0,0,Inter Miami
David Ruiz,HON,MF,20,9.5,14,1.47,12,0,1,0,1,0,3,0.32,3,0,0,0,0,0,Inter Miami
Diego Gómez,PAR,MF,21,8.9,29,3.25,24,0,3,1,0,1,7,0.79,6,0,0,1,0,0,Inter Miami
Nicolás Freire,ARG,DF,30,8.2,4,0.49,4,0,0,0,0,0,0,0.0,0,0,0,0,0,0,Inter Miami
Ben Cremaschi,USA,MF,19,8.4,15,1.79,15,0,0,0,0,0,3,0.36,3,0,0,0,0,0,Inter Miami
Franco Negri,ARG,DF,29,5.8,11,1.9,10,0,0,0,1,0,2,0.35,2,0,0,0,0,0,Inter Miami
Matías Rojas,PAR,FW,28,5.5,15,2.74,11,2,1,0,1,0,3,0.55,2,0,1,0,0,0,Inter Miami
Noah Allen,USA,DF,20,5.4,3,0.55,3,0,0,0,0,0,0,0.0,0,0,0,0,0,0,Inter Miami
Federico Redondo,ARG,MF,21,4.3,12,2.77,12,0,0,0,0,0,2,0.46,2,0,0,0,0,0,Inter Miami
Yannick Bright,ITA,MF,22,5.3,9,1.69,9,0,0,0,0,0,2,0.38,2,0,0,0,0,0,Inter Miami
DeAndre Yedlin,USA,DF,30,3.0,0,0.0,0,0,0,0,0,0,0,0.0,0,0,0,0,0,0,Inter Miami
Lawson Sunderland,USA,MF,22,2.1,6,2.81,6,0,0,0,0,0,1,0.47,1,0,0,0,0,0,Inter Miami
Ryan Sailor,USA,DF,25,3.4,0,0.0,0,0,0,0,0,0,0,0.0,0,0,0,0,0,0,Inter Miami
Ian Fray,USA,DF,21,1.5,4,2.71,2,0,1,0,0,1,0,0.0,0,0,0,0,0,0,Inter Miami
Leonardo Afonso,BRA,FW,22,2.4,10,4.19,7,0,2,0,1,0,2,0.84,0,0,1,0,1,0,Inter Miami
Shanyder Borgelin,HAI,FW,22,1.5,2,1.31,0,0,0,2,0,0,0,0.0,0,0,0,0,0,0,Inter Miami
C.J. dos Santos,USA,GK,23,1.0,0,0.0,0,0,0,0,0,0,0,0.0,0,0,0,0,0,0,Inter Miami
Jose Casas de Abadal,USA,FW,24,0.3,0,0.0,0,0,0,0,0,0,0,0.0,0,0,0,0,0,0,Inter Miami
Jean Mota,BRA,MF,30,0.3,0,0.0,0,0,0,0,0,0,0,0.0,0,0,0,0,0,0,Inter Miami
Pavel Bucha,CZE,MF,26,20.7,45,2.18,37,0,3,4,1,0,8,0.39,7,0,0,1,0,0,FC Cincinnati
Luciano Acosta,ARG,MF,30,20.1,157,7.82,93,29,20,7,6,2,24,1.2,13,3,7,0,1,0,FC Cincinnati
Luca Orellano,ARG,DF,24,18.4,66,3.59,43,7,8,3,5,0,5,0.27,4,0,0,1,0,0,FC Cincinnati
Roman Celentano,USA,GK,23,17.0,1,0.06,1,0,0,0,0,0,0,0.0,0,0,0,0,0,0,FC Cincinnati
Obinna Nwobodo,NGA,MF,27,15.7,24,1.53,24,0,0,0,0,0,2,0.13,2,0,0,0,0,0,FC Cincinnati
Matt Miazga,USA,DF,28,15.7,11,0.7,10,0,0,1,0,0,0,0.0,0,0,0,0,0,0,FC Cincinnati
Ian Murphy,USA,DF,24,16.2,10,0.62,10,0,0,0,0,0,0,0.0,0,0,0,0,0,0,FC Cincinnati
Yuya Kubo,JPN,FW,30,15.5,42,2.71,35,0,1,2,3,1,3,0.19,2,0,0,0,1,0,FC Cincinnati
Miles Robinson,USA,DF,27,15.0,13,0.87,10,0,0,1,1,1,2,0.13,1,0,0,1,0,0,FC Cincinnati
DeAndre Yedlin,USA,DF,30,13.4,27,2.01,26,0,0,1,0,0,4,0.3,3,0,0,1,0,0,FC Cincinnati
Corey Baird,USA,FW,28,9.0,25,2.77,20,0,0,4,1,0,3,0.33,2,0,0,1,0,0,FC Cincinnati
Gerardo Valenzuela,USA,FW,20,7.8,17,2.19,10,1,1,0,4,1,4,0.52,4,0,0,0,0,0,FC Cincinnati
Kevin Kelsy,VEN,FW,19,7.4,14,1.88,11,0,2,0,1,0,1,0.13,1,0,0,0,0,0,FC Cincinnati
Kipp Keller,USA,DF,23,6.9,4,0.58,2,0,0,2,0,0,0,0.0,0,0,0,0,0,0,FC Cincinnati
Nick Hagglund,USA,DF,31,5.1,1,0.2,1,0,0,0,0,0,0,0.0,0,0,0,0,0,0,FC Cincinnati
Aaron Boupendza,GAB,FW,27,5.8,10,1.74,8,0,0,1,1,0,0,0.0,0,0,0,0,0,0,FC Cincinnati
Sergio Santos Gomes,BRA,FW,29,5.4,18,3.33,10,0,0,3,4,1,4,0.74,2,0,0,0,1,1,FC Cincinnati
Alvas Powell,JAM,DF,29,3.2,5,1.57,4,0,0,0,1,0,0,0.0,0,0,0,0,0,0,FC Cincinnati
Alec Kann,USA,GK,33,3.0,0,0.0,0,0,0,0,0,0,0,0.0,0,0,0,0,0,0,FC Cincinnati
Bret Halsey,USA,DF,24,3.8,15,3.99,15,0,0,0,0,0,1,0.27,1,0,0,0,0,0,FC Cincinnati
Yamil Asad,ARG,DF,29,3.0,17,5.69,14,1,1,1,0,0,2,0.67,2,0,0,0,0,0,FC Cincinnati
Malik Pinto,USA,MF,21,1.7,2,1.18,2,0,0,0,0,0,0,0.0,0,0,0,0,0,0,FC Cincinnati
Evan Louro,USA,GK,28,1.0,0,0.0,0,0,0,0,0,0,0,0.0,0,0,0,0,0,0,FC Cincinnati
Isaiah Foster,USA,DF,20,0.0,0,0.0,0,0,0,0,0,0,0,0.0,0,0,0,0,0,0,FC Cincinnati
Stiven Jimenez,USA,MF,17,0.0,0,0.0,0,0,0,0,0,0,0,0.0,0,0,0,0,0,0,FC Cincinnati
Matt Freese,USA,GK,25,21.0,5,0.24,5,0,0,0,0,0,0,0.0,0,0,0,0,0,0,New York City FC
Santiago Rodríguez,URU,MF,24,20.2,105,5.21,74,8,12,4,6,1,14,0.69,7,0,4,0,3,0,New York City FC
Birk Risa,NOR,DF,26,18.6,8,0.43,5,1,0,1,0,1,0,0.0,0,0,0,0,0,0,New York City FC
Thiago Martins,BRA,DF,29,19.0,11,0.58,8,0,0,2,0,1,2,0.11,1,0,0,1,0,0,New York City FC
Kevin O'Toole,USA,DF,25,18.5,26,1.4,21,1,2,2,0,0,0,0.0,0,0,0,0,0,0,New York City FC
Hannes Wolf,AUT,FW,25,16.8,70,4.16,54,2,7,3,3,1,10,0.59,6,0,2,1,0,1,New York City FC
James Sands,USA,MF,23,17.9,22,1.23,18,0,0,0,1,3,2,0.11,2,0,0,0,0,0,New York City FC
Keaton Parks,USA,MF,26,16.6,43,2.58,37,0,1,3,1,1,2,0.12,2,0,0,0,0,0,New York City FC
Monsef Bakrar,ALG,FW,23,11.8,31,2.63,15,0,7,4,2,3,4,0.34,1,0,2,0,1,0,New York City FC
Mitja Ilenič,SVN,DF,19,10.8,17,1.58,12,4,0,1,0,0,0,0.0,0,0,0,0,0,0,New York City FC
Tayvon Gray,JAM,DF,21,10.9,27,2.47,23,2,1,0,0,1,4,0.37,4,0,0,0,0,0,New York City FC
Agustin Ojeda,ARG,FW,20,7.8,23,2.93,20,0,1,1,1,0,1,0.13,1,0,0,0,0,0,New York City FC
Andrés Perea,USA,MF,23,9.2,29,3.14,23,0,2,2,1,1,2,0.22,2,0,0,0,0,0,New York City FC
Alonso Martínez,CRC,FW,25,7.2,16,2.22,13,0,0,3,0,0,2,0.28,2,0,0,0,0,0,New York City FC
Julián Fernández,ARG,FW,20,5.7,21,3.67,14,3,2,2,0,0,2,0.35,1,1,0,0,0,0,New York City FC
Malachi Jones,SLE,FW,20,5.4,17,3.14,14,0,1,0,0,2,3,0.55,3,0,0,0,0,0,New York City FC
Strahinja Tanasijević,SRB,DF,27,5.0,1,0.2,0,0,0,0,0,1,0,0.0,0,0,0,0,0,0,New York City FC
Jovan Mijatović,SRB,FW,18,2.4,5,2.11,2,0,1,1,1,0,0,0.0,0,0,0,0,0,0,New York City FC
Maximiliano Moralez,ARG,MF,37,2.2,20,9.05,16,1,1,0,2,0,3,1.36,3,0,0,0,0,0,New York City FC
Andres Jasson,USA,MF,22,1.7,4,2.29,3,0,0,0,1,0,0,0.0,0,0,0,0,0,0,New York City FC
Justin Haak,USA,DF,22,1.0,1,1.01,1,0,0,0,0,0,1,1.01,1,0,0,0,0,0,New York City FC
Christian McFarlane, ENG,DF,17,0.2,2,10.59,2,0,0,0,0,0,0,0.0,0,0,0,0,0,0,New York City FC
Talles Magno,BRA,MF,22,0.1,0,0.0,0,0,0,0,0,0,0,0.0,0,0,0,0,0,0,New York City FC
Diego Rossi,URU,MF,26,17.1,63,3.68,40,16,2,4,1,0,9,0.53,5,2,0,2,0,0,Columbus Crew
Patrick Schulte,USA,GK,23,17.0,4,0.24,2,2,0,0,0,0,0,0.0,0,0,0,0,0,0,Columbus Crew
Darlington Nagbe,USA,MF,33,15.7,28,1.78,25,0,0,1,2,0,3,0.19,3,0,0,0,0,0,Columbus Crew
Malte Amundsen,DEN,DF,26,15.0,26,1.73,22,3,0,1,0,0,4,0.27,4,0,0,0,0,0,Columbus Crew
Aidan Morris,USA,MF,22,14.2,43,3.04,35,2,0,3,1,2,8,0.57,6,0,0,0,1,1,Columbus Crew
Rudy Camacho,FRA,DF,33,14.0,11,0.78,6,1,0,3,0,1,0,0.0,0,0,0,0,0,0,Columbus Crew
Steven Moreira,CPV,DF,29,14.5,31,2.14,29,0,0,1,0,1,3,0.21,3,0,0,0,0,0,Columbus Crew
Cucho,COL,FW,25,12.7,62,4.89,51,0,3,4,1,3,7,0.55,5,0,1,1,0,0,Columbus Crew
Sean Zawadzki,USA,MF,24,12.6,27,2.16,19,0,0,2,2,4,4,0.32,1,0,0,2,0,1,Columbus Crew
Mohamed Farsi,CAN,DF,24,11.6,31,2.68,27,0,1,0,3,0,4,0.35,2,0,0,0,2,0,Columbus Crew
Maximilian Arfsten,USA,DF,23,10.5,28,2.66,19,1,6,1,0,1,5,0.47,4,0,0,1,0,0,Columbus Crew
Yaw Yeboah,GHA,DF,27,10.4,38,3.66,28,2,3,0,5,0,9,0.87,8,0,1,0,0,0,Columbus Crew
Yevhen Cheberko,UKR,DF,26,9.2,8,0.87,7,0,0,1,0,0,1,0.11,1,0,0,0,0,0,Columbus Crew
Jacen Russell-Rowe,CAN,FW,21,8.0,24,3.01,21,0,1,0,1,1,0,0.0,0,0,0,0,0,0,Columbus Crew
Christian Ramirez,USA,FW,33,7.1,25,3.51,22,0,0,1,1,1,5,0.7,4,0,0,1,0,0,Columbus Crew
Alexandru Mățan,ROU,MF,24,6.4,17,2.64,13,2,0,1,1,0,1,0.16,0,0,0,1,0,0,Columbus Crew
Marino Hinestroza,COL,MF,21,3.8,9,2.35,6,0,3,0,0,0,0,0.0,0,0,0,0,0,0,Columbus Crew
William Sands,USA,DF,23,2.8,4,1.41,4,0,0,0,0,0,0,0.0,0,0,0,0,0,0,Columbus Crew
Evan Bush,USA,GK,38,1.4,0,0.0,0,0,0,0,0,0,0,0.0,0,0,0,0,0,0,Columbus Crew
Derrick Jones,USA,MF,27,1.7,1,0.59,0,0,1,0,0,0,0,0.0,0,0,0,0,0,0,Columbus Crew
Philip Quinton,USA,DF,24,1.0,1,1.0,1,0,0,0,0,0,0,0.0,0,0,0,0,0,0,Columbus Crew
Taha Habroune,USA,MF,18,0.8,3,3.7,3,0,0,0,0,0,0,0.0,0,0,0,0,0,0,Columbus Crew
Nicholas Hagen,GUA,GK,27,0.6,0,0.0,0,0,0,0,0,0,0,0.0,0,0,0,0,0,0,Columbus Crew
Cole Mrowka,USA,MF,18,0.0,0,0.0,0,0,0,0,0,0,0,0.0,0,0,0,0,0,0,Columbus Crew
Frankie Amaya,USA,MF,23,17.9,40,2.24,33,1,1,0,3,2,4,0.22,3,0,0,0,0,1,New York Red Bulls
Sean Nealis,USA,DF,27,17.7,15,0.85,10,0,0,3,2,0,4,0.23,2,0,0,1,1,0,New York Red Bulls
John Tolkin,USA,DF,21,16.6,54,3.26,29,17,1,4,3,0,2,0.12,1,0,0,0,1,0,New York Red Bulls
Dante Vanzeir,BEL,FW,26,14.0,42,2.99,32,0,4,5,1,0,11,0.78,10,0,1,0,0,0,New York Red Bulls
Dylan Nealis,USA,DF,25,16.2,43,2.66,34,3,1,2,2,1,5,0.31,4,0,0,1,0,0,New York Red Bulls
Noah Eile,SWE,DF,21,15.9,16,1.01,14,0,0,0,1,1,2,0.13,2,0,0,0,0,0,New York Red Bulls
Daniel Edelman,USA,MF,21,15.8,36,2.27,33,0,0,0,2,1,2,0.13,2,0,0,0,0,0,New York Red Bulls
Carlos Coronel,PAR,GK,27,15.0,2,0.13,1,1,0,0,0,0,1,0.07,1,0,0,0,0,0,New York Red Bulls
Wikelman Carmona,VEN,MF,21,14.4,48,3.33,38,3,3,2,1,1,3,0.21,2,0,0,1,0,0,New York Red Bulls
Lewis Morgan, SCO,FW,27,14.9,48,3.22,34,1,3,5,4,1,9,0.6,6,0,0,0,3,0,New York Red Bulls
Emil Forsberg,SWE,MF,32,12.7,61,4.82,42,4,4,4,7,0,5,0.4,4,0,0,0,1,0,New York Red Bulls
Elias Manoel,BRA,FW,22,11.3,26,2.31,18,0,2,4,2,0,3,0.27,3,0,0,0,0,0,New York Red Bulls
Kyle Duncan,USA,DF,26,9.8,13,1.33,11,1,0,1,0,0,1,0.1,1,0,0,0,0,0,New York Red Bulls
Andrés Reyes,COL,DF,24,7.4,7,0.94,5,0,2,0,0,0,3,0.4,1,0,2,0,0,0,New York Red Bulls
Peter Stroud,USA,MF,22,6.7,12,1.8,9,0,0,1,1,1,0,0.0,0,0,0,0,0,0,New York Red Bulls
Cameron Harper,USA,MF,22,7.0,25,3.58,13,0,5,3,3,1,4,0.57,2,0,2,0,0,0,New York Red Bulls
Ryan Meara,USA,GK,33,6.0,0,0.0,0,0,0,0,0,0,0,0.0,0,0,0,0,0,0,New York Red Bulls
Dennis Gjengaar,NOR,MF,20,5.8,11,1.9,10,0,0,0,0,1,0,0.0,0,0,0,0,0,0,New York Red Bulls
Ronald Donkor,MLI,MF,19,1.5,3,1.94,3,0,0,0,0,0,1,0.65,1,0,0,0,0,0,New York Red Bulls
Cory Burke,JAM,FW,32,2.1,6,2.87,3,0,2,0,0,1,1,0.48,1,0,0,0,0,0,New York Red Bulls
Julian Hall,USA,FW,16,0.9,3,3.42,3,0,0,0,0,0,0,0.0,0,0,0,0,0,0,New York Red Bulls
Mohammed Sofo,GHA,MF,19,0.3,0,0.0,0,0,0,0,0,0,0,0.0,0,0,0,0,0,0,New York Red Bulls
Roald Mitchell,USA,FW,21,0.2,0,0.0,0,0,0,0,0,0,0,0.0,0,0,0,0,0,0,New York Red Bulls
Aidan O'Connor,USA,DF,22,0.2,0,0.0,0,0,0,0,0,0,0,0.0,0,0,0,0,0,0,New York Red Bulls
Serge Ngoma,USA,MF,18,0.2,0,0.0,0,0,0,0,0,0,0,0.0,0,0,0,0,0,0,New York Red Bulls
Omar Valencia,PAN,MF,20,0.0,0,0.0,0,0,0,0,0,0,0,0.0,0,0,0,0,0,0,New York Red Bulls
Federico Bernardeschi,ITA,DF,30,18.9,102,5.4,65,12,13,7,4,1,11,0.58,7,0,1,2,0,1,Toronto FC
Deybi Flores,HON,MF,28,18.0,24,1.34,20,0,0,2,0,2,2,0.11,2,0,0,0,0,0,Toronto FC
Nicksoen Gomis,FRA,DF,22,16.9,12,0.71,12,0,0,0,0,0,0,0.0,0,0,0,0,0,0,Toronto FC
Kevin Long,IRL,DF,33,16.3,10,0.61,10,0,0,0,0,0,1,0.06,1,0,0,0,0,0,Toronto FC
Matthew Longstaff, ENG,MF,24,15.1,42,2.79,36,0,1,3,1,1,4,0.27,3,0,0,1,0,0,Toronto FC
Raoul Petretta,ITA,DF,27,13.6,23,1.69,19,1,0,2,1,0,3,0.22,3,0,0,0,0,0,Toronto FC
Alonso Coello,ESP,MF,24,13.0,38,2.93,35,0,1,1,0,1,7,0.54,6,0,0,1,0,0,Toronto FC
Prince Osei Owusu,GER,FW,27,13.6,26,1.91,17,1,1,3,4,0,2,0.15,1,0,0,0,1,0,Toronto FC
Sigurd Rosted,NOR,DF,29,13.7,5,0.36,4,0,0,1,0,0,0,0.0,0,0,0,0,0,0,Toronto FC
Jonathan Osorio,CAN,MF,32,13.1,51,3.9,44,2,1,0,3,1,3,0.23,3,0,0,0,0,0,Toronto FC
Sean Johnson,USA,GK,35,13.0,0,0.0,0,0,0,0,0,0,0,0.0,0,0,0,0,0,0,Toronto FC
Lorenzo Insigne,ITA,MF,33,10.1,61,6.08,50,6,3,1,0,1,7,0.7,6,1,0,0,0,0,Toronto FC
Derrick Etienne,HAI,MF,27,9.9,22,2.22,19,0,0,2,1,0,0,0.0,0,0,0,0,0,0,Toronto FC
Tyrese Spicer,,DF,,9.4,13,1.39,10,0,2,0,1,0,2,0.21,2,0,0,0,0,0,Toronto FC
Luka Gavran,CAN,GK,24,9.0,0,0.0,0,0,0,0,0,0,0,0.0,0,0,0,0,0,0,Toronto FC
Jahkeele Marshall-Rutty,CAN,DF,20,9.3,16,1.72,11,0,2,2,1,0,4,0.43,2,0,1,1,0,0,Toronto FC
Deandre Kerr,CAN,FW,21,6.1,8,1.31,4,0,1,2,1,0,1,0.16,1,0,0,0,0,0,Toronto FC
Shane O'Neill,USA,DF,30,5.9,6,1.01,5,1,0,0,0,0,0,0.0,0,0,0,0,0,0,Toronto FC
Kosi Thompson,CAN,MF,21,6.5,12,1.85,11,0,0,0,0,1,2,0.31,2,0,0,0,0,0,Toronto FC
Kobe Franklin,CAN,DF,21,4.9,11,2.24,10,1,0,0,0,0,1,0.2,1,0,0,0,0,0,Toronto FC
Aimé Mabika,ZAM,DF,25,3.6,3,0.83,3,0,0,0,0,0,0,0.0,0,0,0,0,0,0,Toronto FC
Richie Laryea,CAN,DF,29,0.9,1,1.14,0,0,0,0,1,0,0,0.0,0,0,0,0,0,0,Toronto FC
Ayo Akinola,CAN,FW,24,1.0,1,1.03,1,0,0,0,0,0,0,0.0,0,0,0,0,0,0,Toronto FC
Cassius Mailula,RSA,MF,23,0.2,1,4.74,0,0,1,0,0,0,0,0.0,0,0,0,0,0,0,Toronto FC
Charles Sharp,USA,FW,23,0.2,0,0.0,0,0,0,0,0,0,0,0.0,0,0,0,0,0,0,Toronto FC
Kristijan Kahlina,CRO,GK,31,22.0,5,0.23,5,0,0,0,0,0,0,0.0,0,0,0,0,0,0,Charlotte FC
Andrew Privett,USA,DF,23,22.0,13,0.59,11,0,0,1,0,1,2,0.09,2,0,0,0,0,0,Charlotte FC
Ashley Westwood, ENG,MF,34,21.0,60,2.86,46,11,0,0,2,1,3,0.14,3,0,0,0,0,0,Charlotte FC
Kerwin Vargas,COL,FW,22,19.4,45,2.32,32,2,4,3,3,1,2,0.1,2,0,0,0,0,0,Charlotte FC
Adilson Malanda,FRA,DF,22,20.0,10,0.5,8,0,0,0,0,2,1,0.05,0,0,0,0,0,1,Charlotte FC
Nathan Byrne, ENG,DF,32,19.0,27,1.42,26,0,1,0,0,0,2,0.11,2,0,0,0,0,0,Charlotte FC
Jere Uronen,FIN,DF,29,16.8,35,2.08,20,13,0,0,2,0,5,0.3,4,1,0,0,0,0,Charlotte FC
Patrick Agyemang,USA,FW,23,15.7,45,2.86,22,0,11,2,8,2,9,0.57,4,0,3,0,1,1,Charlotte FC
Djibril Diani,FRA,MF,26,13.9,33,2.38,24,0,3,1,2,3,3,0.22,2,0,0,0,1,0,Charlotte FC
Liel Abada,ISR,FW,22,10.1,27,2.66,22,2,1,1,1,0,2,0.2,2,0,0,0,0,0,Charlotte FC
Brecht Dejaegere,BEL,MF,33,9.6,21,2.18,18,1,1,0,1,0,1,0.1,1,0,0,0,0,0,Charlotte FC
Brandt Bronico,USA,MF,29,8.9,12,1.35,10,0,2,0,0,0,1,0.11,1,0,0,0,0,0,Charlotte FC
Iuri Tavares,CPV,FW,23,7.1,17,2.38,10,0,4,1,2,0,1,0.14,0,0,0,1,0,0,Charlotte FC
Júnior Urso,BRA,MF,35,6.6,8,1.21,8,0,0,0,0,0,1,0.15,1,0,0,0,0,0,Charlotte FC
Enzo Copetti,ARG,FW,28,5.5,15,2.73,10,0,3,1,0,1,1,0.18,0,0,1,0,0,0,Charlotte FC
Nikola Petković,SRB,MF,21,5.3,14,2.64,12,0,1,1,0,0,1,0.19,0,0,1,0,0,0,Charlotte FC
João Pedro,BRA,DF,21,4.9,8,1.64,6,1,0,0,1,0,0,0.0,0,0,0,0,0,0,Charlotte FC
Scott Arfield,CAN,MF,35,4.2,13,3.08,11,0,1,0,0,1,1,0.24,1,0,0,0,0,0,Charlotte FC
Jaylin Lindsey,USA,DF,24,3.3,6,1.82,5,0,0,0,1,0,1,0.3,1,0,0,0,0,0,Charlotte FC
Bill Tuiloma,NZL,DF,29,2.0,0,0.0,0,0,0,0,0,0,0,0.0,0,0,0,0,0,0,Charlotte FC
Ben Bender,USA,MF,23,1.7,4,2.34,4,0,0,0,0,0,1,0.58,1,0,0,0,0,0,Charlotte FC
Tyger Smalls,,FW,,2.1,9,4.22,7,0,1,0,1,0,0,0.0,0,0,0,0,0,0,Charlotte FC
Nimfasha Berchimas,USA,FW,16,0.3,0,0.0,0,0,0,0,0,0,0,0.0,0,0,0,0,0,0,Charlotte FC
Kai Wagner,GER,DF,27,19.5,100,5.13,44,51,0,3,2,0,8,0.41,2,5,0,1,0,0,Philadelphia Union
Nathan Harriel,USA,DF,23,18.9,51,2.7,39,1,1,4,5,1,4,0.21,3,0,0,0,1,0,Philadelphia Union
Jakob Glesnes,NOR,DF,30,18.4,25,1.36,19,1,1,3,1,0,3,0.16,1,1,0,1,0,0,Philadelphia Union
Quinn Sullivan,USA,MF,20,18.1,58,3.21,45,1,5,6,0,1,8,0.44,7,0,0,1,0,0,Philadelphia Union
Jack McGlynn,USA,MF,20,18.2,81,4.45,61,14,0,1,3,2,6,0.33,4,2,0,0,0,0,Philadelphia Union
Jack Elliott, ENG,DF,28,15.3,9,0.59,7,0,0,2,0,0,1,0.07,0,0,0,1,0,0,Philadelphia Union
Dániel Gazdag,HUN,MF,28,15.8,53,3.36,43,1,0,5,2,2,3,0.19,2,0,0,0,1,0,Philadelphia Union
Oliver Semmle,GER,GK,26,15.6,3,0.19,2,1,0,0,0,0,0,0.0,0,0,0,0,0,0,Philadelphia Union
Mikael Uhre,DEN,FW,29,13.3,29,2.19,20,0,0,4,5,0,5,0.38,3,0,0,2,0,0,Philadelphia Union
Julián Carranza,ARG,FW,24,11.9,33,2.77,19,0,2,6,5,1,3,0.25,1,0,0,0,2,0,Philadelphia Union
Leon Flach,USA,MF,23,9.9,14,1.41,9,0,0,2,2,1,2,0.2,1,0,0,1,0,0,Philadelphia Union
José Andrés Martínez,VEN,MF,29,9.3,22,2.36,19,0,0,1,1,1,3,0.32,2,0,0,0,0,1,Philadelphia Union
Damion Lowe,JAM,DF,31,8.0,10,1.24,8,0,0,0,0,2,0,0.0,0,0,0,0,0,0,Philadelphia Union
Alejandro Bedoya,USA,MF,37,10.4,33,3.17,30,1,1,1,0,0,4,0.38,4,0,0,0,0,0,Philadelphia Union
Jesús Daniel Bueno,VEN,MF,25,5.7,8,1.39,3,2,0,0,1,2,0,0.0,0,0,0,0,0,0,Philadelphia Union
Olivier Mbaizo,CMR,DF,26,5.6,15,2.68,13,1,1,0,0,0,2,0.36,2,0,0,0,0,0,Philadelphia Union
Andre Blake,JAM,GK,33,3.4,0,0.0,0,0,0,0,0,0,0,0.0,0,0,0,0,0,0,Philadelphia Union
Jeremy Rafanello,USA,MF,24,3.3,9,2.7,8,0,0,1,0,0,2,0.6,1,0,0,1,0,0,Philadelphia Union
Christopher Donovan,USA,FW,23,3.5,10,2.84,8,0,2,0,0,0,1,0.28,1,0,0,0,0,0,Philadelphia Union
Thai Baribo,ISR,FW,26,3.1,8,2.57,6,0,0,1,0,1,0,0.0,0,0,0,0,0,0,Philadelphia Union
Andrew Rick,USA,GK,18,2.0,0,0.0,0,0,0,0,0,0,0,0.0,0,0,0,0,0,0,Philadelphia Union
Markus Anderson,USA,MF,20,1.1,4,3.67,2,0,0,1,1,0,1,0.92,0,0,0,1,0,0,Philadelphia Union
Christopher Olney,USA,MF,17,0.2,0,0.0,0,0,0,0,0,0,0,0.0,0,0,0,0,0,0,Philadelphia Union
Lucas Bartlett,USA,DF,26,21.6,20,0.93,14,1,0,4,1,0,2,0.09,2,0,0,0,0,0,DC United
Mateusz Klich,POL,MF,34,20.4,111,5.44,65,39,1,2,2,2,10,0.49,7,3,0,0,0,0,DC United
Jared Stroud,USA,FW,27,18.3,46,2.52,36,0,3,4,3,0,9,0.49,7,0,0,1,1,0,DC United
Aaron Herrera,GUA,DF,27,19.0,69,3.63,48,6,5,7,1,2,7,0.37,5,1,0,1,0,0,DC United
Alex Bono,USA,GK,30,18.0,6,0.33,4,2,0,0,0,0,0,0.0,0,0,0,0,0,0,DC United
Christian Benteke,BEL,FW,33,17.2,49,2.85,33,1,3,11,1,0,4,0.23,2,0,0,1,1,0,DC United
Cristián Dajome,COL,FW,30,15.7,39,2.48,27,1,2,5,4,0,2,0.13,2,0,0,0,0,0,DC United
Matti Peltola,FIN,MF,22,16.5,21,1.28,18,0,1,2,0,0,0,0.0,0,0,0,0,0,0,DC United
Christopher McVey,SWE,DF,27,14.6,11,0.75,9,0,0,1,0,1,1,0.07,1,0,0,0,0,0,DC United
Theodore Ku-Dipietro,USA,MF,22,13.1,32,2.45,24,0,3,2,3,0,2,0.15,1,0,0,0,1,0,DC United
Jackson Hopkins,USA,MF,20,10.4,17,1.64,13,0,0,2,1,1,2,0.19,1,0,0,1,0,0,DC United
Pedro Santos,POR,DF,36,10.8,38,3.51,21,12,2,2,1,0,4,0.37,2,2,0,0,0,0,DC United
Gabriel Pirani,BRA,MF,22,8.6,31,3.62,22,1,3,4,1,0,4,0.47,2,0,1,1,0,0,DC United
Jacob Murrell,USA,FW,20,7.8,16,2.06,13,2,0,1,0,0,2,0.26,2,0,0,0,0,0,DC United
Conner Antley,USA,DF,29,4.8,5,1.04,3,1,0,1,0,0,1,0.21,1,0,0,0,0,0,DC United
Tyler Miller,USA,GK,31,4.0,3,0.75,2,1,0,0,0,0,0,0.0,0,0,0,0,0,0,DC United
Garrison Tubbs,USA,DF,22,3.9,1,0.25,0,0,0,0,1,0,1,0.25,0,0,0,0,1,0,DC United
Steve Birnbaum,USA,DF,33,3.8,4,1.04,3,0,1,0,0,0,1,0.26,1,0,0,0,0,0,DC United
Martín Rodríguez,CHI,MF,29,5.1,16,3.15,13,2,0,0,0,1,1,0.2,0,0,0,0,0,1,DC United
Matai Akinmboni,USA,DF,17,4.0,2,0.49,2,0,0,0,0,0,0,0.0,0,0,0,0,0,0,DC United
Kristian Fletcher,USA,FW,18,2.7,8,2.91,6,0,2,0,0,0,0,0.0,0,0,0,0,0,0,DC United
Jeremy Garay,SLV,FW,21,0.0,0,0.0,0,0,0,0,0,0,0,0.0,0,0,0,0,0,0,DC United
Mohanad Jeahze,IRQ,MF,27,0.0,0,0.0,0,0,0,0,0,0,0,0.0,0,0,0,0,0,0,DC United
Iván Angulo,COL,MF,25,19.1,53,2.77,43,0,4,1,3,2,6,0.31,4,0,0,1,1,0,Orlando City
Dagur Dan Þórhallsson,ISL,DF,24,17.0,34,2.0,21,3,4,4,2,0,4,0.24,2,0,2,0,0,0,Orlando City
Facundo Torres,URU,FW,24,17.5,61,3.48,50,1,5,1,3,1,4,0.23,4,0,0,0,0,0,Orlando City
Robin Jansson,SWE,DF,32,16.7,9,0.54,8,0,0,1,0,0,2,0.12,1,0,0,1,0,0,Orlando City
Pedro Gallese,PER,GK,34,16.0,1,0.06,1,0,0,0,0,0,0,0.0,0,0,0,0,0,0,Orlando City
César Araujo,URU,MF,23,15.6,20,1.28,16,0,1,1,2,0,0,0.0,0,0,0,0,0,0,Orlando City
Duncan McGuire,USA,FW,23,14.1,26,1.85,17,0,2,3,3,1,3,0.21,2,0,0,1,0,0,Orlando City
Nicolás Lodeiro,URU,MF,35,15.7,74,4.7,48,18,1,7,0,0,11,0.7,7,2,0,2,0,0,Orlando City
Rodrigo Schlegel,ARG,DF,27,14.1,14,0.99,7,3,0,2,1,1,0,0.0,0,0,0,0,0,0,Orlando City
Luis Muriel,COL,FW,33,13.7,63,4.59,47,1,4,5,3,3,6,0.44,4,0,0,1,1,0,Orlando City
Wilder Cartagena,PER,DF,29,12.6,13,1.03,11,0,0,1,0,1,0,0.0,0,0,0,0,0,0,Orlando City
Rafael Santos,BRA,DF,26,12.5,26,2.08,23,1,0,0,1,1,1,0.08,1,0,0,0,0,0,Orlando City
Martín Ojeda,ARG,MF,25,12.2,51,4.18,32,15,2,1,0,1,6,0.49,4,0,1,1,0,0,Orlando City
David Brekalo,SVN,DF,25,10.7,6,0.56,5,0,0,1,0,0,0,0.0,0,0,0,0,0,0,Orlando City
Kyle Smith,USA,DF,32,7.0,15,2.13,14,0,0,0,1,0,1,0.14,1,0,0,0,0,0,Orlando City
Mason Stajduhar,USA,GK,26,4.3,0,0.0,0,0,0,0,0,0,0,0.0,0,0,0,0,0,0,Orlando City
Felipe,BRA,MF,33,2.9,4,1.36,4,0,0,0,0,0,0,0.0,0,0,0,0,0,0,Orlando City
Jack Lynn,USA,FW,24,2.8,1,0.36,1,0,0,0,0,0,0,0.0,0,0,0,0,0,0,Orlando City
Ramiro Enrique,ARG,FW,23,2.7,8,2.96,6,0,1,0,1,0,0,0.0,0,0,0,0,0,0,Orlando City
Jeorgio Kocevski,USA,MF,21,1.0,2,1.94,2,0,0,0,0,0,0,0.0,0,0,0,0,0,0,Orlando City
Michael Halliday,USA,DF,21,1.0,0,0.0,0,0,0,0,0,0,0,0.0,0,0,0,0,0,0,Orlando City
Javier Otero,VEN,GK,21,0.7,0,0.0,0,0,0,0,0,0,0,0.0,0,0,0,0,0,0,Orlando City
Shakur Mohammed,GHA,MF,20,0.1,1,18.0,0,0,0,0,1,0,0,0.0,0,0,0,0,0,0,Orlando City
Alexander Freeman,USA,MF,19,0.0,0,0.0,0,0,0,0,0,0,0,0.0,0,0,0,0,0,0,Orlando City
Yutaro Tsukada,JPN,FW,22,0.0,0,0.0,0,0,0,0,0,0,0,0.0,0,0,0,0,0,0,Orlando City
Jack Maher,USA,DF,24,19.0,7,0.37,6,0,0,0,0,1,1,0.05,1,0,0,0,0,0,Nashville SC
Hany Mukhtar,GER,MF,29,17.9,75,4.19,34,20,5,7,8,1,13,0.73,6,2,2,2,1,0,Nashville SC
Dru Yearwood, ENG,MF,24,15.0,23,1.54,18,0,4,0,1,0,6,0.4,4,0,1,0,1,0,Nashville SC
Joe Willis,USA,GK,35,17.2,2,0.12,2,0,0,0,0,0,0,0.0,0,0,0,0,0,0,Nashville SC
Sam Surridge, ENG,FW,25,15.5,35,2.25,27,0,2,4,2,0,2,0.13,1,0,1,0,0,0,Nashville SC
Alex Muyl,USA,DF,28,15.4,29,1.88,22,1,3,3,0,0,0,0.0,0,0,0,0,0,0,Nashville SC
Daniel Lovitz,USA,DF,32,14.5,37,2.55,28,8,0,0,1,0,2,0.14,2,0,0,0,0,0,Nashville SC
Sean Davis,USA,MF,31,11.7,14,1.19,13,1,0,0,0,0,1,0.09,1,0,0,0,0,0,Nashville SC
Josh Bauer,USA,DF,25,13.1,6,0.46,5,0,0,1,0,0,1,0.08,1,0,0,0,0,0,Nashville SC
Walker Zimmerman,USA,DF,31,11.6,14,1.2,10,1,0,0,2,1,2,0.17,1,0,0,0,1,0,Nashville SC
Tyler Boyd,USA,FW,29,11.3,32,2.84,24,0,1,3,3,1,6,0.53,4,0,0,0,1,1,Nashville SC
Aníbal Godoy,PAN,MF,34,10.6,24,2.26,20,0,0,2,1,1,2,0.19,2,0,0,0,0,0,Nashville SC
Jacob Shaffelburg,CAN,DF,24,10.0,16,1.61,10,0,1,2,2,1,2,0.2,2,0,0,0,0,0,Nashville SC
Shaquell Moore,USA,DF,27,8.0,14,1.74,8,1,2,3,0,0,2,0.25,1,0,0,1,0,0,Nashville SC
Brian Anunga,CMR,MF,27,8.6,10,1.16,8,0,1,0,0,1,0,0.0,0,0,0,0,0,0,Nashville SC
Teal Bunbury,USA,FW,34,7.5,9,1.2,8,0,0,1,0,0,0,0.0,0,0,0,0,0,0,Nashville SC
Taylor Washington,USA,DF,30,5.4,7,1.29,6,0,0,0,0,1,1,0.18,1,0,0,0,0,0,Nashville SC
Lukas MacNaughton,CAN,DF,29,4.6,5,1.1,2,1,0,2,0,0,0,0.0,0,0,0,0,0,0,Nashville SC
Brent Kallman,USA,DF,33,4.6,0,0.0,0,0,0,0,0,0,0,0.0,0,0,0,0,0,0,Nashville SC
Elliot Panicco,USA,GK,27,3.8,0,0.0,0,0,0,0,0,0,0,0.0,0,0,0,0,0,0,Nashville SC
Amar Sejdic,USA,MF,27,2.5,9,3.65,7,1,0,1,0,0,0,0.0,0,0,0,0,0,0,Nashville SC
McKinze Gaines,USA,MF,26,1.4,5,3.6,4,0,0,0,1,0,1,0.72,1,0,0,0,0,0,Nashville SC
Forster Ajago,GHA,FW,22,1.3,4,2.98,3,0,1,0,0,0,0,0.0,0,0,0,0,0,0,Nashville SC
Randall Leal,CRC,MF,27,0.1,0,0.0,0,0,0,0,0,0,0,0.0,0,0,0,0,0,0,Nashville SC
Joseph Skinner,USA,FW,21,0.0,0,0.0,0,0,0,0,0,0,0,0.0,0,0,0,0,0,0,Nashville SC
Brooks Lennon,USA,DF,26,21.0,70,3.34,42,25,1,1,1,0,5,0.24,5,0,0,0,0,0,Atlanta United
Caleb Wiley,USA,DF,19,19.9,49,2.46,44,2,0,1,2,0,2,0.1,2,0,0,0,0,0,Atlanta United
Tristan Muyumba,,MF,27,18.2,44,2.41,32,1,4,4,2,1,2,0.11,2,0,0,0,0,0,Atlanta United
Brad Guzan,USA,GK,39,18.7,2,0.11,1,1,0,0,0,0,1,0.05,1,0,0,0,0,0,Atlanta United
Thiago Almada,ARG,MF,23,15.5,122,7.89,86,18,9,5,4,0,12,0.78,8,0,1,3,0,0,Atlanta United
Saba Lobzhanidze,GEO,FW,29,14.8,47,3.17,36,1,4,5,1,0,5,0.34,5,0,0,0,0,0,Atlanta United
Bartosz Slisz,POL,MF,25,13.9,28,2.01,25,0,0,2,1,0,1,0.07,1,0,0,0,0,0,Atlanta United
Noah Cobb,USA,DF,18,12.5,5,0.4,5,0,0,0,0,0,0,0.0,0,0,0,0,0,0,Atlanta United
Derrick Williams,IRL,DF,31,12.5,13,1.04,9,1,0,3,0,0,0,0.0,0,0,0,0,0,0,Atlanta United
Xande Silva,POR,FW,27,10.8,38,3.52,31,0,4,2,1,0,2,0.19,2,0,0,0,0,0,Atlanta United
Luis Abram,PER,DF,28,10.5,11,1.05,10,0,0,0,0,1,0,0.0,0,0,0,0,0,0,Atlanta United
Stian Rode Gregersen,NOR,DF,29,9.1,8,0.88,5,0,0,1,1,1,0,0.0,0,0,0,0,0,0,Atlanta United
Daniel Armando Ríos,MEX,FW,29,8.1,24,2.95,18,0,1,2,3,0,3,0.37,2,0,0,1,0,0,Atlanta United
Giorgos Giakoumakis,GRE,FW,29,8.0,16,2.0,9,0,0,4,3,0,5,0.62,3,0,0,0,2,0,Atlanta United
Jamal Thiaré,SEN,FW,31,6.8,10,1.47,4,0,3,1,2,0,1,0.15,0,0,1,0,0,0,Atlanta United
Dax McCarty,USA,MF,37,6.3,14,2.22,10,1,0,1,0,2,0,0.0,0,0,0,0,0,0,Atlanta United
Ajani Fortune,TRI,MF,21,5.4,8,1.49,5,0,2,1,0,0,2,0.37,2,0,0,0,0,0,Atlanta United
Edwin Mosquera,COL,FW,23,4.5,23,5.12,13,0,5,0,4,1,4,0.89,4,0,0,0,0,0,Atlanta United
Tyler Wolff,USA,FW,21,3.4,10,2.92,9,0,0,0,1,0,0,0.0,0,0,0,0,0,0,Atlanta United
Efrain Morales,BOL,DF,20,2.7,0,0.0,0,0,0,0,0,0,0,0.0,0,0,0,0,0,0,Atlanta United
Ronald Hernández,VEN,DF,26,2.5,3,1.21,3,0,0,0,0,0,2,0.8,2,0,0,0,0,0,Atlanta United
Josh Cohen,USA,GK,31,2.3,0,0.0,0,0,0,0,0,0,0,0.0,0,0,0,0,0,0,Atlanta United
Nicolas Firmino,USA,FW,23,1.8,6,3.27,4,0,0,0,2,0,1,0.55,1,0,0,0,0,0,Atlanta United
Luke Brennan,USA,FW,19,0.9,3,3.18,2,0,0,0,1,0,0,0.0,0,0,0,0,0,0,Atlanta United
Derrick Etienne,HAI,FW,27,0.3,0,0.0,0,0,0,0,0,0,0,0.0,0,0,0,0,0,0,Atlanta United
Ruan,BRA,DF,29,19.2,44,2.28,34,1,5,0,3,1,5,0.26,4,0,1,0,0,0,CF Montréal
Jonathan Sirois,CAN,GK,23,20.0,1,0.05,1,0,0,0,0,0,0,0.0,0,0,0,0,0,0,CF Montréal
Bryce Duke,USA,MF,23,15.6,59,3.78,46,6,2,0,4,1,4,0.26,2,1,0,0,1,0,CF Montréal
Joel Waterman,CAN,DF,28,15.6,8,0.51,7,0,0,0,0,1,0,0.0,0,0,0,0,0,0,CF Montréal
Ariel Lassiter,CRC,DF,29,14.4,27,1.88,21,2,2,1,1,0,5,0.35,3,2,0,0,0,0,CF Montréal
Mathieu Choiniere,CAN,MF,25,14.6,40,2.73,28,10,0,1,0,1,3,0.21,2,1,0,0,0,0,CF Montréal
Samuel Piette,CAN,MF,29,14.1,23,1.63,21,0,0,1,0,1,1,0.07,1,0,0,0,0,0,CF Montréal
George Campbell,USA,DF,23,13.7,12,0.88,11,0,0,0,0,1,2,0.15,1,0,0,0,0,1,CF Montréal
Gabriele Corbo,ITA,DF,24,13.9,18,1.29,16,0,0,2,0,0,1,0.07,1,0,0,0,0,0,CF Montréal
Fernando Álvarez,COL,DF,20,12.7,6,0.47,5,0,0,0,0,1,1,0.08,1,0,0,0,0,0,CF Montréal
Joaquin Sosa,URU,DF,22,10.3,10,0.98,3,0,2,3,1,1,3,0.29,0,0,0,2,1,0,CF Montréal
Sunusi Ibrahim,NGA,FW,21,9.4,25,2.66,21,1,1,1,0,1,2,0.21,1,0,0,1,0,0,CF Montréal
Raheem Edwards,CAN,DF,28,8.2,20,2.43,15,3,0,0,2,0,3,0.36,3,0,0,0,0,0,CF Montréal
Nathan-Dylan Saliba,CAN,MF,19,7.3,14,1.93,12,1,0,1,0,0,0,0.0,0,0,0,0,0,0,CF Montréal
Jules-Anthony Vilsaint,CAN,MF,21,6.3,16,2.52,9,0,2,3,2,0,5,0.79,4,0,0,0,1,0,CF Montréal
Matías Cóccaro,URU,FW,26,6.1,25,4.14,12,0,2,4,5,2,5,0.83,1,0,0,1,2,1,CF Montréal
Dominik Yankov,BUL,MF,23,6.8,16,2.35,13,1,0,0,2,0,3,0.44,2,0,0,0,1,0,CF Montréal
Mason Toye,USA,FW,25,4.5,8,1.8,7,0,1,0,0,0,1,0.22,0,0,1,0,0,0,CF Montréal
Josef Martínez,VEN,FW,31,6.4,14,2.17,10,0,2,2,0,0,4,0.62,3,0,1,0,0,0,CF Montréal
Kwadwo Opoku,GHA,MF,22,2.5,6,2.38,5,0,1,0,0,0,3,1.19,2,0,1,0,0,0,CF Montréal
Victor Wanyama,KEN,MF,33,3.1,1,0.33,0,0,0,1,0,0,0,0.0,0,0,0,0,0,0,CF Montréal
Rida Zouhir,CAN,MF,20,2.0,4,2.08,4,0,0,0,0,0,0,0.0,0,0,0,0,0,0,CF Montréal
Sebastian Breza,CAN,GK,26,1.0,0,0.0,0,0,0,0,0,0,0,0.0,0,0,0,0,0,0,CF Montréal
Lassi Lappalainen,FIN,DF,25,2.1,4,1.91,3,0,0,0,1,0,1,0.48,1,0,0,0,0,0,CF Montréal
Alessandro Biello,CAN,MF,18,0.2,1,5.63,1,0,0,0,0,0,0,0.0,0,0,0,0,0,0,CF Montréal
Ousman jabang,USA,DF,23,0.0,0,0.0,0,0,0,0,0,0,0,0.0,0,0,0,0,0,0,CF Montréal
Hugo Cuypers,BEL,FW,27,19.4,51,2.63,42,0,3,2,1,3,3,0.15,2,0,0,0,0,1,Chicago Fire
Christopher Brady,USA,GK,20,20.0,2,0.1,2,0,0,0,0,0,1,0.05,1,0,0,0,0,0,Chicago Fire
Allan Arigoni,SUI,DF,25,17.4,31,1.79,22,3,2,2,2,0,1,0.06,0,0,0,1,0,0,Chicago Fire
Rafael Czichos,GER,DF,34,17.8,15,0.84,10,0,0,3,2,0,3,0.17,1,0,0,1,1,0,Chicago Fire
Fabian Herbers,GER,MF,30,17.6,46,2.62,38,0,0,3,1,4,7,0.4,5,0,0,1,0,1,Chicago Fire
Kellyn Acosta,USA,MF,28,16.3,34,2.09,25,5,2,1,1,0,2,0.12,2,0,0,0,0,0,Chicago Fire
Brian Gutiérrez,USA,MF,21,16.3,57,3.49,42,4,4,3,2,2,6,0.37,5,0,0,0,1,0,Chicago Fire
Maren Haile-Selassie,SUI,FW,25,12.9,47,3.64,38,2,4,2,0,1,8,0.62,6,0,1,1,0,0,Chicago Fire
Carlos Terán,COL,DF,23,11.1,16,1.44,11,2,0,3,0,0,2,0.18,2,0,0,0,0,0,Chicago Fire
Mauricio Pineda,USA,DF,26,10.9,9,0.82,8,0,0,1,0,0,1,0.09,1,0,0,0,0,0,Chicago Fire
Xherdan Shaqiri,SUI,MF,32,8.2,26,3.16,21,5,0,0,0,0,5,0.61,4,1,0,0,0,0,Chicago Fire
Arnaud Souquet,FRA,DF,32,9.4,20,2.14,18,1,0,0,1,0,0,0.0,0,0,0,0,0,0,Chicago Fire
Jonathan Dean,USA,DF,27,8.3,11,1.32,11,0,0,0,0,0,0,0.0,0,0,0,0,0,0,Chicago Fire
Chris Mueller,USA,FW,27,8.2,23,2.8,18,1,1,0,2,1,3,0.37,3,0,0,0,0,0,Chicago Fire
Andrew Gutman,USA,DF,27,5.7,5,0.88,5,0,0,0,0,0,0,0.0,0,0,0,0,0,0,Chicago Fire
Gastón Giménez,PAR,MF,32,7.3,15,2.07,12,1,1,1,0,0,2,0.28,2,0,0,0,0,0,Chicago Fire
Tobias Salquist,DEN,DF,29,5.0,4,0.8,4,0,0,0,0,0,2,0.4,2,0,0,0,0,0,Chicago Fire
Federico Navarro,ARG,MF,24,4.8,9,1.86,5,0,1,2,1,0,0,0.0,0,0,0,0,0,0,Chicago Fire
Georgios Koutsias,GRE,FW,20,4.8,10,2.08,2,1,1,2,4,0,3,0.62,1,0,0,1,1,0,Chicago Fire
Tom Barlow,USA,FW,28,4.3,9,2.1,6,0,1,1,0,1,0,0.0,0,0,0,0,0,0,Chicago Fire
Chase Gasper,USA,DF,28,2.7,6,2.25,6,0,0,0,0,0,1,0.37,1,0,0,0,0,0,Chicago Fire
Wyatt Omsberg,USA,DF,28,1.2,1,0.83,1,0,0,0,0,0,0,0.0,0,0,0,0,0,0,Chicago Fire
Spencer Richey,USA,GK,32,1.0,0,0.0,0,0,0,0,0,0,0,0.0,0,0,0,0,0,0,Chicago Fire
Omari Glasgow,GUY,MF,20,0.4,1,2.5,1,0,0,0,0,0,0,0.0,0,0,0,0,0,0,Chicago Fire
Javier Casas,USA,MF,21,0.0,0,0.0,0,0,0,0,0,0,0,0.0,0,0,0,0,0,0,Chicago Fire
Carles Gil,ESP,MF,31,17.0,124,7.31,95,18,3,3,4,1,9,0.53,7,0,0,1,0,1,New England Revolution
Matt Polster,USA,MF,31,16.3,18,1.1,16,1,0,0,1,0,2,0.12,2,0,0,0,0,0,New England Revolution
Nick Lima,USA,DF,29,16.0,20,1.25,18,0,1,0,0,1,0,0.0,0,0,0,0,0,0,New England Revolution
Giacomo Vrioni,ALB,FW,25,15.7,23,1.47,12,0,2,4,4,1,3,0.19,1,0,1,1,0,0,New England Revolution
DeJuan Jones,USA,DF,27,13.7,26,1.9,19,2,1,0,3,1,3,0.22,3,0,0,0,0,0,New England Revolution
Henry Kessler,USA,DF,26,13.0,4,0.31,3,1,0,0,0,0,0,0.0,0,0,0,0,0,0,New England Revolution
Esmir Bajraktarevic,USA,FW,19,12.4,44,3.55,32,2,3,1,3,3,4,0.32,2,1,0,0,1,0,New England Revolution
David Romney,USA,DF,31,11.6,4,0.34,4,0,0,0,0,0,1,0.09,1,0,0,0,0,0,New England Revolution
Xavier Arreaga,ECU,DF,29,10.9,11,1.01,9,1,0,0,1,0,2,0.18,2,0,0,0,0,0,New England Revolution
Tomás Chancalay,ARG,FW,25,10.3,28,2.71,20,0,5,3,0,0,1,0.1,1,0,0,0,0,0,New England Revolution
Aljaž Ivačič,SVN,GK,30,10.0,3,0.3,2,1,0,0,0,0,1,0.1,0,1,0,0,0,0,New England Revolution
Ian Harkes,USA,MF,29,9.7,20,2.06,19,0,0,0,1,0,1,0.1,1,0,0,0,0,0,New England Revolution
Mark-Anthony Kaye,CAN,MF,29,9.3,24,2.57,22,0,1,1,0,0,0,0.0,0,0,0,0,0,0,New England Revolution
Henrich Ravas,SVK,GK,26,8.0,0,0.0,0,0,0,0,0,0,0,0.0,0,0,0,0,0,0,New England Revolution
Dylan Borrero,COL,FW,22,5.6,17,3.05,14,0,1,2,0,0,2,0.36,2,0,0,0,0,0,New England Revolution
Noel Buck, ENG,MF,19,5.0,12,2.39,11,0,0,1,0,0,1,0.2,1,0,0,0,0,0,New England Revolution
Nacho Gil,ESP,FW,28,5.2,13,2.48,9,0,2,1,1,0,2,0.38,1,0,0,1,0,0,New England Revolution
Andrew Farrell,USA,DF,32,5.1,12,2.36,12,0,0,0,0,0,1,0.2,1,0,0,0,0,0,New England Revolution
Emmanuel Boateng,GHA,FW,30,4.2,12,2.83,12,0,0,0,0,0,2,0.47,2,0,0,0,0,0,New England Revolution
Ryan Spaulding,USA,DF,25,3.8,4,1.04,4,0,0,0,0,0,0,0.0,0,0,0,0,0,0,New England Revolution
Jonathan Mensah,GHA,DF,33,1.9,0,0.0,0,0,0,0,0,0,0,0.0,0,0,0,0,0,0,New England Revolution
Earl Edwards Jr.,USA,GK,32,1.0,0,0.0,0,0,0,0,0,0,0,0.0,0,0,0,0,0,0,New England Revolution
Bobby Wood,USA,FW,31,0.6,3,4.82,2,0,0,1,0,0,0,0.0,0,0,0,0,0,0,New England Revolution
Brandon Bye,USA,DF,28,0.6,2,3.33,2,0,0,0,0,0,0,0.0,0,0,0,0,0,0,New England Revolution
Jack Panayotou,USA,FW,20,0.3,0,0.0,0,0,0,0,0,0,0,0.0,0,0,0,0,0,0,New England Revolution
Thomas McNamara,USA,MF,33,0.1,2,18.0,2,0,0,0,0,0,0,0.0,0,0,0,0,0,0,New England Revolution
Emeka Eneli,USA,MF,24,19.3,32,1.66,27,0,1,1,2,1,5,0.26,3,0,0,1,1,0,Real Salt Lake
Cristian Arango,COL,FW,29,18.6,80,4.3,61,0,6,11,2,0,11,0.59,11,0,0,0,0,0,Real Salt Lake
Braian Ojeda,PAR,MF,24,18.6,49,2.64,33,0,3,4,4,5,5,0.27,2,0,0,1,1,1,Real Salt Lake
Carlos Gómez,COL,FW,21,17.4,77,4.42,49,0,15,8,3,2,16,0.92,10,0,3,3,0,0,Real Salt Lake
Andrew Brody,USA,DF,29,17.8,28,1.57,27,0,1,0,0,0,1,0.06,1,0,0,0,0,0,Real Salt Lake
Zac MacMath,USA,GK,32,16.0,8,0.5,7,1,0,0,0,0,0,0.0,0,0,0,0,0,0,Real Salt Lake
Diego Luna,USA,FW,20,14.9,62,4.16,45,5,2,5,4,1,7,0.47,5,1,1,0,0,0,Real Salt Lake
Brayan Vera,COL,DF,25,15.0,23,1.53,13,9,0,1,0,0,3,0.2,2,1,0,0,0,0,Real Salt Lake
Justen Glad,USA,DF,27,15.0,14,0.93,11,1,0,2,0,0,1,0.07,1,0,0,0,0,0,Real Salt Lake
Alexandros Katranis,GRE,DF,26,13.2,24,1.82,18,4,0,2,0,0,5,0.38,5,0,0,0,0,0,Real Salt Lake
Matt Crooks, ENG,MF,30,11.9,38,3.2,34,0,3,0,0,1,7,0.59,6,0,1,0,0,0,Real Salt Lake
Bode Davis,USA,DF,22,11.1,27,2.44,21,3,1,1,1,0,2,0.18,2,0,0,0,0,0,Real Salt Lake
Anderson Julio,ECU,FW,28,8.7,24,2.78,17,1,0,5,0,1,1,0.12,1,0,0,0,0,0,Real Salt Lake
Fidel Barajas,MEX,FW,18,6.3,15,2.39,12,1,0,2,0,0,2,0.32,2,0,0,0,0,0,Real Salt Lake
Bryan Oviedo,CRC,DF,34,5.7,15,2.65,11,3,0,0,1,0,3,0.53,1,2,0,0,0,0,Real Salt Lake
Philip Quinton,USA,DF,24,5.2,5,0.96,4,1,0,0,0,0,1,0.19,1,0,0,0,0,0,Real Salt Lake
Gavin Beavers,USA,GK,19,5.0,0,0.0,0,0,0,0,0,0,0,0.0,0,0,0,0,0,0,Real Salt Lake
Nelson Palacio,COL,MF,23,3.9,10,2.55,9,0,0,0,1,0,2,0.51,2,0,0,0,0,0,Real Salt Lake
Marcelo Silva,URU,DF,35,2.0,0,0.0,0,0,0,0,0,0,0,0.0,0,0,0,0,0,0,Real Salt Lake
Pablo Ruíz,ARG,MF,25,1.9,10,5.29,6,3,0,1,0,0,0,0.0,0,0,0,0,0,0,Real Salt Lake
Maikel Chang,CUB,MF,33,1.9,6,3.14,3,2,0,0,1,0,2,1.05,2,0,0,0,0,0,Real Salt Lake
Noel Caliskan,GER,MF,23,1.4,2,1.46,2,0,0,0,0,0,0,0.0,0,0,0,0,0,0,Real Salt Lake
Tommy Silva,USA,DF,22,0.2,0,0.0,0,0,0,0,0,0,0,0.0,0,0,0,0,0,0,Real Salt Lake
Zavier Gozo,USA,FW,17,0.1,0,0.0,0,0,0,0,0,0,0,0.0,0,0,0,0,0,0,Real Salt Lake
Hugo Lloris,FRA,GK,37,21.0,6,0.29,5,1,0,0,0,0,2,0.1,2,0,0,0,0,0,Los Angeles FC
Denis Bouanga,GAB,FW,29,20.9,109,5.21,54,5,25,16,8,1,21,1.0,9,0,5,1,5,1,Los Angeles FC
Timmy Tillman,GER,MF,25,20.3,80,3.93,57,3,8,1,5,6,9,0.44,7,1,0,0,1,0,Los Angeles FC
Mateusz Bogusz,POL,FW,22,19.6,81,4.13,47,18,2,8,3,3,9,0.46,6,1,0,1,1,0,Los Angeles FC
Eduard Atuesta,COL,MF,27,17.8,79,4.43,49,19,3,4,3,1,7,0.39,5,0,1,0,1,0,Los Angeles FC
Aaron Long,USA,DF,31,17.5,9,0.52,7,0,0,1,0,1,2,0.11,1,0,0,1,0,0,Los Angeles FC
Jesús David Murillo Largacha,COL,DF,30,16.8,14,0.83,11,1,0,1,0,1,0,0.0,0,0,0,0,0,0,Los Angeles FC
Sergi Palencia,ESP,DF,28,16.4,36,2.19,27,3,0,1,2,3,4,0.24,3,0,0,1,0,0,Los Angeles FC
Ilie Sánchez,ESP,MF,33,16.4,30,1.83,23,0,1,5,0,1,4,0.24,2,0,0,2,0,0,Los Angeles FC
Ryan Hollingshead,USA,DF,33,15.6,37,2.37,35,0,0,1,0,1,5,0.32,5,0,0,0,0,0,Los Angeles FC
Cristian Olivera,URU,FW,22,15.0,44,2.94,27,0,6,5,4,2,4,0.27,3,0,0,0,0,1,Los Angeles FC
Omar Campos,MEX,DF,21,9.7,34,3.52,26,2,3,1,1,1,3,0.31,3,0,0,0,0,0,Los Angeles FC
Maxime Chanot,LUX,DF,34,6.7,5,0.75,4,0,0,1,0,0,0,0.0,0,0,0,0,0,0,Los Angeles FC
Kei Kamara,SLE,FW,39,6.3,10,1.6,7,0,0,2,0,1,3,0.48,2,0,0,1,0,0,Los Angeles FC
Eddie Segura,COL,DF,27,4.5,3,0.67,3,0,0,0,0,0,0,0.0,0,0,0,0,0,0,Los Angeles FC
Erik Duenas,USA,MF,19,2.8,10,3.63,7,0,0,0,2,1,1,0.36,1,0,0,0,0,0,Los Angeles FC
Nathan Ordaz,SLV,FW,20,1.9,4,2.12,4,0,0,0,0,0,2,1.06,2,0,0,0,0,0,Los Angeles FC
David Martínez,VEN,FW,18,1.2,6,5.14,4,0,1,1,0,0,1,0.86,1,0,0,0,0,0,Los Angeles FC
Tomas Ángel,COL,FW,21,0.5,2,3.91,1,0,0,0,1,0,0,0.0,0,0,0,0,0,0,Los Angeles FC
Luis Müller,GER,FW,23,0.1,0,0.0,0,0,0,0,0,0,0,0.0,0,0,0,0,0,0,Los Angeles FC
Michael Boxall,NZL,DF,35,20.5,15,0.73,12,0,1,0,0,2,0,0.0,0,0,0,0,0,0,Minnesota United
Wil Trapp,USA,MF,31,17.3,34,1.96,29,0,1,2,1,1,3,0.17,3,0,0,0,0,0,Minnesota United
Jeong Sangbin,KOR,FW,22,16.2,42,2.59,28,6,3,3,2,0,0,0.0,0,0,0,0,0,0,Minnesota United
Robin Lod,FIN,MF,31,15.3,58,3.79,48,4,2,1,1,2,12,0.78,10,1,1,0,0,0,Minnesota United
Joseph Rosales,HON,DF,23,15.9,65,4.1,30,25,4,4,2,0,12,0.76,5,6,0,1,0,0,Minnesota United
D.J. Taylor,USA,DF,26,15.5,28,1.8,23,0,0,4,0,1,3,0.19,3,0,0,0,0,0,Minnesota United
Dayne St. Clair,CAN,GK,27,15.0,6,0.4,3,3,0,0,0,0,0,0.0,0,0,0,0,0,0,Minnesota United
Miguel Tapias,MEX,DF,27,14.1,14,0.99,13,0,0,0,0,1,0,0.0,0,0,0,0,0,0,Minnesota United
Devin Padelford,USA,DF,21,13.0,12,0.92,8,3,1,0,0,0,2,0.15,0,2,0,0,0,0,Minnesota United
Hassani Dotson,USA,MF,26,12.8,26,2.03,19,1,1,3,1,1,3,0.23,1,0,0,2,0,0,Minnesota United
Bongokuhle Hlongwane,RSA,FW,24,11.6,34,2.93,27,0,2,2,3,0,4,0.34,2,0,1,1,0,0,Minnesota United
Caden Clark,USA,DF,21,10.0,20,2.0,18,0,2,0,0,0,2,0.2,2,0,0,0,0,0,Minnesota United
Teemu Pukki,FIN,FW,34,8.7,25,2.88,14,0,1,7,2,1,3,0.35,1,0,0,1,1,0,Minnesota United
Kervin Arriaga,HON,DF,26,9.8,9,0.92,8,0,0,1,0,0,1,0.1,1,0,0,0,0,0,Minnesota United
Tani Oluwaseyi,CAN,FW,24,6.9,12,1.73,6,0,1,2,3,0,4,0.58,4,0,0,0,0,0,Minnesota United
Franco Fragapane,ARG,MF,31,6.7,25,3.73,23,1,0,1,0,0,3,0.45,3,0,0,0,0,0,Minnesota United
Clint Irwin,USA,GK,35,5.0,0,0.0,0,0,0,0,0,0,0,0.0,0,0,0,0,0,0,Minnesota United
Alejandro Bran,CRC,MF,23,3.1,5,1.61,5,0,0,0,0,0,0,0.0,0,0,0,0,0,0,Minnesota United
Carlos Harvey,PAN,MF,24,2.4,6,2.49,3,0,0,0,1,2,1,0.41,0,0,0,0,0,1,Minnesota United
Victor Eriksson,SWE,DF,23,1.8,1,0.55,0,0,0,1,0,0,0,0.0,0,0,0,0,0,0,Minnesota United
Jordan Adebayo-Smith,NGA,FW,24,2.7,4,1.46,2,0,1,1,0,0,1,0.36,1,0,0,0,0,0,Minnesota United
Moses Nyeman,USA,MF,20,1.5,2,1.35,2,0,0,0,0,0,0,0.0,0,0,0,0,0,0,Minnesota United
Hugo Bacharach,ESP,DF,22,1.0,1,1.0,1,0,0,0,0,0,0,0.0,0,0,0,0,0,0,Minnesota United
Alec Smir,USA,GK,25,1.0,0,0.0,0,0,0,0,0,0,0,0.0,0,0,0,0,0,0,Minnesota United
Morris Duggan,GER,DF,23,0.5,0,0.0,0,0,0,0,0,0,0,0.0,0,0,0,0,0,0,Minnesota United
Loïc Mesanvi,TOG,FW,20,0.5,1,2.05,0,0,0,1,0,0,0,0.0,0,0,0,0,0,0,Minnesota United
Zarek Valentin,PUR,DF,32,0.4,0,0.0,0,0,0,0,0,0,0,0.0,0,0,0,0,0,0,Minnesota United
Patrick Weah,LBR,FW,20,0.4,3,7.71,1,0,0,0,2,0,0,0.0,0,0,0,0,0,0,Minnesota United
Emanuel Reynoso,ARG,MF,28,0.3,1,2.9,1,0,0,0,0,0,0,0.0,0,0,0,0,0,0,Minnesota United
Kage Romanshyn,USA,FW,19,0.1,1,7.5,1,0,0,0,0,0,0,0.0,0,0,0,0,0,0,Minnesota United
Rory O'Driscoll,USA,FW,24,0.0,0,0.0,0,0,0,0,0,0,0,0.0,0,0,0,0,0,0,Minnesota United
Maya Yoshida,JPN,DF,35,22.0,16,0.73,11,0,0,5,0,0,3,0.14,2,0,0,1,0,0,LA Galaxy
Miki Yamane,JPN,DF,30,20.7,33,1.6,29,1,3,0,0,0,5,0.24,4,0,1,0,0,0,LA Galaxy
John McCarthy,USA,GK,32,20.0,2,0.1,1,1,0,0,0,0,0,0.0,0,0,0,0,0,0,LA Galaxy
Marky Delgado,USA,MF,29,19.8,63,3.18,60,1,0,1,1,0,7,0.35,6,0,0,1,0,0,LA Galaxy
Julián Aude,ARG,DF,21,18.0,22,1.22,17,0,1,2,2,0,3,0.17,3,0,0,0,0,0,LA Galaxy
Gabriel Chaves,BRA,FW,23,18.3,59,3.22,37,2,3,11,4,2,15,0.82,9,0,1,5,0,0,LA Galaxy
Riqui Puig,ESP,MF,24,17.2,111,6.44,87,3,9,8,3,1,14,0.81,11,0,1,2,0,0,LA Galaxy
Dejan Joveljić,SRB,FW,24,15.8,38,2.4,27,0,2,5,3,1,6,0.38,4,0,0,2,0,0,LA Galaxy
Joseph Paintsil,GHA,FW,26,15.1,67,4.45,42,9,3,5,8,0,10,0.66,7,1,0,1,1,0,LA Galaxy
Edwin Cerrillo,USA,MF,23,15.1,8,0.53,7,0,0,0,0,1,0,0.0,0,0,0,0,0,0,LA Galaxy
Diego Fagúndez,URU,FW,29,12.6,55,4.39,33,16,2,1,3,0,4,0.32,3,0,0,0,1,0,LA Galaxy
Martín Cáceres,URU,DF,37,9.7,5,0.51,4,0,0,1,0,0,0,0.0,0,0,0,0,0,0,LA Galaxy
Gastón Brugman,URU,MF,31,9.5,32,3.36,25,2,0,1,3,1,4,0.42,3,1,0,0,0,0,LA Galaxy
Jalen Neal,USA,DF,20,9.4,3,0.32,3,0,0,0,0,0,0,0.0,0,0,0,0,0,0,LA Galaxy
Miguel Berry,ESP,FW,26,6.3,11,1.74,10,0,0,0,1,0,0,0.0,0,0,0,0,0,0,LA Galaxy
John Nelson,USA,DF,25,3.5,1,0.28,1,0,0,0,0,0,0,0.0,0,0,0,0,0,0,LA Galaxy
Novak Mićović,SRB,GK,22,2.0,0,0.0,0,0,0,0,0,0,0,0.0,0,0,0,0,0,0,LA Galaxy
Jonathan Perez,MEX,FW,21,1.5,11,7.5,7,4,0,0,0,0,0,0.0,0,0,0,0,0,0,LA Galaxy
Eriq Zavaleta,SLV,DF,31,1.8,1,0.56,1,0,0,0,0,0,0,0.0,0,0,0,0,0,0,LA Galaxy
Tucker Lepley,USA,MF,22,0.5,2,3.83,1,0,0,0,1,0,0,0.0,0,0,0,0,0,0,LA Galaxy
Mauricio Cuevas,USA,FW,21,1.7,3,1.76,2,1,0,0,0,0,0,0.0,0,0,0,0,0,0,LA Galaxy
Daniel Aguirre,USA,MF,25,1.2,5,4.17,4,0,0,0,1,0,1,0.83,1,0,0,0,0,0,LA Galaxy
Carlos Garcés,COL,DF,22,0.0,0,0.0,0,0,0,0,0,0,0,0.0,0,0,0,0,0,0,LA Galaxy
Isaiah Parente,USA,MF,24,0.0,0,0.0,0,0,0,0,0,0,0,0.0,0,0,0,0,0,0,LA Galaxy
Rubén Ramos,USA,MF,17,0.0,0,0.0,0,0,0,0,0,0,0,0.0,0,0,0,0,0,0,LA Galaxy
Yohei Takaoka,JPN,GK,28,20.0,3,0.15,2,1,0,0,0,0,1,0.05,1,0,0,0,0,0,Vancouver Whitecaps
Ryan Gauld, SCO,FW,28,19.5,89,4.57,55,26,1,4,2,1,10,0.51,6,1,0,3,0,0,Vancouver Whitecaps
Brian White,USA,FW,28,17.4,24,1.38,20,1,2,0,0,1,3,0.17,2,0,0,0,0,1,Vancouver Whitecaps
Ranko Veselinović,SRB,DF,25,16.7,8,0.48,7,1,0,0,0,0,3,0.18,2,1,0,0,0,0,Vancouver Whitecaps
Pedro Vite,ECU,MF,22,15.3,24,1.57,21,0,0,0,2,1,2,0.13,2,0,0,0,0,0,Vancouver Whitecaps
Tristan Blackmon,USA,DF,27,14.0,13,0.93,9,2,1,0,1,0,0,0.0,0,0,0,0,0,0,Vancouver Whitecaps
Andrés Cubas,PAR,MF,28,13.4,12,0.9,12,0,0,0,0,0,3,0.22,3,0,0,0,0,0,Vancouver Whitecaps
Mathías Laborda,URU,DF,24,13.3,6,0.45,6,0,0,0,0,0,2,0.15,2,0,0,0,0,0,Vancouver Whitecaps
Alessandro Schöpf,AUT,MF,30,11.7,31,2.65,26,0,2,2,1,0,6,0.51,5,0,1,0,0,0,Vancouver Whitecaps
Ali Ahmed,CAN,MF,23,10.7,39,3.65,30,1,6,1,1,0,3,0.28,2,0,1,0,0,0,Vancouver Whitecaps
Ryan Raposo,CAN,DF,25,10.2,35,3.44,22,8,1,2,2,0,5,0.49,3,1,1,0,0,0,Vancouver Whitecaps
Javain Brown,JAM,DF,25,10.0,15,1.51,11,2,0,1,1,0,1,0.1,1,0,0,0,0,0,Vancouver Whitecaps
Fafà Picault,HAI,FW,33,9.8,27,2.76,17,0,3,3,3,1,3,0.31,1,0,0,1,1,0,Vancouver Whitecaps
Bjørn Inge Utvik,NOR,DF,28,7.8,6,0.76,4,0,0,2,0,0,0,0.0,0,0,0,0,0,0,Vancouver Whitecaps
Sebastian Berhalter,USA,MF,23,9.0,35,3.87,23,7,2,3,0,0,3,0.33,2,0,0,1,0,0,Vancouver Whitecaps
Luís Martins,POR,DF,32,7.2,14,1.96,13,0,0,0,1,0,1,0.14,1,0,0,0,0,0,Vancouver Whitecaps
Damir Kreilach,CRO,FW,35,4.2,3,0.71,1,0,0,1,1,0,0,0.0,0,0,0,0,0,0,Vancouver Whitecaps
Levonte Johnson,CAN,FW,25,3.7,8,2.15,4,0,2,0,2,0,1,0.27,1,0,0,0,0,0,Vancouver Whitecaps
Sam Adekugbe,CAN,MF,29,2.6,8,3.01,7,0,0,1,0,0,2,0.75,2,0,0,0,0,0,Vancouver Whitecaps
Giuseppe Bovalina,AUS,FW,19,1.6,5,3.21,3,0,1,1,0,0,0,0.0,0,0,0,0,0,0,Vancouver Whitecaps
Ralph Priso-Mbongue,CAN,MF,21,0.8,3,3.65,3,0,0,0,0,0,2,2.43,2,0,0,0,0,0,Vancouver Whitecaps
Jay Herdman,NZL,FW,19,0.1,1,9.0,1,0,0,0,0,0,0,0.0,0,0,0,0,0,0,Vancouver Whitecaps
Cyprian Kachwele,TAN,MF,19,0.0,0,0.0,0,0,0,0,0,0,0,0.0,0,0,0,0,0,0,Vancouver Whitecaps
Brad Stuver,USA,GK,33,21.0,6,0.29,4,2,0,0,0,0,1,0.05,0,1,0,0,0,0,Austin FC
Jáder Obrian,COL,FW,29,15.7,22,1.4,16,1,0,1,4,0,2,0.13,2,0,0,0,0,0,Austin FC
Alexander Ring,FIN,MF,33,18.9,33,1.74,25,3,1,3,0,1,8,0.42,7,0,0,0,0,1,Austin FC
Jon Gallagher,IRL,DF,28,17.9,20,1.12,14,3,0,0,2,1,2,0.11,2,0,0,0,0,0,Austin FC
Diego Rubio,CHI,FW,31,16.1,19,1.18,16,0,0,0,3,0,2,0.12,1,0,0,0,1,0,Austin FC
Brendan Hines-Ike,USA,DF,29,16.5,7,0.42,5,0,1,0,1,0,0,0.0,0,0,0,0,0,0,Austin FC
Sebastián Driussi,ARG,MF,28,14.5,35,2.42,27,0,4,1,2,1,5,0.35,4,0,0,0,0,1,Austin FC
Guilherme Biro,BRA,DF,24,13.9,25,1.8,22,1,0,1,1,0,2,0.14,1,0,0,0,1,0,Austin FC
Daniel Pereira,VEN,MF,23,13.6,33,2.42,22,1,3,1,4,2,4,0.29,3,0,1,0,0,0,Austin FC
Julio Cascante,CRC,DF,30,12.5,4,0.32,4,0,0,0,0,0,0,0.0,0,0,0,0,0,0,Austin FC
Owen Wolff,USA,FW,19,12.4,36,2.91,19,11,0,0,6,0,7,0.57,4,1,0,0,2,0,Austin FC
Jhojan Valencia,COL,MF,27,10.1,5,0.49,4,0,0,0,0,1,1,0.1,1,0,0,0,0,0,Austin FC
Emiliano Rigoni,ARG,FW,31,7.8,21,2.69,13,6,1,1,0,0,0,0.0,0,0,0,0,0,0,Austin FC
Ethan Finlay,USA,FW,33,7.5,6,0.8,5,0,1,0,0,0,0,0.0,0,0,0,0,0,0,Austin FC
Leo Väisänen,FIN,DF,26,7.0,4,0.57,4,0,0,0,0,0,0,0.0,0,0,0,0,0,0,Austin FC
Matt Hedges,USA,DF,34,6.2,0,0.0,0,0,0,0,0,0,0,0.0,0,0,0,0,0,0,Austin FC
Žan Kolmanič,SVN,DF,24,5.6,17,3.02,9,8,0,0,0,0,1,0.18,0,1,0,0,0,0,Austin FC
Gyasi Zardes,USA,FW,32,7.1,10,1.4,6,0,1,3,0,0,4,0.56,2,0,1,1,0,0,Austin FC
Hector Jiménez,USA,DF,35,4.4,7,1.58,7,0,0,0,0,0,2,0.45,2,0,0,0,0,0,Austin FC
CJ Fodrey,USA,FW,20,1.8,6,3.35,4,0,2,0,0,0,1,0.56,1,0,0,0,0,0,Austin FC
Alonso Ramírez,MEX,MF,22,0.3,0,0.0,0,0,0,0,0,0,0,0.0,0,0,0,0,0,0,Austin FC
Bryant Farkarlun,USA,FW,22,0.1,0,0.0,0,0,0,0,0,0,0,0.0,0,0,0,0,0,0,Austin FC
Artur,BRA,MF,28,20.9,29,1.39,25,0,1,2,1,0,3,0.14,2,0,1,0,0,0,Houston Dynamo
Aliyu Ibrahim,NGA,FW,22,19.8,49,2.47,39,0,3,7,0,0,5,0.25,3,0,1,1,0,0,Houston Dynamo
Griffin Dorsey,USA,DF,25,17.8,41,2.3,31,2,1,3,3,1,4,0.22,3,0,0,1,0,0,Houston Dynamo
Micael,BRA,DF,23,18.8,11,0.59,10,0,0,0,0,1,0,0.0,0,0,0,0,0,0,Houston Dynamo
Steve Clark,USA,GK,38,17.8,2,0.11,1,1,0,0,0,0,1,0.06,1,0,0,0,0,0,Houston Dynamo
Amine Bassi,FRA,MF,26,17.3,96,5.57,66,22,1,4,2,1,8,0.46,5,2,1,0,0,0,Houston Dynamo
Sebastian Kowalczyk,POL,FW,25,16.1,36,2.23,31,1,3,1,0,0,3,0.19,2,0,1,0,0,0,Houston Dynamo
Adalberto Carrasquilla,PAN,FW,25,15.6,56,3.58,47,1,4,0,3,1,5,0.32,5,0,0,0,0,0,Houston Dynamo
Erik Sviatchenko,DEN,DF,32,14.2,13,0.92,7,0,1,4,1,0,0,0.0,0,0,0,0,0,0,Houston Dynamo
Héctor Herrera,MEX,MF,34,11.0,56,5.11,35,14,3,2,2,0,4,0.36,3,1,0,0,0,0,Houston Dynamo
Franco Escobar,ARG,DF,29,10.7,12,1.13,11,0,0,0,1,0,1,0.09,1,0,0,0,0,0,Houston Dynamo
Latif Blessing,GHA,FW,27,8.0,14,1.76,12,0,1,0,0,1,1,0.13,0,0,0,0,0,1,Houston Dynamo
Daniel Steres,USA,DF,33,8.7,15,1.72,13,0,0,2,0,0,3,0.34,3,0,0,0,0,0,Houston Dynamo
Ethan Bartlow,USA,DF,24,8.4,3,0.36,2,0,1,0,0,0,0,0.0,0,0,0,0,0,0,Houston Dynamo
Tate Schmitt,USA,DF,27,4.5,11,2.45,10,1,0,0,0,0,0,0.0,0,0,0,0,0,0,Houston Dynamo
Ján Greguš,SVK,MF,33,4.2,6,1.42,6,0,0,0,0,0,0,0.0,0,0,0,0,0,0,Houston Dynamo
Sebastián Ferreira,PAR,FW,26,4.3,12,2.76,10,0,1,1,0,0,3,0.69,2,0,0,1,0,0,Houston Dynamo
Andrew Tarbell,USA,GK,30,3.2,0,0.0,0,0,0,0,0,0,0,0.0,0,0,0,0,0,0,Houston Dynamo
Brooklyn Raines,USA,MF,19,2.8,6,2.14,3,0,2,0,1,0,0,0.0,0,0,0,0,0,0,Houston Dynamo
Gabe Segal,USA,FW,23,2.1,5,2.36,5,0,0,0,0,0,0,0.0,0,0,0,0,0,0,Houston Dynamo
Brad Smith,AUS,FW,30,3.6,9,2.52,8,1,0,0,0,0,2,0.56,2,0,0,0,0,0,Houston Dynamo
McKinze Gaines,USA,MF,26,0.2,0,0.0,0,0,0,0,0,0,0,0.0,0,0,0,0,0,0,Houston Dynamo
Jefferson Valverde,ECU,DF,25,0.1,0,0.0,0,0,0,0,0,0,0,0.0,0,0,0,0,0,0,Houston Dynamo
Andreas Maxsø,DEN,DF,30,22.0,8,0.36,6,0,0,2,0,0,2,0.09,1,0,0,1,0,0,Colorado Rapids
Zack Steffen,USA,GK,29,22.0,6,0.27,5,1,0,0,0,0,0,0.0,0,0,0,0,0,0,Colorado Rapids
Cole Bassett,USA,MF,22,21.8,70,3.2,54,0,3,9,1,3,9,0.41,6,0,0,2,0,1,Colorado Rapids
Djordje Mihailovic,USA,MF,25,20.4,127,6.22,69,43,1,5,7,2,15,0.73,6,5,0,3,0,1,Colorado Rapids
Rafael Navarro,BRA,FW,24,19.2,48,2.5,32,0,5,3,7,1,8,0.42,5,0,1,1,1,0,Colorado Rapids
Keegan Rosenberry,USA,DF,30,19.7,28,1.42,25,2,0,0,1,0,2,0.1,2,0,0,0,0,0,Colorado Rapids
Sam Vines,USA,DF,25,18.6,33,1.77,27,0,1,2,3,0,3,0.16,1,0,0,1,1,0,Colorado Rapids
Oliver Larraz,USA,MF,22,15.5,30,1.94,19,3,2,1,5,0,0,0.0,0,0,0,0,0,0,Colorado Rapids
Moïse Bombito,CAN,DF,24,15.2,12,0.79,11,0,0,1,0,0,1,0.07,1,0,0,0,0,0,Colorado Rapids
Kevin Cabral,FRA,FW,24,12.1,30,2.48,20,0,2,2,6,0,5,0.41,3,0,0,0,2,0,Colorado Rapids
Omir Fernandez,USA,FW,25,12.3,34,2.77,28,0,2,2,2,0,6,0.49,4,0,0,1,1,0,Colorado Rapids
Calvin Harris, ENG,FW,24,11.2,29,2.59,18,0,2,2,5,2,4,0.36,2,0,0,1,1,0,Colorado Rapids
Connor Ronan,IRL,MF,26,8.6,22,2.57,18,4,0,0,0,0,1,0.12,0,1,0,0,0,0,Colorado Rapids
Lalas Abubakar,GHA,DF,29,6.7,1,0.15,1,0,0,0,0,0,1,0.15,1,0,0,0,0,0,Colorado Rapids
Darren Yapi,USA,FW,19,5.4,10,1.85,8,0,0,0,2,0,1,0.19,0,0,0,0,1,0,Colorado Rapids
Sebastian Anderson,USA,DF,21,3.5,3,0.85,2,1,0,0,0,0,1,0.28,0,1,0,0,0,0,Colorado Rapids
Jackson Travis,USA,DF,20,1.7,3,1.8,3,0,0,0,0,0,0,0.0,0,0,0,0,0,0,Colorado Rapids
Jasper Löffelsend,GER,MF,26,2.5,2,0.81,1,1,0,0,0,0,1,0.41,1,0,0,0,0,0,Colorado Rapids
Jonathan Lewis,USA,FW,27,2.0,8,4.0,7,0,0,1,0,0,0,0.0,0,0,0,0,0,0,Colorado Rapids
Kimani Stewart-Baynes,CAN,MF,19,0.7,1,1.48,1,0,0,0,0,0,1,1.48,1,0,0,0,0,0,Colorado Rapids
Michael Edwards,USA,DF,23,0.4,1,2.81,1,0,0,0,0,0,0,0.0,0,0,0,0,0,0,Colorado Rapids
Lamine Diack,SEN,FW,23,0.2,0,0.0,0,0,0,0,0,0,0,0.0,0,0,0,0,0,0,Colorado Rapids
Wayne Frederick,TRI,MF,20,0.0,0,0.0,0,0,0,0,0,0,0,0.0,0,0,0,0,0,0,Colorado Rapids
Juan David Mosquera,COL,DF,21,19.5,49,2.51,44,0,3,1,1,0,7,0.36,6,0,1,0,0,0,Portland Timbers
Santiago Moreno,COL,FW,24,17.1,72,4.22,51,5,4,6,2,4,8,0.47,7,0,1,0,0,0,Portland Timbers
Evander,BRA,MF,26,17.3,98,5.65,51,27,4,7,9,0,13,0.75,10,2,0,0,1,0,Portland Timbers
Diego Chará,COL,MF,38,17.1,28,1.63,23,0,0,0,4,1,3,0.17,3,0,0,0,0,0,Portland Timbers
Jonathan Rodríguez,URU,FW,30,16.9,32,1.89,24,1,4,2,1,0,7,0.41,5,0,1,0,1,0,Portland Timbers
Kamal Miller,CAN,DF,27,15.0,2,0.13,2,0,0,0,0,0,2,0.13,2,0,0,0,0,0,Portland Timbers
Antony,BRA,FW,22,14.6,42,2.89,32,1,6,1,2,0,7,0.48,6,0,0,0,1,0,Portland Timbers
Dario Župarić,BIH,DF,32,14.3,12,0.84,10,0,0,1,1,0,1,0.07,1,0,0,0,0,0,Portland Timbers
Maxime Crépeau,CAN,GK,30,12.5,1,0.08,0,0,0,0,1,0,0,0.0,0,0,0,0,0,0,Portland Timbers
Felipe Mora,CHI,FW,30,11.8,24,2.04,17,0,1,2,3,1,7,0.59,4,0,0,1,2,0,Portland Timbers
Cristhian Paredes,PAR,MF,26,12.1,24,1.98,20,0,2,1,1,0,4,0.33,3,0,0,1,0,0,Portland Timbers
David Ayala,ARG,MF,21,9.3,16,1.72,13,0,2,0,0,1,1,0.11,1,0,0,0,0,0,Portland Timbers
Claudio Bravo,ARG,DF,27,9.5,15,1.58,9,4,0,1,0,1,1,0.11,1,0,0,0,0,0,Portland Timbers
Zac McGraw,CAN,DF,27,9.1,4,0.44,4,0,0,0,0,0,0,0.0,0,0,0,0,0,0,Portland Timbers
James Pantemis,CAN,GK,27,9.5,1,0.11,1,0,0,0,0,0,0,0.0,0,0,0,0,0,0,Portland Timbers
Miguel Araujo,PER,DF,29,8.8,4,0.45,3,0,0,1,0,0,0,0.0,0,0,0,0,0,0,Portland Timbers
Eric Miller,USA,DF,31,10.0,8,0.8,6,1,0,1,0,0,2,0.2,2,0,0,0,0,0,Portland Timbers
Dairon Asprilla,COL,FW,32,7.6,16,2.1,12,0,1,1,2,0,4,0.52,4,0,0,0,0,0,Portland Timbers
Eryk Williamson,USA,MF,27,6.8,21,3.08,16,1,0,2,1,1,2,0.29,2,0,0,0,0,0,Portland Timbers
Nathan Fogaça,BRA,FW,25,1.9,7,3.58,2,0,0,2,3,0,1,0.51,0,0,0,0,1,0,Portland Timbers
Larrys Mabiala,COD,DF,36,0.5,0,0.0,0,0,0,0,0,0,0,0.0,0,0,0,0,0,0,Portland Timbers
Sawyer Jura,USA,DF,18,0.0,0,0.0,0,0,0,0,0,0,0,0.0,0,0,0,0,0,0,Portland Timbers
Cristian Roldan,USA,MF,29,20.1,65,3.23,53,5,1,2,4,0,6,0.3,4,0,0,1,1,0,Seattle Sounders
Jackson Ragen,USA,DF,25,19.2,17,0.88,17,0,0,0,0,0,1,0.05,1,0,0,0,0,0,Seattle Sounders
Jordan Morris,USA,FW,29,18.7,57,3.04,51,0,1,3,2,0,6,0.32,4,0,0,0,2,0,Seattle Sounders
Obed Vargas,USA,MF,18,17.8,45,2.53,33,2,2,4,2,2,8,0.45,4,1,0,1,1,1,Seattle Sounders
Stefan Frei,SUI,GK,38,16.3,2,0.12,2,0,0,0,0,0,0,0.0,0,0,0,0,0,0,Seattle Sounders
Albert Rusnák,SVK,MF,29,16.1,60,3.72,36,19,1,1,1,2,12,0.74,6,4,0,0,1,1,Seattle Sounders
Yeimar Gómez Andrade,COL,DF,32,15.6,15,0.96,12,0,0,2,1,0,1,0.06,0,0,0,0,1,0,Seattle Sounders
Alex Roldan,SLV,DF,27,13.9,33,2.38,26,3,2,1,1,0,1,0.07,1,0,0,0,0,0,Seattle Sounders
Nouhou Tolo,CMR,DF,27,14.4,19,1.32,15,1,1,1,1,0,0,0.0,0,0,0,0,0,0,Seattle Sounders
Raúl Ruidíaz,PER,FW,33,13.5,39,2.88,26,1,3,7,1,1,2,0.15,2,0,0,0,0,0,Seattle Sounders
João Paulo Mior,BRA,MF,33,10.8,41,3.8,25,10,2,1,2,1,2,0.19,2,0,0,0,0,0,Seattle Sounders
Joshua Atencio,USA,MF,22,9.3,27,2.92,24,0,0,3,0,0,0,0.0,0,0,0,0,0,0,Seattle Sounders
Léo Chú,BRA,FW,24,5.9,19,3.21,16,1,1,0,1,0,2,0.34,2,0,0,0,0,0,Seattle Sounders
Cody Baker,USA,DF,20,5.3,12,2.25,12,0,0,0,0,0,3,0.56,3,0,0,0,0,0,Seattle Sounders
Andrew Thomas,RUS,GK,25,4.7,0,0.0,0,0,0,0,0,0,0,0.0,0,0,0,0,0,0,Seattle Sounders
Jon Bell,JAM,DF,26,3.9,1,0.26,1,0,0,0,0,0,0,0.0,0,0,0,0,0,0,Seattle Sounders
Daniel Musovski,USA,FW,28,4.8,10,2.06,6,0,1,2,1,0,2,0.41,1,0,0,0,1,0,Seattle Sounders
Reed Baker-Whiting,USA,DF,19,3.9,9,2.33,7,0,1,0,1,0,0,0.0,0,0,0,0,0,0,Seattle Sounders
Xavier Arreaga,ECU,DF,29,2.8,1,0.35,1,0,0,0,0,0,0,0.0,0,0,0,0,0,0,Seattle Sounders
Danny Leyva,USA,MF,21,2.0,8,3.96,3,3,0,0,2,0,0,0.0,0,0,0,0,0,0,Seattle Sounders
Sota Kitahara,USA,DF,21,1.6,0,0.0,0,0,0,0,0,0,0,0.0,0,0,0,0,0,0,Seattle Sounders
Paul Rothrock,USA,FW,25,4.0,11,2.78,5,0,1,3,2,0,3,0.76,0,0,0,1,2,0,Seattle Sounders
Pedro De la Vega,ARG,MF,23,1.3,4,3.03,2,2,0,0,0,0,0,0.0,0,0,0,0,0,0,Seattle Sounders
Georgi Minoungou,CIV,FW,21,1.1,5,4.69,3,0,2,0,0,0,0,0.0,0,0,0,0,0,0,Seattle Sounders
Dylan Teves,USA,MF,24,0.9,2,2.28,2,0,0,0,0,0,0,0.0,0,0,0,0,0,0,Seattle Sounders
Nathan Cardoso,BRA,DF,29,0.8,1,1.18,1,0,0,0,0,0,0,0.0,0,0,0,0,0,0,Seattle Sounders
Kalani Rienzi,USA,DF,22,0.1,1,6.92,1,0,0,0,0,0,0,0.0,0,0,0,0,0,0,Seattle Sounders
Antino Lopez,USA,MF,22,0.1,1,15.0,0,0,0,0,1,0,0,0.0,0,0,0,0,0,0,Seattle Sounders
Roman Bürki,SUI,GK,33,20.0,7,0.35,5,2,0,0,0,0,0,0.0,0,0,0,0,0,0,St Louis City
Tomas Totland,NOR,DF,25,19.3,44,2.28,38,2,2,0,2,0,4,0.21,3,0,1,0,0,0,St Louis City
Chris Durkin,USA,MF,24,18.4,48,2.62,38,0,3,1,4,2,3,0.16,3,0,0,0,0,0,St Louis City
Indiana Vassilev,USA,MF,23,16.0,60,3.77,37,14,2,5,2,0,5,0.31,2,3,0,0,0,0,St Louis City
Klauss,BRA,FW,27,15.9,59,3.71,41,0,6,8,3,1,4,0.25,3,0,1,0,0,0,St Louis City
Tim Parker,USA,DF,31,15.9,14,0.88,12,1,0,0,0,1,0,0.0,0,0,0,0,0,0,St Louis City
Anthony Markanich,PHI,DF,24,14.1,34,2.41,28,3,0,1,0,2,1,0.07,0,1,0,0,0,0,St Louis City
Célio Pompeu,BRA,FW,24,13.8,61,4.42,37,10,9,3,2,0,4,0.29,3,0,0,0,1,0,St Louis City
Joakim Nilsson,SWE,DF,30,9.7,4,0.41,4,0,0,0,0,0,0,0.0,0,0,0,0,0,0,St Louis City
Eduard Löwen,GER,MF,27,10.1,63,6.27,37,12,2,9,3,0,5,0.5,3,1,0,1,0,0,St Louis City
Aziel Jackson,USA,FW,22,8.9,31,3.48,13,9,3,3,3,0,2,0.22,0,1,0,0,1,0,St Louis City
Tomáš Ostrák,CZE,MF,24,7.7,19,2.49,15,0,1,0,1,2,3,0.39,3,0,0,0,0,0,St Louis City
Njabulo Blom,RSA,MF,24,7.3,16,2.19,13,1,0,0,1,1,1,0.14,1,0,0,0,0,0,St Louis City
Rasmus Alm,SWE,FW,28,6.0,15,2.49,12,0,3,0,0,0,2,0.33,2,0,0,0,0,0,St Louis City
Kyle Hiebert,CAN,DF,26,7.2,9,1.25,7,0,0,1,0,1,0,0.0,0,0,0,0,0,0,St Louis City
Hosei Kijima,JPN,MF,22,6.7,28,4.16,20,0,3,2,3,0,1,0.15,1,0,0,0,0,0,St Louis City
Joshua Yaro,GHA,DF,29,6.4,1,0.16,1,0,0,0,0,0,1,0.16,1,0,0,0,0,0,St Louis City
Samuel Adeniran,USA,FW,25,6.0,12,1.99,7,0,2,3,0,0,2,0.33,1,0,1,0,0,0,St Louis City
Nökkvi Þórisson,ISL,FW,24,6.0,23,3.84,14,0,3,5,1,0,1,0.17,0,0,0,1,0,0,St Louis City
Akil Watts,USA,DF,24,4.6,10,2.19,9,0,0,0,0,1,0,0.0,0,0,0,0,0,0,St Louis City
John Klein,USA,FW,24,2.5,6,2.42,4,0,0,1,1,0,0,0.0,0,0,0,0,0,0,St Louis City
Jake Nerwinski,USA,DF,29,2.4,0,0.0,0,0,0,0,0,0,0,0.0,0,0,0,0,0,0,St Louis City
Jayden Reid,USA,DF,22,2.0,11,5.5,9,0,1,0,1,0,2,1.0,1,0,0,0,1,0,St Louis City
Nikolas Dyhr,DEN,DF,23,1.5,2,1.3,2,0,0,0,0,0,0,0.0,0,0,0,0,0,0,St Louis City
Michael Wentzel,GER,DF,22,1.1,0,0.0,0,0,0,0,0,0,0,0.0,0,0,0,0,0,0,St Louis City
Benjamin Lundt,GER,GK,28,1.0,0,0.0,0,0,0,0,0,0,0,0.0,0,0,0,0,0,0,St Louis City
Caden Glover,USA,FW,17,0.3,0,0.0,0,0,0,0,0,0,0,0.0,0,0,0,0,0,0,St Louis City
Brendan McSorley,USA,FW,22,0.1,0,0.0,0,0,0,0,0,0,0,0.0,0,0,0,0,0,0,St Louis City
Cristian Espinoza,ARG,FW,29,20.3,118,5.8,62,37,10,7,2,0,12,0.59,6,4,1,1,0,0,San Jose Earthquakes
Rodrigues,BRA,DF,26,18.6,18,0.97,14,0,1,2,0,1,2,0.11,2,0,0,0,0,0,San Jose Earthquakes
Jackson Yueill,USA,MF,27,18.2,37,2.03,35,1,0,1,0,0,1,0.05,1,0,0,0,0,0,San Jose Earthquakes
Jeremy Ebobisse,USA,FW,27,14.5,41,2.83,33,0,0,6,2,0,6,0.41,2,0,0,3,1,0,San Jose Earthquakes
Vitor Costa,BRA,DF,30,16.1,29,1.8,21,4,2,1,0,1,5,0.31,3,0,1,1,0,0,San Jose Earthquakes
William Yarbrough,USA,GK,35,15.0,8,0.53,5,3,0,0,0,0,0,0.0,0,0,0,0,0,0,San Jose Earthquakes
Amahl Pellegrino,NOR,FW,34,12.4,28,2.25,18,0,4,3,3,0,1,0.08,0,0,1,0,0,0,San Jose Earthquakes
Niko Tsakiris,USA,MF,19,11.5,21,1.83,19,0,1,0,1,0,0,0.0,0,0,0,0,0,0,San Jose Earthquakes
Carlos Akapo,EQG,DF,31,12.0,24,2.0,18,2,0,0,1,3,4,0.33,3,1,0,0,0,0,San Jose Earthquakes
Carlos Gruezo,ECU,MF,29,11.2,11,0.98,9,0,0,2,0,0,1,0.09,1,0,0,0,0,0,San Jose Earthquakes
Paul Marie,FRA,DF,29,11.1,23,2.07,20,0,1,0,1,1,0,0.0,0,0,0,0,0,0,San Jose Earthquakes
Tanner Beason,USA,DF,27,10.7,8,0.75,7,0,0,1,0,0,0,0.0,0,0,0,0,0,0,San Jose Earthquakes
Bruno Wilson,POR,DF,27,9.6,6,0.63,5,0,0,1,0,0,1,0.1,0,0,0,1,0,0,San Jose Earthquakes
Hernán López Muñoz,ARG,MF,23,9.3,47,5.08,31,4,2,3,5,2,5,0.54,3,0,0,1,0,1,San Jose Earthquakes
Benjamin Kikanovic,USA,FW,24,7.9,16,2.01,12,0,0,3,1,0,0,0.0,0,0,0,0,0,0,San Jose Earthquakes
Preston Judd,USA,FW,25,6.6,11,1.66,9,0,0,2,0,0,1,0.15,0,0,0,1,0,0,San Jose Earthquakes
Jack Skahan,USA,MF,26,6.5,27,4.15,19,2,3,2,1,0,4,0.61,2,0,1,1,0,0,San Jose Earthquakes
Daniel Munie,USA,DF,24,5.9,3,0.51,2,0,0,1,0,0,0,0.0,0,0,0,0,0,0,San Jose Earthquakes
Alfredo Morales,USA,MF,34,5.2,11,2.11,9,0,0,2,0,0,0,0.0,0,0,0,0,0,0,San Jose Earthquakes
Daniel,BRA,GK,30,4.0,1,0.25,1,0,0,0,0,0,0,0.0,0,0,0,0,0,0,San Jose Earthquakes
Jacob Jackson,USA,GK,24,2.0,0,0.0,0,0,0,0,0,0,0,0.0,0,0,0,0,0,0,San Jose Earthquakes
Ousseni Bouda,BFA,FW,24,0.8,2,2.61,2,0,0,0,0,0,0,0.0,0,0,0,0,0,0,San Jose Earthquakes
Jamar Ricketts,USA,MF,22,0.4,0,0.0,0,0,0,0,0,0,0,0.0,0,0,0,0,0,0,San Jose Earthquakes
Tommy Thompson,USA,DF,28,0.2,0,0.0,0,0,0,0,0,0,0,0.0,0,0,0,0,0,0,San Jose Earthquakes
Michael Baldisimo,PHI,MF,24,0.1,0,0.0,0,0,0,0,0,0,0,0.0,0,0,0,0,0,0,San Jose Earthquakes
Nemanja Radoja,SRB,MF,31,20.1,36,1.79,33,0,0,2,0,1,3,0.15,3,0,0,0,0,0,Sporting Kansas City
Tim Melia,USA,GK,38,19.0,3,0.16,3,0,0,0,0,0,0,0.0,0,0,0,0,0,0,Sporting Kansas City
Jake Davis,USA,DF,22,18.7,41,2.19,35,3,1,1,0,1,7,0.37,5,0,0,1,0,1,Sporting Kansas City
Erik Thommy,GER,MF,29,17.7,61,3.45,43,2,3,4,8,1,7,0.4,5,0,1,1,0,0,Sporting Kansas City
Daniel Rosero,COL,DF,30,16.8,5,0.3,4,0,0,1,0,0,0,0.0,0,0,0,0,0,0,Sporting Kansas City
Tim Leibold,GER,DF,30,15.5,27,1.75,23,0,0,2,1,1,2,0.13,1,0,0,0,0,1,Sporting Kansas City
Dániel Sallói,HUN,FW,27,15.4,42,2.73,27,8,3,3,1,0,5,0.33,4,0,0,1,0,0,Sporting Kansas City
Alan Pulido,MEX,FW,33,14.7,41,2.8,33,0,0,4,2,2,7,0.48,6,0,0,1,0,0,Sporting Kansas City
Johnny Russell, SCO,FW,34,13.6,46,3.37,24,9,4,2,7,0,6,0.44,3,1,1,0,1,0,Sporting Kansas City
Andreu Fontàs,ESP,DF,34,13.2,17,1.29,16,0,0,0,0,1,3,0.23,3,0,0,0,0,0,Sporting Kansas City
Memo Rodriguez,USA,MF,28,11.8,42,3.56,24,10,2,2,2,2,4,0.34,1,3,0,0,0,0,Sporting Kansas City
William Agada,NGA,FW,24,11.0,27,2.45,23,0,0,4,0,0,3,0.27,2,0,0,1,0,0,Sporting Kansas City
Robert Voloder,BIH,DF,23,9.6,2,0.21,2,0,0,0,0,0,1,0.1,1,0,0,0,0,0,Sporting Kansas City
Rémi Walter,FRA,MF,29,8.0,21,2.63,11,7,0,1,1,1,3,0.38,1,2,0,0,0,0,Sporting Kansas City
Zorhan Bassong,CAN,DF,25,6.5,17,2.6,13,1,1,0,2,0,2,0.31,2,0,0,0,0,0,Sporting Kansas City
Robert Castellanos,USA,DF,26,5.5,2,0.36,2,0,0,0,0,0,0,0.0,0,0,0,0,0,0,Sporting Kansas City
Kayden Pierre,USA,DF,21,3.8,5,1.3,3,0,1,0,0,1,1,0.26,1,0,0,0,0,0,Sporting Kansas City
Marinos Tzionis,CYP,FW,22,3.1,8,2.59,6,0,0,1,0,1,0,0.0,0,0,0,0,0,0,Sporting Kansas City
Alenis Vargas,HON,FW,20,3.7,11,2.96,7,0,3,0,1,0,1,0.27,0,0,1,0,0,0,Sporting Kansas City
Stephen Afrifa,CAN,FW,23,3.3,9,2.71,7,0,2,0,0,0,1,0.3,1,0,0,0,0,0,Sporting Kansas City
John Pulskamp,USA,GK,23,3.0,0,0.0,0,0,0,0,0,0,0,0.0,0,0,0,0,0,0,Sporting Kansas City
Felipe Hernandez,USA,MF,26,4.2,4,0.95,2,1,0,1,0,0,0,0.0,0,0,0,0,0,0,Sporting Kansas City
Khiry Shelton,USA,DF,31,3.8,7,1.84,6,0,1,0,0,0,2,0.52,2,0,0,0,0,0,Sporting Kansas City
Maarten Paes,NED,GK,26,21.0,3,0.14,3,0,0,0,0,0,0,0.0,0,0,0,0,0,0,FC Dallas
Sebastien Ibeagha,USA,DF,32,19.0,18,0.95,16,1,0,0,1,0,1,0.05,1,0,0,0,0,0,FC Dallas
Petar Musa,CRO,FW,26,18.8,37,1.97,28,0,4,4,1,0,3,0.16,2,0,1,0,0,0,FC Dallas
Sam Junqua,USA,DF,27,17.2,14,0.81,12,1,0,1,0,0,2,0.12,2,0,0,0,0,0,FC Dallas
Paul Arriola,USA,DF,29,17.1,57,3.34,48,0,3,3,2,1,7,0.41,5,0,0,0,2,0,FC Dallas
Liam Fraser,CAN,MF,26,15.3,23,1.5,21,0,0,0,1,1,4,0.26,4,0,0,0,0,0,FC Dallas
Nkosi Tafari,USA,DF,27,16.3,11,0.67,10,0,0,1,0,0,0,0.0,0,0,0,0,0,0,FC Dallas
Asier Illarramendi,ESP,MF,34,12.5,42,3.37,33,2,1,3,1,2,5,0.4,3,0,1,0,0,1,FC Dallas
Patrickson Delgado,ECU,MF,20,11.0,34,3.09,24,5,0,1,1,3,3,0.27,2,1,0,0,0,0,FC Dallas
Marco Farfan,USA,DF,25,11.0,14,1.28,7,4,0,1,2,0,3,0.27,2,0,0,1,0,0,FC Dallas
Sebastian Lletget,USA,MF,31,10.4,34,3.24,22,8,0,3,0,1,6,0.57,3,2,0,1,0,0,FC Dallas
Ema Twumasi,GHA,DF,27,9.3,12,1.29,12,0,0,0,0,0,2,0.21,2,0,0,0,0,0,FC Dallas
Jesús Ferreira,USA,MF,23,9.0,33,3.64,24,9,0,0,0,0,4,0.44,2,2,0,0,0,0,FC Dallas
Dante Sealy,USA,DF,21,8.8,23,2.62,17,0,2,2,2,0,2,0.23,1,0,0,0,1,0,FC Dallas
Bernard Kamungo,USA,MF,22,8.3,20,2.43,17,0,1,1,1,0,3,0.36,3,0,0,0,0,0,FC Dallas
Omar Gonzalez,USA,DF,35,6.9,2,0.29,2,0,0,0,0,0,0,0.0,0,0,0,0,0,0,FC Dallas
Eugene Ansah,GHA,FW,29,4.2,13,3.09,11,0,1,0,1,0,0,0.0,0,0,0,0,0,0,FC Dallas
Tsiki Ntsabeleng,RSA,MF,26,5.0,10,2.01,9,0,0,1,0,0,1,0.2,1,0,0,0,0,0,FC Dallas
Logan Farrington,USA,FW,22,5.5,19,3.49,10,0,2,2,3,2,5,0.92,3,0,0,1,0,1,FC Dallas
Nolan Norris,USA,MF,19,1.5,3,1.96,3,0,0,0,0,0,0,0.0,0,0,0,0,0,0,FC Dallas
Herbert Endeley,USA,MF,22,1.3,5,3.98,4,0,0,0,1,0,0,0.0,0,0,0,0,0,0,FC Dallas
Tomas Pondeca,USA,MF,22,0.8,2,2.54,1,0,0,0,1,0,0,0.0,0,0,0,0,0,0,FC Dallas
Tarik Scott,USA,FW,19,0.4,0,0.0,0,0,0,0,0,0,0,0.0,0,0,0,0,0,0,FC Dallas
Carle-Fred Sainte,HAI,MF,21,0.3,3,9.64,2,0,0,0,0,1,0,0.0,0,0,0,0,0,0,FC Dallas
Paxton Pomykal,USA,MF,24,0.1,0,0.0,0,0,0,0,0,0,0,0.0,0,0,0,0,0,0,FC Dallas
