Player,Nation,POS,Age,MP,Playing Time_Min,Playing Time_Mn/MP,Playing Time_Min%,Playing Time_90s,Starts_Starts,Starts_Mn/Start,Starts_Compl,Subs_Subs,Subs_Mn/Sub,Subs_unSub,Team Success_PPM,Team Success_onG,Team Success_onGA,Team Success_+/-,Team Success_+/-90,Team Success_On-Off,Team Success (xG)_onxG,Team Success (xG)_onxGA,Team Success (xG)_xG+/-,Team Success (xG)_xG+/-90,Team Success (xG)_On-Off,Team,Playing Time_MP
Drake Callender,USA,GK,26,18.0,1620.0,90.0,94.7,18.0,18,90.0,18,0,,0,2.11,44.0,24.0,20.0,1.11,5.11,30.9,27.7,3.2,0.18,1.15,Inter Miami,
Julian Gressel,USA,MF,30,19.0,1347.0,71.0,78.8,15.0,18,74.0,1,1,22.0,0,2.0,25.0,19.0,6.0,0.4,-2.08,21.2,21.8,-0.6,-0.04,-0.75,Inter Miami,
Tomás Avilés,ARG,DF,20,18.0,1440.0,80.0,84.2,16.0,17,83.0,10,1,26.0,0,1.94,34.0,22.0,12.0,0.75,-0.58,24.7,25.4,-0.7,-0.05,-1.05,Inter Miami,
Sergio Busquets,ESP,MF,35,18.0,1493.0,83.0,87.3,16.6,16,90.0,15,2,30.0,0,1.94,42.0,25.0,17.0,1.02,1.44,28.3,24.3,4.0,0.24,0.95,Inter Miami,
Robert Taylor,FIN,FW,29,16.0,1087.0,68.0,63.6,12.1,14,74.0,1,2,28.0,0,1.94,22.0,17.0,5.0,0.41,-1.18,16.4,17.2,-0.8,-0.07,-0.51,Inter Miami,
Luis Suárez,URU,FW,37,16.0,1153.0,72.0,67.4,12.8,13,83.0,6,3,23.0,1,1.94,34.0,18.0,16.0,1.25,1.25,23.1,17.6,5.6,0.43,0.96,Inter Miami,
Jordi Alba,ESP,DF,35,15.0,1130.0,75.0,66.1,12.6,12,89.0,11,3,21.0,0,1.73,24.0,20.0,4.0,0.32,-1.54,18.3,20.5,-2.2,-0.17,-0.87,Inter Miami,
Marcelo Weigandt,ARG,DF,24,13.0,1115.0,86.0,65.2,12.4,12,90.0,12,1,35.0,0,2.15,31.0,18.0,13.0,1.05,0.6,20.7,18.7,2.0,0.17,0.13,Inter Miami,
Lionel Messi,ARG,FW,36,12.0,1035.0,86.0,60.5,11.5,11,90.0,11,1,45.0,0,2.25,34.0,16.0,18.0,1.57,1.83,20.2,17.4,2.8,0.24,0.3,Inter Miami,
Serhiy Kryvtsov,UKR,DF,33,13.0,855.0,66.0,50.0,9.5,9,84.0,6,4,26.0,1,1.85,17.0,17.0,0.0,0.0,-1.68,12.2,18.1,-6.0,-0.63,-1.5,Inter Miami,
David Ruiz,HON,MF,20,16.0,853.0,53.0,49.9,9.5,9,82.0,7,7,16.0,2,2.31,22.0,14.0,8.0,0.84,0.0,17.7,13.2,4.5,0.47,0.7,Inter Miami,
Nicolás Freire,ARG,DF,30,10.0,738.0,74.0,43.2,8.2,9,79.0,6,1,25.0,2,2.5,27.0,11.0,16.0,1.95,1.95,16.5,9.4,7.1,0.87,1.31,Inter Miami,
Leonardo Campana,ECU,FW,23,16.0,660.0,41.0,38.6,7.3,7,77.0,3,9,14.0,1,1.94,11.0,13.0,-2.0,-0.27,-1.82,11.4,13.4,-2.0,-0.27,-0.64,Inter Miami,
Diego Gómez,PAR,MF,21,9.0,634.0,70.0,37.1,7.0,7,80.0,3,2,37.0,0,2.0,20.0,10.0,10.0,1.42,0.92,14.4,10.8,3.7,0.52,0.64,Inter Miami,
Franco Negri,ARG,DF,29,8.0,520.0,65.0,30.4,5.8,6,84.0,4,2,7.0,6,2.5,18.0,7.0,11.0,1.9,1.53,10.6,6.6,4.1,0.7,0.84,Inter Miami,
Matías Rojas,PAR,FW,28,8.0,493.0,62.0,28.8,5.5,5,80.0,1,3,32.0,0,2.13,16.0,9.0,7.0,1.28,0.61,7.6,9.9,-2.2,-0.41,-0.74,Inter Miami,
Ben Cremaschi,USA,MF,19,10.0,487.0,49.0,28.5,5.4,5,72.0,0,5,26.0,2,2.6,15.0,6.0,9.0,1.66,1.15,9.9,7.5,2.3,0.43,0.43,Inter Miami,
Noah Allen,USA,DF,20,9.0,398.0,44.0,23.3,4.4,4,90.0,4,5,8.0,10,2.11,9.0,11.0,-2.0,-0.45,-1.69,7.7,6.9,0.8,0.18,0.08,Inter Miami,
Federico Redondo,ARG,MF,21,5.0,300.0,60.0,17.5,3.3,4,69.0,2,1,26.0,0,1.4,5.0,7.0,-2.0,-0.6,-1.75,4.1,7.9,-3.8,-1.15,-1.55,Inter Miami,
DeAndre Yedlin,USA,DF,30,3.0,270.0,90.0,15.8,3.0,3,90.0,3,0,,0,2.33,8.0,1.0,7.0,2.33,1.77,4.9,4.7,0.1,0.05,-0.08,Inter Miami,
Lawson Sunderland,USA,MF,22,5.0,193.0,39.0,11.3,2.1,3,60.0,0,2,7.0,10,1.0,2.0,5.0,-3.0,-1.4,-2.53,2.6,3.4,-0.9,-0.4,-0.59,Inter Miami,
Ryan Sailor,USA,DF,25,6.0,257.0,43.0,15.0,2.9,2,90.0,2,4,19.0,11,1.5,5.0,4.0,1.0,0.35,-0.58,5.6,3.3,2.4,0.83,0.84,Inter Miami,
Yannick Bright,ITA,MF,22,8.0,254.0,32.0,14.9,2.8,2,77.0,1,6,17.0,3,2.38,8.0,5.0,3.0,1.06,0.26,6.4,5.9,0.4,0.16,0.05,Inter Miami,
Leonardo Afonso,BRA,FW,22,7.0,180.0,26.0,10.5,2.0,1,69.0,0,6,19.0,7,1.71,4.0,3.0,1.0,0.5,-0.38,2.5,2.8,-0.2,-0.11,-0.26,Inter Miami,
Shanyder Borgelin,HAI,FW,22,4.0,121.0,30.0,7.1,1.3,1,90.0,1,3,10.0,6,1.25,4.0,2.0,2.0,1.49,0.69,2.4,1.4,1.0,0.75,0.68,Inter Miami,
C.J. dos Santos,USA,GK,23,1.0,90.0,90.0,5.3,1.0,1,90.0,1,0,,18,0.0,0.0,4.0,-4.0,-4.0,-5.11,0.3,1.2,-1.0,-0.97,-1.15,Inter Miami,
Jose Casas de Abadal,USA,FW,23,2.0,31.0,16.0,1.8,0.3,0,,0,2,16.0,0,0.5,0.0,0.0,0.0,0.0,-0.86,0.5,0.0,0.5,1.42,1.32,Inter Miami,
Jean Mota,BRA,MF,30,2.0,26.0,13.0,1.5,0.3,0,,0,2,13.0,1,3.0,1.0,0.0,1.0,3.46,2.66,0.8,0.1,0.7,2.47,2.39,Inter Miami,
Israel Boatwright,DOM,DF,19,0.0,,,,,0,,0,0,,2,,,,,,,,,,,,Inter Miami,
Ryan Carmichael, NIR,MF,22,0.0,,,,,0,,0,0,,1,,,,,,,,,,,,Inter Miami,
Ian Fray,USA,DF,21,0.0,,,,,0,,0,0,,1,,,,,,,,,,,,Inter Miami,
Tyler Hall,USA,DF,18,0.0,,,,,0,,0,0,,1,,,,,,,,,,,,Inter Miami,
Cole Jensen,USA,GK,23,0.0,,,,,0,,0,0,,1,,,,,,,,,,,,Inter Miami,
Ricardo Montenegro,USA,DF,19,0.0,,,,,0,,0,0,,1,,,,,,,,,,,,Inter Miami,
Pavel Bucha,CZE,MF,26,17.0,1499.0,88.0,98.0,16.7,17,88.0,11,0,,0,2.12,26.0,18.0,8.0,0.48,-2.42,23.3,18.5,4.9,0.29,-1.95,FC Cincinnati,
Luciano Acosta,ARG,MF,30,17.0,1446.0,85.0,94.5,16.1,16,88.0,12,1,45.0,0,2.12,27.0,17.0,10.0,0.62,1.69,23.5,18.0,5.5,0.34,0.25,FC Cincinnati,
Matt Miazga,USA,DF,28,16.0,1413.0,88.0,92.4,15.7,16,88.0,15,0,,0,2.19,24.0,17.0,7.0,0.45,-1.09,22.4,17.1,5.2,0.33,0.03,FC Cincinnati,
Luca Orellano,ARG,DF,24,16.0,1334.0,83.0,87.2,14.8,15,86.0,4,1,45.0,0,2.06,22.0,17.0,5.0,0.34,-1.5,20.9,16.6,4.3,0.29,-0.33,FC Cincinnati,
Miles Robinson,USA,DF,27,14.0,1258.0,90.0,82.2,14.0,14,90.0,13,0,,1,1.93,19.0,15.0,4.0,0.29,-1.37,17.7,14.8,2.9,0.2,-0.71,FC Cincinnati,
Obinna Nwobodo,NGA,MF,27,15.0,1161.0,77.0,75.9,12.9,14,81.0,9,1,30.0,0,2.0,24.0,16.0,8.0,0.62,0.38,18.0,14.6,3.4,0.26,-0.29,FC Cincinnati,
Roman Celentano,USA,GK,23,13.0,1170.0,90.0,76.5,13.0,13,90.0,13,0,,0,2.31,21.0,12.0,9.0,0.69,0.69,18.4,13.8,4.6,0.36,0.1,FC Cincinnati,
Yuya Kubo,JPN,FW,30,15.0,1155.0,77.0,75.5,12.8,13,86.0,8,2,17.0,0,2.2,20.0,12.0,8.0,0.62,0.38,17.6,13.5,4.1,0.32,-0.04,FC Cincinnati,
Ian Murphy,USA,DF,24,15.0,1118.0,75.0,73.1,12.4,11,88.0,8,4,39.0,2,2.33,24.0,14.0,10.0,0.81,1.02,18.2,14.1,4.1,0.33,0.0,FC Cincinnati,
DeAndre Yedlin,USA,DF,30,12.0,849.0,71.0,55.5,9.4,10,79.0,7,2,30.0,0,1.92,15.0,12.0,3.0,0.32,-0.47,12.8,14.0,-1.2,-0.13,-1.03,FC Cincinnati,
Corey Baird,USA,FW,28,12.0,811.0,68.0,53.0,9.0,10,77.0,1,2,23.0,0,2.0,10.0,5.0,5.0,0.55,0.05,11.7,8.8,2.9,0.32,-0.01,FC Cincinnati,
Aaron Boupendza,GAB,FW,27,10.0,512.0,51.0,33.5,5.7,5,81.0,1,5,22.0,0,1.8,6.0,6.0,0.0,0.0,-0.8,6.7,7.1,-0.4,-0.07,-0.6,FC Cincinnati,
Gerardo Valenzuela,USA,FW,20,15.0,490.0,33.0,32.0,5.4,5,62.0,0,10,18.0,2,2.0,11.0,6.0,5.0,0.92,0.57,7.6,3.7,3.9,0.71,0.56,FC Cincinnati,
Kipp Keller,USA,DF,23,8.0,405.0,51.0,26.5,4.5,5,74.0,2,3,12.0,8,2.13,7.0,3.0,4.0,0.89,0.49,6.4,4.0,2.4,0.54,0.29,FC Cincinnati,
Nick Hagglund,USA,DF,31,8.0,344.0,43.0,22.5,3.8,5,61.0,1,3,13.0,5,2.0,4.0,5.0,-1.0,-0.26,-1.02,6.3,5.3,1.0,0.26,-0.09,FC Cincinnati,
Kevin Kelsy,VEN,FW,19,7.0,403.0,58.0,26.3,4.5,4,80.0,2,3,28.0,0,2.57,9.0,8.0,1.0,0.22,-0.42,6.6,5.7,0.9,0.21,-0.16,FC Cincinnati,
Sergio Santos Gomes,BRA,FW,29,13.0,392.0,30.0,25.6,4.4,4,60.0,0,9,17.0,1,1.85,7.0,3.0,4.0,0.92,0.52,6.9,5.1,1.9,0.43,0.13,FC Cincinnati,
Alec Kann,USA,GK,33,3.0,270.0,90.0,17.6,3.0,3,90.0,3,0,,8,2.0,5.0,4.0,1.0,0.33,-0.24,5.2,3.7,1.5,0.49,0.2,FC Cincinnati,
Alvas Powell,JAM,DF,29,6.0,157.0,26.0,10.3,1.7,3,44.0,0,3,9.0,8,2.33,1.0,1.0,0.0,0.0,-0.59,1.8,1.7,0.1,0.07,-0.29,FC Cincinnati,
Bret Halsey,USA,DF,24,11.0,291.0,26.0,19.0,3.2,2,65.0,0,9,18.0,4,2.36,9.0,4.0,5.0,1.55,1.26,7.1,1.7,5.5,1.69,1.68,FC Cincinnati,
Malik Pinto,USA,MF,21,10.0,151.0,15.0,9.9,1.7,1,45.0,0,9,12.0,7,2.3,0.0,1.0,-1.0,-0.6,-1.25,3.3,1.1,2.1,1.26,1.03,FC Cincinnati,
Evan Louro,USA,GK,28,1.0,90.0,90.0,5.9,1.0,1,90.0,1,0,,9,0.0,1.0,2.0,-1.0,-1.0,-1.62,0.7,1.2,-0.5,-0.47,-0.85,FC Cincinnati,
Yamil Asad,ARG,DF,29,8.0,94.0,12.0,6.1,1.0,0,,0,8,12.0,1,2.25,5.0,0.0,5.0,4.79,4.54,3.9,0.9,3.0,2.86,2.7,FC Cincinnati,
Stiven Jimenez,USA,MF,16,1.0,4.0,4.0,0.3,0.0,0,,0,1,4.0,7,3.0,0.0,0.0,0.0,0.0,-0.53,0.0,0.2,-0.2,-3.45,-3.79,FC Cincinnati,
London Aghedo,USA,DF,24,0.0,,,,,0,,0,0,,5,,,,,,,,,,,,FC Cincinnati,
Isaiah Foster,USA,DF,20,0.0,,,,,0,,0,0,,5,,,,,,,,,,,,FC Cincinnati,
Arquimides Ordonez,GUA,FW,20,0.0,,,,,0,,0,0,,4,,,,,,,,,,,,FC Cincinnati,
Matt Freese,USA,GK,25,17.0,1530.0,90.0,100.0,17.0,17,90.0,17,0,,0,1.71,26.0,20.0,6.0,0.35,,27.2,23.5,3.7,0.21,,New York City FC,
Santiago Rodríguez,URU,MF,24,17.0,1476.0,87.0,96.5,16.4,17,87.0,12,0,,0,1.71,25.0,20.0,5.0,0.3,-1.36,26.6,22.6,4.1,0.25,0.92,New York City FC,
Birk Risa,NOR,DF,26,16.0,1401.0,88.0,91.6,15.6,16,88.0,15,0,,0,1.75,25.0,18.0,7.0,0.45,1.15,25.8,20.9,5.0,0.32,1.26,New York City FC,
Hannes Wolf,AUT,FW,25,17.0,1279.0,75.0,83.6,14.2,16,78.0,1,1,27.0,0,1.71,18.0,15.0,3.0,0.21,-0.86,21.6,20.8,0.9,0.06,-0.93,New York City FC,
Thiago Martins,BRA,DF,29,15.0,1349.0,90.0,88.2,15.0,15,90.0,14,0,,0,1.73,19.0,16.0,3.0,0.2,-1.29,22.3,19.0,3.3,0.22,0.04,New York City FC,
Kevin O'Toole,USA,DF,25,16.0,1307.0,82.0,85.4,14.5,15,86.0,13,1,21.0,0,1.81,18.0,15.0,3.0,0.21,-1.0,22.0,17.1,4.9,0.34,0.86,New York City FC,
Keaton Parks,USA,MF,26,16.0,1276.0,80.0,83.4,14.2,15,84.0,10,1,22.0,0,1.81,19.0,17.0,2.0,0.14,-1.28,23.0,19.8,3.2,0.23,0.06,New York City FC,
James Sands,USA,MF,23,14.0,1251.0,89.0,81.8,13.9,14,89.0,13,0,,0,1.64,22.0,17.0,5.0,0.36,0.04,23.0,19.8,3.3,0.23,0.11,New York City FC,
Monsef Bakrar,ALG,FW,23,13.0,924.0,71.0,60.4,10.3,11,79.0,3,2,29.0,0,1.77,9.0,8.0,1.0,0.1,-0.65,15.4,11.0,4.4,0.43,0.54,New York City FC,
Mitja Ilenič,SVN,DF,19,14.0,914.0,65.0,59.7,10.2,11,77.0,6,3,21.0,2,1.64,17.0,9.0,8.0,0.79,1.08,15.8,13.1,2.7,0.27,0.13,New York City FC,
Tayvon Gray,JAM,DF,21,12.0,679.0,57.0,44.4,7.5,7,86.0,5,5,15.0,3,1.67,14.0,12.0,2.0,0.27,-0.16,12.9,12.9,0.0,0.0,-0.39,New York City FC,
Agustin Ojeda,ARG,FW,19,12.0,508.0,42.0,33.2,5.6,7,61.0,0,5,16.0,4,1.83,7.0,4.0,3.0,0.53,0.27,9.2,6.3,2.9,0.52,0.45,New York City FC,
Andrés Perea,USA,MF,23,15.0,694.0,46.0,45.4,7.7,6,90.0,6,9,17.0,2,1.87,14.0,12.0,2.0,0.26,-0.17,11.9,11.1,0.9,0.11,-0.19,New York City FC,
Julián Fernández,ARG,FW,20,12.0,484.0,40.0,31.6,5.4,5,63.0,0,7,24.0,5,1.42,6.0,10.0,-4.0,-0.74,-1.6,6.5,6.6,-0.2,-0.03,-0.36,New York City FC,
Alonso Martínez,CRC,FW,25,11.0,456.0,41.0,29.8,5.1,5,66.0,0,6,21.0,6,1.82,14.0,6.0,8.0,1.58,1.75,9.3,10.8,-1.5,-0.29,-0.72,New York City FC,
Strahinja Tanasijević,SRB,DF,27,6.0,357.0,60.0,23.3,4.0,4,89.0,3,2,1.0,7,1.67,8.0,6.0,2.0,0.5,0.2,6.5,8.3,-1.8,-0.46,-0.88,New York City FC,
Malachi Jones,SLE,FW,20,11.0,357.0,32.0,23.3,4.0,2,70.0,0,9,24.0,5,2.0,12.0,3.0,9.0,2.27,2.5,8.3,4.7,3.6,0.91,0.91,New York City FC,
Jovan Mijatović,SRB,FW,18,6.0,182.0,30.0,11.9,2.0,2,58.0,0,4,17.0,6,1.5,3.0,4.0,-1.0,-0.49,-0.96,2.4,3.3,-0.9,-0.45,-0.75,New York City FC,
Andres Jasson,USA,MF,22,3.0,157.0,52.0,10.3,1.7,2,78.0,1,1,1.0,11,1.0,1.0,1.0,0.0,0.0,-0.39,1.7,1.9,-0.2,-0.11,-0.36,New York City FC,
Justin Haak,USA,DF,22,5.0,89.0,18.0,5.8,1.0,0,,0,5,18.0,6,1.8,1.0,3.0,-2.0,-2.02,-2.52,1.0,1.6,-0.6,-0.58,-0.84,New York City FC,
Maximiliano Moralez,ARG,FW,37,2.0,52.0,26.0,3.4,0.6,0,,0,2,26.0,0,1.5,5.0,1.0,4.0,6.92,6.8,3.1,0.9,2.2,3.79,3.7,New York City FC,
Christian McFarlane, ENG,DF,17,1.0,17.0,17.0,1.1,0.2,0,,0,1,17.0,2,0.0,1.0,0.0,1.0,5.29,5.0,1.2,0.1,1.1,5.8,5.65,New York City FC,
Talles Magno,BRA,MF,21,1.0,7.0,7.0,0.5,0.1,0,,0,1,7.0,7,0.0,0.0,0.0,0.0,0.0,-0.35,0.1,0.0,0.0,0.63,0.41,New York City FC,
Jacob Arroyave,USA,MF,16,0.0,,,,,0,,0,0,,1,,,,,,,,,,,,New York City FC,
Drew Baiera,USA,DF,17,0.0,,,,,0,,0,0,,1,,,,,,,,,,,,New York City FC,
Luis Barraza,USA,GK,27,0.0,,,,,0,,0,0,,17,,,,,,,,,,,,New York City FC,
Maximo Carrizo,USA,MF,16,0.0,,,,,0,,0,0,,1,,,,,,,,,,,,New York City FC,
Rio Hope-Gund,USA,DF,24,0.0,,,,,0,,0,0,,1,,,,,,,,,,,,New York City FC,
Diego Rossi,URU,MF,26,15.0,1204.0,80.0,89.2,13.4,13,89.0,10,2,23.0,0,1.8,24.0,15.0,9.0,0.67,0.67,21.3,17.0,4.3,0.32,0.71,Columbus Crew,
Patrick Schulte,USA,GK,23,13.0,1170.0,90.0,86.7,13.0,13,90.0,13,0,,0,2.0,24.0,13.0,11.0,0.85,1.85,21.5,15.8,5.6,0.43,1.42,Columbus Crew,
Aidan Morris,USA,MF,22,14.0,1124.0,80.0,83.3,12.5,13,85.0,11,1,20.0,0,1.93,18.0,9.0,9.0,0.72,0.72,17.3,15.1,2.2,0.18,-0.39,Columbus Crew,
Darlington Nagbe,USA,MF,33,13.0,1114.0,86.0,82.5,12.4,13,86.0,10,0,,1,1.92,21.0,14.0,7.0,0.57,-0.2,19.5,15.0,4.5,0.36,0.68,Columbus Crew,
Malte Amundsen,DEN,DF,26,15.0,1124.0,75.0,83.3,12.5,12,90.0,11,3,16.0,0,1.8,18.0,14.0,4.0,0.32,-1.67,18.0,16.4,1.6,0.13,-0.7,Columbus Crew,
Rudy Camacho,FRA,DF,33,12.0,958.0,80.0,71.0,10.6,12,80.0,8,0,,1,2.0,20.0,10.0,10.0,0.94,1.17,17.0,12.3,4.7,0.44,0.68,Columbus Crew,
Steven Moreira,CPV,DF,29,14.0,946.0,68.0,70.1,10.5,10,88.0,9,4,17.0,1,1.86,20.0,14.0,6.0,0.57,-0.1,15.4,14.8,0.7,0.06,-0.61,Columbus Crew,
Sean Zawadzki,USA,DF,24,13.0,830.0,64.0,61.5,9.2,9,80.0,5,4,28.0,1,1.92,14.0,10.0,4.0,0.43,-0.43,14.2,12.9,1.3,0.14,-0.28,Columbus Crew,
Cucho,COL,FW,25,10.0,806.0,81.0,59.7,9.0,9,87.0,5,1,24.0,0,1.6,13.0,10.0,3.0,0.33,-0.66,13.9,9.9,4.0,0.45,0.51,Columbus Crew,
Yaw Yeboah,GHA,DF,27,12.0,801.0,67.0,59.3,8.9,9,80.0,2,3,28.0,3,1.67,16.0,9.0,7.0,0.79,0.46,14.3,10.7,3.7,0.41,0.41,Columbus Crew,
Maximilian Arfsten,USA,DF,23,12.0,714.0,60.0,52.9,7.9,8,73.0,2,4,32.0,3,1.67,9.0,5.0,4.0,0.5,-0.2,13.1,9.6,3.5,0.44,0.42,Columbus Crew,
Jacen Russell-Rowe,CAN,FW,21,11.0,718.0,65.0,53.2,8.0,7,78.0,1,4,43.0,1,1.82,15.0,8.0,7.0,0.88,0.59,11.5,9.7,1.8,0.22,-0.05,Columbus Crew,
Mohamed Farsi,CAN,DF,24,13.0,713.0,55.0,52.8,7.9,7,82.0,5,6,23.0,0,2.0,15.0,11.0,4.0,0.5,-0.2,12.9,11.3,1.5,0.19,-0.11,Columbus Crew,
Yevhen Cheberko,UKR,DF,26,11.0,691.0,63.0,51.2,7.7,7,87.0,6,4,20.0,4,1.82,15.0,9.0,6.0,0.78,0.37,14.3,10.4,3.9,0.5,0.53,Columbus Crew,
Alexandru Mățan,ROU,MF,24,9.0,480.0,53.0,35.6,5.3,6,73.0,1,3,14.0,1,2.0,6.0,5.0,1.0,0.19,-0.64,7.6,8.7,-1.0,-0.19,-0.68,Columbus Crew,
Christian Ramirez,USA,FW,33,9.0,368.0,41.0,27.3,4.1,4,67.0,0,5,20.0,2,1.89,9.0,4.0,5.0,1.22,0.86,8.8,6.1,2.7,0.66,0.57,Columbus Crew,
Marino Hinestroza,COL,MF,21,10.0,297.0,30.0,22.0,3.3,4,52.0,0,6,15.0,5,1.9,3.0,0.0,3.0,0.91,0.4,4.1,2.9,1.2,0.37,0.16,Columbus Crew,
William Sands,USA,DF,23,6.0,256.0,43.0,19.0,2.8,4,63.0,1,2,2.0,7,1.5,2.0,1.0,1.0,0.35,-0.31,2.4,3.9,-1.5,-0.53,-0.96,Columbus Crew,
Evan Bush,USA,GK,38,2.0,124.0,62.0,9.2,1.4,2,62.0,1,0,,6,0.5,0.0,2.0,-2.0,-1.45,-2.26,1.0,2.1,-1.1,-0.79,-1.14,Columbus Crew,
Derrick Jones,USA,MF,27,8.0,116.0,15.0,8.6,1.3,1,90.0,1,7,4.0,6,1.88,1.0,0.0,1.0,0.78,0.19,2.3,1.3,1.0,0.77,0.57,Columbus Crew,
Philip Quinton,USA,DF,24,1.0,90.0,90.0,6.7,1.0,1,90.0,1,0,,7,1.0,0.0,0.0,0.0,0.0,-0.64,0.6,1.8,-1.2,-1.22,-1.57,Columbus Crew,
Taha Habroune,USA,MF,18,1.0,68.0,68.0,5.0,0.8,1,68.0,0,0,,8,1.0,0.0,0.0,0.0,0.0,-0.63,0.4,1.7,-1.3,-1.69,-2.04,Columbus Crew,
Nicholas Hagen,GUA,GK,27,1.0,56.0,56.0,4.1,0.6,0,,0,1,56.0,8,1.0,0.0,0.0,0.0,0.0,-0.63,0.5,1.3,-0.9,-1.4,-1.72,Columbus Crew,
Cole Mrowka,USA,MF,18,1.0,1.0,1.0,0.1,0.0,0,,0,1,1.0,5,3.0,0.0,0.0,0.0,0.0,-0.6,0.0,0.0,0.0,-1.48,-1.72,Columbus Crew,
Giorgio De Libera,USA,MF,18,0.0,,,,,0,,0,0,,1,,,,,,,,,,,,Columbus Crew,
Stanisłaŭ Łapkies,BLR,GK,18,0.0,,,,,0,,0,0,,2,,,,,,,,,,,,Columbus Crew,
Frankie Amaya,USA,MF,23,18.0,1496.0,83.0,92.3,16.6,17,87.0,14,1,24.0,0,1.67,27.0,19.0,8.0,0.48,1.93,23.4,15.8,7.6,0.45,1.23,New York Red Bulls,
Carlos Coronel,PAR,GK,27,15.0,1350.0,90.0,83.3,15.0,15,90.0,15,0,,0,1.73,25.0,22.0,3.0,0.2,-0.8,21.6,17.5,4.1,0.28,-0.5,New York Red Bulls,
Sean Nealis,USA,DF,27,16.0,1321.0,83.0,81.5,14.7,14,90.0,13,2,31.0,1,1.69,23.0,18.0,5.0,0.34,0.04,21.4,14.0,7.5,0.51,0.81,New York Red Bulls,
Lewis Morgan, SCO,FW,27,16.0,1298.0,81.0,80.1,14.4,14,87.0,6,2,42.0,0,1.81,28.0,19.0,9.0,0.62,1.46,20.2,16.0,4.2,0.29,-0.35,New York Red Bulls,
Daniel Edelman,USA,MF,21,16.0,1258.0,79.0,77.7,14.0,14,88.0,11,2,12.0,0,1.63,22.0,21.0,1.0,0.07,-1.17,20.1,16.7,3.3,0.24,-0.55,New York Red Bulls,
John Tolkin,USA,DF,21,15.0,1222.0,81.0,75.4,13.6,14,86.0,11,1,15.0,0,1.73,24.0,22.0,2.0,0.15,-0.76,20.1,16.7,3.5,0.25,-0.43,New York Red Bulls,
Dante Vanzeir,BEL,FW,26,16.0,1030.0,64.0,63.6,11.4,14,70.0,1,2,24.0,0,1.69,20.0,14.0,6.0,0.52,0.52,15.2,10.3,4.8,0.42,0.17,New York Red Bulls,
Dylan Nealis,USA,DF,25,15.0,1189.0,79.0,73.4,13.2,13,90.0,13,2,10.0,3,1.8,20.0,10.0,10.0,0.76,1.59,18.6,9.8,8.8,0.66,1.14,New York Red Bulls,
Noah Eile,SWE,DF,21,15.0,1158.0,77.0,71.5,12.9,13,87.0,10,2,13.0,0,1.8,19.0,14.0,5.0,0.39,0.19,18.4,12.9,5.5,0.43,0.23,New York Red Bulls,
Emil Forsberg,SWE,MF,32,14.0,1134.0,81.0,70.0,12.6,13,86.0,4,1,22.0,0,1.79,20.0,16.0,4.0,0.32,-0.05,16.5,14.0,2.5,0.2,-0.55,New York Red Bulls,
Wikelman Carmona,VEN,MF,21,16.0,1040.0,65.0,64.2,11.6,12,80.0,4,4,19.0,2,1.69,15.0,13.0,2.0,0.17,-0.45,15.3,10.7,4.6,0.4,0.1,New York Red Bulls,
Kyle Duncan,USA,DF,26,14.0,834.0,60.0,51.5,9.3,9,86.0,6,5,11.0,2,1.43,14.0,15.0,-1.0,-0.11,-0.91,12.3,11.4,0.9,0.1,-0.54,New York Red Bulls,
Elias Manoel,BRA,FW,22,17.0,814.0,48.0,50.2,9.0,9,72.0,1,8,21.0,0,1.59,12.0,12.0,0.0,0.0,-0.67,13.4,10.0,3.4,0.38,0.03,New York Red Bulls,
Andrés Reyes,COL,DF,24,12.0,668.0,56.0,41.2,7.4,8,81.0,6,4,5.0,2,1.92,17.0,13.0,4.0,0.54,0.35,10.3,10.6,-0.3,-0.04,-0.68,New York Red Bulls,
Peter Stroud,USA,MF,22,8.0,599.0,75.0,37.0,6.7,8,75.0,3,0,,0,1.88,9.0,7.0,2.0,0.3,-0.05,8.5,5.2,3.3,0.5,0.22,New York Red Bulls,
Cameron Harper,USA,MF,22,11.0,427.0,39.0,26.4,4.7,4,73.0,1,7,19.0,5,1.73,7.0,6.0,1.0,0.21,-0.17,8.2,5.9,2.3,0.49,0.17,New York Red Bulls,
Dennis Gjengaar,NOR,MF,20,12.0,397.0,33.0,24.5,4.4,4,65.0,0,8,17.0,4,1.33,11.0,5.0,6.0,1.36,1.36,7.2,4.3,2.9,0.66,0.4,New York Red Bulls,
Ryan Meara,USA,GK,33,3.0,270.0,90.0,16.7,3.0,3,90.0,3,0,,13,1.33,4.0,1.0,3.0,1.0,0.8,3.8,1.5,2.3,0.78,0.5,New York Red Bulls,
Cory Burke,JAM,FW,32,9.0,125.0,14.0,7.7,1.4,0,,0,9,14.0,1,1.56,1.0,3.0,-2.0,-1.44,-1.92,2.4,2.6,-0.2,-0.11,-0.51,New York Red Bulls,
Julian Hall,USA,FW,16,3.0,30.0,10.0,1.9,0.3,0,,0,3,10.0,12,2.0,0.0,2.0,-2.0,-6.0,-6.45,0.5,0.5,0.0,-0.01,-0.37,New York Red Bulls,
Mohammed Sofo,GHA,MF,19,1.0,28.0,28.0,1.7,0.3,0,,0,1,28.0,3,0.0,0.0,1.0,-1.0,-3.21,-3.61,0.5,0.5,0.0,0.12,-0.25,New York Red Bulls,
Roald Mitchell,USA,FW,21,2.0,18.0,9.0,1.1,0.2,0,,0,2,9.0,5,2.0,0.0,0.0,0.0,0.0,-0.34,0.0,0.2,-0.1,-0.72,-1.1,New York Red Bulls,
Aidan O'Connor,USA,DF,22,1.0,16.0,16.0,1.0,0.2,0,,0,1,16.0,7,3.0,0.0,0.0,0.0,0.0,-0.34,0.1,0.3,-0.2,-1.16,-1.54,New York Red Bulls,
Serge Ngoma,USA,MF,18,2.0,15.0,8.0,0.9,0.2,0,,0,2,8.0,1,3.0,0.0,0.0,0.0,0.0,-0.34,0.0,0.1,-0.1,-0.59,-0.96,New York Red Bulls,
Ronald Donkor,MLI,FW,19,2.0,13.0,7.0,0.8,0.1,0,,0,2,7.0,7,1.5,1.0,0.0,1.0,6.92,6.64,0.9,0.5,0.4,2.79,2.45,New York Red Bulls,
Omar Valencia,PAN,MF,20,1.0,2.0,2.0,0.1,0.0,0,,0,1,2.0,3,0.0,0.0,0.0,0.0,0.0,-0.33,0.1,0.1,0.0,0.03,-0.33,New York Red Bulls,
Bento Estrela,USA,MF,18,0.0,,,,,0,,0,0,,8,,,,,,,,,,,,New York Red Bulls,
AJ Marcucci,USA,GK,24,0.0,,,,,0,,0,0,,8,,,,,,,,,,,,New York Red Bulls,
Curtis Ofori,USA,MF,18,0.0,,,,,0,,0,0,,1,,,,,,,,,,,,New York Red Bulls,
Federico Bernardeschi,ITA,DF,30,15.0,1340.0,89.0,82.7,14.9,15,89.0,12,0,,0,1.6,23.0,19.0,4.0,0.27,2.52,20.8,20.1,0.7,0.04,0.67,Toronto FC,
Deybi Flores,HON,MF,28,17.0,1276.0,75.0,78.8,14.2,14,85.0,10,3,28.0,0,1.24,21.0,24.0,-3.0,-0.21,-0.21,16.4,19.9,-3.5,-0.24,-0.81,Toronto FC,
Kevin Long,IRL,DF,33,15.0,1218.0,81.0,75.2,13.5,14,86.0,11,1,16.0,0,1.2,17.0,25.0,-8.0,-0.59,-1.71,17.2,17.9,-0.7,-0.05,0.08,Toronto FC,
Alonso Coello,ESP,MF,24,17.0,1042.0,61.0,64.3,11.6,14,70.0,2,3,21.0,0,1.24,16.0,14.0,2.0,0.17,0.95,15.3,14.1,1.2,0.1,0.49,Toronto FC,
Jonathan Osorio,CAN,MF,32,14.0,1178.0,84.0,72.7,13.1,13,88.0,12,1,29.0,0,1.5,18.0,19.0,-1.0,-0.08,0.33,15.8,18.4,-2.7,-0.2,-0.48,Toronto FC,
Nicksoen Gomis,FRA,DF,22,13.0,1157.0,89.0,71.4,12.9,13,89.0,11,0,,0,1.54,22.0,18.0,4.0,0.31,1.67,16.6,17.8,-1.2,-0.09,-0.07,Toronto FC,
Raoul Petretta,ITA,DF,27,14.0,977.0,70.0,60.3,10.9,13,73.0,6,1,24.0,0,1.5,14.0,13.0,1.0,0.09,0.65,10.8,13.3,-2.5,-0.23,-0.39,Toronto FC,
Sigurd Rosted,NOR,DF,29,16.0,1120.0,70.0,69.1,12.4,12,80.0,6,4,39.0,2,1.31,20.0,22.0,-2.0,-0.16,0.02,17.7,15.1,2.6,0.21,0.92,Toronto FC,
Sean Johnson,USA,GK,35,12.0,1080.0,90.0,66.7,12.0,12,90.0,12,0,,0,1.5,21.0,19.0,2.0,0.17,1.0,16.5,18.6,-2.1,-0.18,-0.32,Toronto FC,
Matthew Longstaff, ENG,MF,24,16.0,995.0,62.0,61.4,11.1,12,74.0,5,4,26.0,0,1.25,19.0,23.0,-4.0,-0.36,-0.51,14.2,15.7,-1.5,-0.13,-0.16,Toronto FC,
Prince Osei Owusu,GER,FW,27,15.0,920.0,61.0,56.8,10.2,10,76.0,3,5,32.0,0,1.47,21.0,17.0,4.0,0.39,1.29,16.9,14.3,2.6,0.25,0.75,Toronto FC,
Tyrese Spicer,,DF,,13.0,844.0,65.0,52.1,9.4,10,80.0,5,3,14.0,0,1.31,19.0,14.0,5.0,0.53,1.46,14.2,12.9,1.3,0.14,0.45,Toronto FC,
Lorenzo Insigne,ITA,MF,33,10.0,609.0,61.0,37.6,6.8,8,71.0,3,2,22.0,0,1.3,13.0,13.0,0.0,0.0,0.27,8.4,10.0,-1.6,-0.23,-0.26,Toronto FC,
Jahkeele Marshall-Rutty,CAN,DF,20,14.0,718.0,51.0,44.3,8.0,7,80.0,3,7,23.0,1,1.29,10.0,19.0,-9.0,-1.13,-1.73,10.2,11.2,-1.0,-0.13,-0.1,Toronto FC,
Deandre Kerr,CAN,FW,21,12.0,526.0,44.0,32.5,5.8,7,65.0,1,5,14.0,2,1.17,6.0,11.0,-5.0,-0.86,-1.02,5.2,7.6,-2.4,-0.41,-0.5,Toronto FC,
Shane O'Neill,USA,DF,30,7.0,513.0,73.0,31.7,5.7,7,73.0,4,0,,0,1.43,4.0,7.0,-3.0,-0.53,-0.53,4.7,7.6,-2.8,-0.5,-0.62,Toronto FC,
Derrick Etienne,HAI,FW,27,9.0,560.0,62.0,34.6,6.2,6,77.0,1,3,33.0,0,1.22,11.0,10.0,1.0,0.16,0.5,8.6,6.3,2.3,0.37,0.68,Toronto FC,
Luka Gavran,CAN,GK,24,6.0,540.0,90.0,33.3,6.0,6,90.0,6,0,,12,1.0,6.0,11.0,-5.0,-0.83,-1.0,6.7,5.8,0.8,0.14,0.32,Toronto FC,
Kobe Franklin,CAN,DF,21,13.0,390.0,30.0,24.1,4.3,2,61.0,0,11,24.0,5,1.69,6.0,9.0,-3.0,-0.69,-0.69,5.7,6.6,-1.0,-0.22,-0.19,Toronto FC,
Kosi Thompson,CAN,MF,21,14.0,395.0,28.0,24.4,4.4,1,90.0,1,13,23.0,4,1.21,6.0,9.0,-3.0,-0.68,-0.68,6.8,6.2,0.6,0.13,0.27,Toronto FC,
Aimé Mabika,ZAM,DF,25,5.0,215.0,43.0,13.3,2.4,1,90.0,1,4,31.0,13,1.2,3.0,4.0,-1.0,-0.42,-0.29,3.9,2.2,1.6,0.69,0.88,Toronto FC,
Richie Laryea,CAN,DF,29,2.0,79.0,40.0,4.9,0.9,1,69.0,0,1,10.0,1,1.0,0.0,1.0,-1.0,-1.14,-1.02,0.5,1.9,-1.4,-1.57,-1.57,Toronto FC,
Ayo Akinola,CAN,FW,24,5.0,87.0,17.0,5.4,1.0,0,,0,5,17.0,4,0.8,1.0,2.0,-1.0,-1.03,-0.92,1.4,2.0,-0.6,-0.6,-0.56,Toronto FC,
Cassius Mailula,RSA,MF,23,2.0,19.0,10.0,1.2,0.2,0,,0,2,10.0,16,0.0,0.0,3.0,-3.0,-14.21,-14.21,0.5,1.2,-0.7,-3.11,-3.07,Toronto FC,
Charles Sharp,USA,FW,22,1.0,15.0,15.0,0.9,0.2,0,,0,1,15.0,1,0.0,0.0,2.0,-2.0,-12.0,-11.94,0.0,0.7,-0.7,-4.04,-4.0,Toronto FC,
Hassan Ayari,TUN,FW,21,0.0,,,,,0,,0,0,,1,,,,,,,,,,,,Toronto FC,
Jesús Batiz,USA,FW,25,0.0,,,,,0,,0,0,,2,,,,,,,,,,,,Toronto FC,
Latif Blessing,GHA,FW,27,0.0,,,,,0,,0,0,,2,,,,,,,,,,,,Toronto FC,
Markus Cimermancic,CAN,MF,19,0.0,,,,,0,,0,0,,1,,,,,,,,,,,,Toronto FC,
Andrei Dumitru,CAN,MF,17,0.0,,,,,0,,0,0,,2,,,,,,,,,,,,Toronto FC,
Jordan Perruzza,CAN,MF,23,0.0,,,,,0,,0,0,,3,,,,,,,,,,,,Toronto FC,
Greg Ranjitsingh,TRI,GK,30,0.0,,,,,0,,0,0,,6,,,,,,,,,,,,Toronto FC,
Charlie Staniland, ENG,MF,19,0.0,,,,,0,,0,0,,2,,,,,,,,,,,,Toronto FC,
Kristijan Kahlina,CRO,GK,31,18.0,1620.0,90.0,100.0,18.0,18,90.0,18,0,,0,1.56,19.0,18.0,1.0,0.06,,20.5,19.4,1.0,0.06,,Charlotte FC,
Andrew Privett,USA,DF,23,18.0,1620.0,90.0,100.0,18.0,18,90.0,18,0,,0,1.56,19.0,18.0,1.0,0.06,,20.5,19.4,1.0,0.06,,Charlotte FC,
Ashley Westwood, ENG,MF,34,18.0,1620.0,90.0,100.0,18.0,18,90.0,18,0,,0,1.56,19.0,18.0,1.0,0.06,,20.5,19.4,1.0,0.06,,Charlotte FC,
Kerwin Vargas,COL,FW,22,17.0,1410.0,83.0,87.0,15.7,17,83.0,6,0,,0,1.47,16.0,15.0,1.0,0.06,0.06,17.0,17.5,-0.6,-0.04,-0.71,Charlotte FC,
Adilson Malanda,FRA,DF,22,16.0,1440.0,90.0,88.9,16.0,16,90.0,16,0,,1,1.56,16.0,13.0,3.0,0.19,1.19,18.6,16.0,2.7,0.17,0.99,Charlotte FC,
Nathan Byrne, ENG,DF,32,15.0,1350.0,90.0,83.3,15.0,15,90.0,15,0,,0,1.67,16.0,12.0,4.0,0.27,1.27,18.0,14.8,3.2,0.21,0.94,Charlotte FC,
Jere Uronen,FIN,DF,29,14.0,1156.0,83.0,71.4,12.8,13,89.0,12,1,1.0,0,1.64,15.0,14.0,1.0,0.08,0.08,14.9,13.6,1.3,0.1,0.16,Charlotte FC,
Patrick Agyemang,USA,FW,23,17.0,1103.0,65.0,68.1,12.3,12,82.0,5,5,23.0,0,1.47,13.0,11.0,2.0,0.16,0.34,13.2,12.8,0.4,0.03,-0.07,Charlotte FC,
Djibril Diani,FRA,MF,26,13.0,994.0,76.0,61.4,11.0,12,82.0,8,1,9.0,2,1.62,12.0,12.0,0.0,0.0,-0.14,12.6,12.2,0.4,0.04,-0.05,Charlotte FC,
Brecht Dejaegere,BEL,MF,33,16.0,861.0,54.0,53.1,9.6,10,72.0,1,6,23.0,1,1.69,8.0,9.0,-1.0,-0.1,-0.34,12.7,9.2,3.5,0.37,0.67,Charlotte FC,
Liel Abada,ISR,FW,22,9.0,580.0,64.0,35.8,6.4,7,77.0,1,2,21.0,0,1.22,8.0,10.0,-2.0,-0.31,-0.57,6.1,9.1,-3.1,-0.48,-0.83,Charlotte FC,
Júnior Urso,BRA,MF,35,12.0,593.0,49.0,36.6,6.6,6,83.0,3,6,16.0,4,1.92,8.0,7.0,1.0,0.15,0.15,8.4,6.7,1.8,0.27,0.33,Charlotte FC,
Iuri Tavares,CPV,FW,23,13.0,580.0,45.0,35.8,6.4,6,75.0,0,7,18.0,3,1.38,6.0,4.0,2.0,0.31,0.4,8.2,5.8,2.4,0.38,0.5,Charlotte FC,
Enzo Copetti,ARG,FW,28,9.0,495.0,55.0,30.6,5.5,6,74.0,1,3,17.0,0,1.22,6.0,8.0,-2.0,-0.36,-0.6,7.0,6.6,0.4,0.07,0.02,Charlotte FC,
Brandt Bronico,USA,MF,28,9.0,506.0,56.0,31.2,5.6,5,85.0,2,4,21.0,4,1.89,6.0,3.0,3.0,0.53,0.7,4.9,5.5,-0.6,-0.11,-0.24,Charlotte FC,
João Pedro,BRA,DF,21,6.0,438.0,73.0,27.0,4.9,5,87.0,2,1,1.0,9,1.83,3.0,2.0,1.0,0.21,0.21,4.9,4.8,0.2,0.03,-0.03,Charlotte FC,
Nikola Petković,SRB,MF,21,11.0,424.0,39.0,26.2,4.7,5,66.0,0,6,15.0,7,1.64,6.0,1.0,5.0,1.06,1.36,5.7,4.5,1.3,0.27,0.29,Charlotte FC,
Scott Arfield,CAN,MF,35,12.0,332.0,28.0,20.5,3.7,3,67.0,1,9,15.0,3,1.75,2.0,4.0,-2.0,-0.54,-0.75,3.6,3.7,-0.1,-0.04,-0.12,Charlotte FC,
Jaylin Lindsey,USA,DF,24,6.0,297.0,50.0,18.3,3.3,3,90.0,3,3,9.0,12,1.0,4.0,8.0,-4.0,-1.21,-1.55,3.1,5.7,-2.6,-0.78,-1.02,Charlotte FC,
Bill Tuiloma,NZL,DF,29,2.0,180.0,90.0,11.1,2.0,2,90.0,2,0,,13,1.5,3.0,5.0,-2.0,-1.0,-1.19,1.8,3.5,-1.6,-0.82,-0.99,Charlotte FC,
Tyger Smalls,,FW,,9.0,182.0,20.0,11.2,2.0,1,69.0,0,8,14.0,0,1.89,3.0,4.0,-1.0,-0.49,-0.62,2.5,2.8,-0.2,-0.11,-0.19,Charlotte FC,
Nimfasha Berchimas,USA,FW,16,3.0,23.0,8.0,1.4,0.3,0,,0,3,8.0,2,1.33,0.0,0.0,0.0,0.0,-0.06,0.1,0.1,0.0,0.11,0.06,Charlotte FC,
Ben Bender,USA,MF,23,1.0,16.0,16.0,1.0,0.2,0,,0,1,16.0,3,0.0,1.0,2.0,-1.0,-5.63,-5.74,0.1,0.7,-0.6,-3.2,-3.29,Charlotte FC,
David Bingham,USA,GK,34,0.0,,,,,0,,0,0,,18,,,,,,,,,,,,Charlotte FC,
Hamady Diop,SEN,DF,22,0.0,,,,,0,,0,0,,9,,,,,,,,,,,,Charlotte FC,
Jahlane Forbes,USA,DF,22,0.0,,,,,0,,0,0,,1,,,,,,,,,,,,Charlotte FC,
Nick Scardina,USA,MF,22,0.0,,,,,0,,0,0,,4,,,,,,,,,,,,Charlotte FC,
Kai Wagner,GER,DF,27,17.0,1408.0,83.0,92.0,15.6,15,88.0,14,2,45.0,0,1.18,26.0,21.0,5.0,0.32,1.8,27.9,20.1,7.8,0.5,0.17,Philadelphia Union,
Nathan Harriel,USA,DF,23,16.0,1337.0,84.0,87.4,14.9,15,88.0,12,1,19.0,0,1.06,22.0,22.0,0.0,0.0,-1.4,25.1,17.7,7.4,0.5,0.07,Philadelphia Union,
Quinn Sullivan,USA,MF,20,17.0,1337.0,79.0,87.4,14.9,15,85.0,8,2,35.0,0,1.18,24.0,23.0,1.0,0.07,-0.87,25.3,19.4,5.9,0.4,-0.73,Philadelphia Union,
Jack McGlynn,USA,MF,20,16.0,1335.0,83.0,87.3,14.8,14,88.0,11,2,54.0,0,1.06,23.0,20.0,3.0,0.2,0.2,25.8,17.6,8.2,0.56,0.53,Philadelphia Union,
Dániel Gazdag,HUN,MF,28,15.0,1300.0,87.0,85.0,14.4,14,90.0,12,1,45.0,0,1.13,24.0,21.0,3.0,0.21,0.21,25.4,17.4,8.1,0.56,0.48,Philadelphia Union,
Jakob Glesnes,NOR,DF,30,15.0,1300.0,87.0,85.0,14.4,14,87.0,13,1,85.0,2,1.2,23.0,21.0,2.0,0.14,-0.25,24.6,18.5,6.1,0.42,-0.43,Philadelphia Union,
Oliver Semmle,GER,GK,26,15.0,1228.0,82.0,80.3,13.6,12,90.0,12,3,49.0,2,1.27,24.0,21.0,3.0,0.22,0.22,23.8,19.3,4.5,0.33,-0.79,Philadelphia Union,
Mikael Uhre,DEN,FW,29,16.0,1069.0,67.0,69.9,11.9,12,80.0,6,4,26.0,0,1.06,22.0,18.0,4.0,0.34,0.53,22.4,15.4,7.0,0.59,0.35,Philadelphia Union,
Jack Elliott, ENG,DF,28,12.0,1020.0,85.0,66.7,11.3,12,85.0,10,0,,4,1.42,17.0,13.0,4.0,0.35,0.53,18.4,13.7,4.7,0.41,-0.23,Philadelphia Union,
Julián Carranza,ARG,FW,24,12.0,1073.0,89.0,70.1,11.9,11,90.0,10,1,85.0,0,1.42,22.0,17.0,5.0,0.42,0.81,20.2,15.2,5.0,0.42,-0.23,Philadelphia Union,
José Andrés Martínez,VEN,MF,29,14.0,840.0,60.0,54.9,9.3,11,72.0,4,3,15.0,1,1.14,14.0,17.0,-3.0,-0.32,-1.1,16.5,10.8,5.7,0.61,0.27,Philadelphia Union,
Damion Lowe,JAM,DF,31,9.0,724.0,80.0,47.3,8.0,9,80.0,7,0,,3,1.0,15.0,15.0,0.0,0.0,-0.33,14.7,10.4,4.3,0.54,0.1,Philadelphia Union,
Alejandro Bedoya,USA,MF,37,17.0,936.0,55.0,61.2,10.4,8,84.0,6,9,30.0,0,1.18,23.0,13.0,10.0,0.96,2.02,21.5,13.7,7.9,0.76,0.69,Philadelphia Union,
Leon Flach,USA,MF,23,7.0,553.0,79.0,36.1,6.1,7,79.0,4,0,,3,1.0,6.0,7.0,-1.0,-0.16,-0.53,8.5,7.0,1.5,0.24,-0.39,Philadelphia Union,
Olivier Mbaizo,CMR,DF,26,8.0,394.0,49.0,25.8,4.4,5,66.0,1,3,21.0,7,1.38,9.0,8.0,1.0,0.23,0.07,8.0,5.9,2.2,0.5,0.02,Philadelphia Union,
Andre Blake,JAM,GK,33,5.0,302.0,60.0,19.7,3.4,5,60.0,2,0,,0,1.0,4.0,4.0,0.0,0.0,-0.22,6.1,2.3,3.8,1.12,0.79,Philadelphia Union,
Jeremy Rafanello,USA,MF,24,4.0,208.0,52.0,13.6,2.3,3,69.0,1,1,2.0,13,1.75,4.0,3.0,1.0,0.43,0.3,3.1,3.4,-0.2,-0.11,-0.69,Philadelphia Union,
Jesús Daniel Bueno,VEN,MF,25,5.0,177.0,35.0,11.6,2.0,2,68.0,1,3,14.0,11,0.8,1.0,6.0,-5.0,-2.54,-3.07,2.8,3.1,-0.3,-0.14,-0.71,Philadelphia Union,
Markus Anderson,USA,MF,20,3.0,96.0,32.0,6.3,1.1,2,44.0,0,1,8.0,7,1.33,4.0,1.0,3.0,2.81,2.81,2.1,1.6,0.5,0.48,-0.01,Philadelphia Union,
Christopher Donovan,USA,MF,23,12.0,139.0,12.0,9.1,1.5,1,56.0,0,11,8.0,5,1.17,1.0,2.0,-1.0,-0.65,-0.91,4.6,2.6,2.0,1.3,0.89,Philadelphia Union,
Thai Baribo,ISR,DF,26,4.0,26.0,7.0,1.7,0.3,0,,0,4,7.0,12,1.0,0.0,1.0,-1.0,-3.46,-3.7,1.1,1.6,-0.5,-1.86,-2.38,Philadelphia Union,
Olwethu Makhanya,RSA,DF,20,0.0,,,,,0,,0,0,,6,,,,,,,,,,,,Philadelphia Union,
Sanders Ngabo,DEN,MF,19,0.0,,,,,0,,0,0,,4,,,,,,,,,,,,Philadelphia Union,
Matthew Real,USA,DF,24,0.0,,,,,0,,0,0,,3,,,,,,,,,,,,Philadelphia Union,
Andrew Rick,USA,GK,18,0.0,,,,,0,,0,0,,12,,,,,,,,,,,,Philadelphia Union,
Holden Trent,USA,GK,24,0.0,,,,,0,,0,0,,1,,,,,,,,,,,,Philadelphia Union,
David Vazquez,USA,FW,18,0.0,,,,,0,,0,0,,1,,,,,,,,,,,,Philadelphia Union,
Alex Bono,USA,GK,30,18.0,1620.0,90.0,100.0,18.0,18,90.0,18,0,,0,1.06,25.0,32.0,-7.0,-0.39,,31.5,25.9,5.6,0.31,,DC United,
Lucas Bartlett,USA,DF,26,18.0,1585.0,88.0,97.8,17.6,18,88.0,16,0,,0,1.06,25.0,32.0,-7.0,-0.4,-0.4,31.3,24.8,6.4,0.37,2.61,DC United,
Jared Stroud,USA,FW,27,18.0,1402.0,78.0,86.5,15.6,18,78.0,4,0,,0,1.06,22.0,26.0,-4.0,-0.26,0.98,27.8,21.6,6.2,0.4,0.66,DC United,
Mateusz Klich,POL,MF,34,17.0,1494.0,88.0,92.2,16.6,17,88.0,16,0,,0,1.12,24.0,28.0,-4.0,-0.24,1.9,29.6,21.6,8.0,0.48,2.22,DC United,
Christian Benteke,BEL,FW,33,16.0,1395.0,87.0,86.1,15.5,16,87.0,13,0,,1,1.06,21.0,30.0,-9.0,-0.58,-1.38,26.8,23.2,3.6,0.23,-0.57,DC United,
Aaron Herrera,GUA,DF,27,15.0,1350.0,90.0,83.3,15.0,15,90.0,15,0,,1,1.2,23.0,27.0,-4.0,-0.27,0.73,28.7,19.6,9.0,0.6,1.74,DC United,
Cristián Dajome,COL,FW,30,17.0,1269.0,75.0,78.3,14.1,15,82.0,8,2,22.0,0,1.06,18.0,24.0,-6.0,-0.43,-0.17,20.8,20.7,0.1,0.01,-1.4,DC United,
Christopher McVey,SWE,DF,27,15.0,1269.0,85.0,78.3,14.1,15,85.0,13,0,,0,1.2,20.0,22.0,-2.0,-0.14,1.14,25.6,19.3,6.3,0.44,0.62,DC United,
Matti Peltola,FIN,MF,21,16.0,1122.0,70.0,69.3,12.5,12,81.0,8,4,39.0,0,1.06,18.0,26.0,-8.0,-0.64,-0.82,22.5,19.1,3.3,0.27,-0.14,DC United,
Jackson Hopkins,USA,MF,19,16.0,932.0,58.0,57.5,10.4,12,71.0,2,4,21.0,1,1.19,15.0,18.0,-3.0,-0.29,0.23,16.1,15.1,1.0,0.1,-0.5,DC United,
Theodore Ku-Dipietro,USA,MF,22,13.0,844.0,65.0,52.1,9.4,11,73.0,2,2,19.0,1,1.15,14.0,17.0,-3.0,-0.32,0.14,19.7,11.7,8.0,0.85,1.13,DC United,
Pedro Santos,POR,DF,36,14.0,740.0,53.0,45.7,8.2,8,79.0,3,6,18.0,2,1.14,7.0,14.0,-7.0,-0.85,-0.85,12.2,13.0,-0.8,-0.1,-0.76,DC United,
Gabriel Pirani,BRA,MF,22,17.0,689.0,41.0,42.5,7.7,7,74.0,1,10,17.0,0,1.12,12.0,15.0,-3.0,-0.39,-0.01,16.0,12.8,3.2,0.41,0.18,DC United,
Conner Antley,USA,DF,29,7.0,434.0,62.0,26.8,4.8,4,86.0,3,3,30.0,2,1.71,8.0,7.0,1.0,0.21,0.81,9.5,6.4,3.1,0.63,0.44,DC United,
Steve Birnbaum,USA,DF,33,6.0,346.0,58.0,21.4,3.8,4,73.0,1,2,27.0,2,0.5,4.0,10.0,-6.0,-1.56,-1.49,5.3,5.9,-0.7,-0.17,-0.62,DC United,
Jacob Murrell,USA,FW,20,14.0,430.0,31.0,26.5,4.8,3,66.0,0,11,21.0,3,0.79,7.0,10.0,-3.0,-0.63,-0.33,8.0,7.2,0.9,0.18,-0.17,DC United,
Garrison Tubbs,USA,DF,22,6.0,231.0,39.0,14.3,2.6,2,90.0,2,4,13.0,5,0.83,2.0,4.0,-2.0,-0.78,-0.46,3.9,3.1,0.7,0.29,-0.02,DC United,
Matai Akinmboni,USA,DF,17,4.0,216.0,54.0,13.3,2.4,2,74.0,0,2,34.0,8,0.5,2.0,2.0,0.0,0.0,0.45,2.5,4.5,-1.9,-0.8,-1.29,DC United,
Kristian Fletcher,USA,FW,18,13.0,246.0,19.0,15.2,2.7,1,45.0,0,12,17.0,4,1.08,6.0,4.0,2.0,0.73,1.32,5.0,4.7,0.3,0.12,-0.22,DC United,
Martín Rodríguez,CHI,MF,29,9.0,158.0,18.0,9.8,1.8,0,,0,9,18.0,8,0.56,2.0,3.0,-1.0,-0.57,-0.2,3.1,3.1,-0.1,-0.04,-0.38,DC United,
Mohanad Jeahze,IRQ,MF,27,1.0,1.0,1.0,0.1,0.0,0,,0,1,1.0,1,1.0,0.0,0.0,0.0,0.0,0.39,0.0,0.0,0.0,-1.82,-2.13,DC United,
Nathan Crockford,USA,GK,17,0.0,,,,,0,,0,0,,2,,,,,,,,,,,,DC United,
Tyler Miller,USA,GK,31,0.0,,,,,0,,0,0,,10,,,,,,,,,,,,DC United,
Hayden Sargis,USA,DF,22,0.0,,,,,0,,0,0,,1,,,,,,,,,,,,DC United,
Luis Zamudio,USA,GK,25,0.0,,,,,0,,0,0,,9,,,,,,,,,,,,DC United,
Iván Angulo,COL,FW,25,17.0,1396.0,82.0,91.2,15.5,17,82.0,12,0,,0,1.0,15.0,23.0,-8.0,-0.52,0.83,18.6,21.7,-3.1,-0.2,-0.69,Orlando City,
Pedro Gallese,PER,GK,34,15.0,1350.0,90.0,88.2,15.0,15,90.0,15,0,,0,0.93,14.0,24.0,-10.0,-0.67,-0.67,18.3,22.3,-4.0,-0.27,-1.07,Orlando City,
Dagur Dan Þórhallsson,ISL,DF,24,17.0,1216.0,72.0,79.5,13.5,15,78.0,8,2,21.0,0,1.0,12.0,24.0,-12.0,-0.89,-1.46,15.3,20.4,-5.1,-0.37,-1.14,Orlando City,
Facundo Torres,URU,FW,24,15.0,1225.0,82.0,80.1,13.6,14,86.0,7,1,17.0,0,0.93,11.0,21.0,-10.0,-0.73,-0.73,14.0,21.0,-7.0,-0.52,-1.9,Orlando City,
Robin Jansson,SWE,DF,32,13.0,1144.0,88.0,74.8,12.7,13,88.0,12,0,,1,1.0,16.0,23.0,-7.0,-0.55,0.15,17.8,17.3,0.5,0.04,0.71,Orlando City,
César Araujo,URU,MF,23,14.0,1085.0,78.0,70.9,12.1,13,83.0,10,1,8.0,0,0.79,13.0,22.0,-9.0,-0.75,-0.54,12.8,19.0,-6.2,-0.52,-1.29,Orlando City,
Nicolás Lodeiro,URU,MF,35,17.0,1193.0,70.0,78.0,13.3,12,85.0,5,5,36.0,0,1.0,12.0,18.0,-6.0,-0.45,0.62,16.1,18.6,-2.5,-0.19,-0.23,Orlando City,
Wilder Cartagena,PER,DF,29,14.0,1048.0,75.0,68.5,11.6,12,81.0,9,2,38.0,0,1.0,11.0,17.0,-6.0,-0.52,0.23,14.4,17.0,-2.6,-0.22,-0.26,Orlando City,
Duncan McGuire,USA,FW,23,14.0,918.0,66.0,60.0,10.2,12,73.0,4,2,23.0,0,0.93,11.0,14.0,-3.0,-0.29,0.74,12.8,13.6,-0.8,-0.07,0.17,Orlando City,
Luis Muriel,COL,FW,33,16.0,1059.0,66.0,69.2,11.8,11,81.0,2,5,34.0,0,1.0,12.0,19.0,-7.0,-0.59,-0.02,15.9,17.1,-1.3,-0.11,0.11,Orlando City,
David Brekalo,SVN,DF,25,13.0,965.0,74.0,63.1,10.7,11,82.0,9,2,32.0,2,1.08,10.0,12.0,-2.0,-0.19,1.09,11.6,13.7,-2.1,-0.2,-0.16,Orlando City,
Rodrigo Schlegel,ARG,DF,27,12.0,907.0,76.0,59.3,10.1,10,83.0,8,2,38.0,3,0.92,8.0,18.0,-10.0,-0.99,-0.99,14.8,14.5,0.3,0.03,0.43,Orlando City,
Rafael Santos,BRA,DF,26,16.0,874.0,55.0,57.1,9.7,10,78.0,6,6,15.0,0,0.88,10.0,17.0,-7.0,-0.72,-0.31,15.8,13.9,1.9,0.19,0.78,Orlando City,
Martín Ojeda,ARG,MF,25,17.0,866.0,51.0,56.6,9.6,10,71.0,2,7,23.0,0,1.0,14.0,18.0,-4.0,-0.42,0.4,15.3,12.7,2.5,0.26,0.93,Orlando City,
Kyle Smith,USA,DF,32,13.0,524.0,40.0,34.2,5.8,5,85.0,3,8,13.0,4,1.23,5.0,12.0,-7.0,-1.2,-0.93,7.0,11.0,-4.0,-0.69,-0.84,Orlando City,
Jack Lynn,USA,FW,24,8.0,243.0,30.0,15.9,2.7,2,66.0,0,6,19.0,7,1.13,4.0,3.0,1.0,0.37,1.14,4.4,3.5,0.9,0.32,0.55,Orlando City,
Felipe,BRA,MF,33,8.0,226.0,28.0,14.8,2.5,2,68.0,1,6,15.0,9,1.63,3.0,3.0,0.0,0.0,0.69,5.6,4.9,0.7,0.29,0.51,Orlando City,
Mason Stajduhar,USA,GK,26,2.0,180.0,90.0,11.8,2.0,2,90.0,2,0,,15,1.5,3.0,3.0,0.0,0.0,0.67,3.9,2.3,1.6,0.81,1.07,Orlando City,
Ramiro Enrique,ARG,FW,23,6.0,235.0,39.0,15.4,2.6,1,90.0,1,5,29.0,0,0.33,2.0,5.0,-3.0,-1.15,-0.66,6.2,4.2,2.1,0.79,1.1,Orlando City,
Michael Halliday,USA,DF,21,4.0,89.0,22.0,5.8,1.0,0,,0,4,22.0,6,0.75,1.0,1.0,0.0,0.0,0.62,2.7,1.2,1.6,1.56,1.8,Orlando City,
Jeorgio Kocevski,USA,FW,21,4.0,13.0,3.0,0.8,0.1,0,,0,4,3.0,12,1.75,0.0,0.0,0.0,0.0,0.59,0.2,0.0,0.2,1.19,1.34,Orlando City,
Shakur Mohammed,GHA,MF,20,2.0,5.0,3.0,0.3,0.1,0,,0,2,3.0,3,1.5,0.0,0.0,0.0,0.0,0.59,0.2,0.0,0.2,3.06,3.21,Orlando City,
Yutaro Tsukada,JPN,FW,22,1.0,1.0,1.0,0.1,0.0,0,,0,1,1.0,2,1.0,0.0,0.0,0.0,0.0,0.59,0.1,0.0,0.1,11.6,11.75,Orlando City,
Alexander Freeman,USA,DF,19,0.0,,,,,0,,0,0,,6,,,,,,,,,,,,Orlando City,
Favian Loyola,USA,MF,19,0.0,,,,,0,,0,0,,1,,,,,,,,,,,,Orlando City,
Javier Otero,VEN,GK,21,0.0,,,,,0,,0,0,,2,,,,,,,,,,,,Orlando City,
Wilfredo Rivera,PUR,FW,20,0.0,,,,,0,,0,0,,1,,,,,,,,,,,,Orlando City,
Abdi Salim,SOM,DF,23,0.0,,,,,0,,0,0,,5,,,,,,,,,,,,Orlando City,
Thomas Williams,USA,DF,19,0.0,,,,,0,,0,0,,2,,,,,,,,,,,,Orlando City,
Jack Maher,USA,DF,24,16.0,1348.0,84.0,88.1,15.0,15,87.0,13,1,40.0,1,1.25,18.0,17.0,1.0,0.07,1.55,17.8,19.9,-2.1,-0.14,-0.1,Nashville SC,
Hany Mukhtar,GER,FW,29,15.0,1252.0,83.0,81.8,13.9,14,88.0,10,1,20.0,0,1.2,17.0,19.0,-2.0,-0.14,-0.14,19.0,18.4,0.6,0.04,0.94,Nashville SC,
Alex Muyl,USA,DF,28,17.0,1226.0,72.0,80.1,13.6,14,82.0,10,3,27.0,0,1.18,14.0,18.0,-4.0,-0.29,-0.89,16.4,21.3,-4.9,-0.36,-1.15,Nashville SC,
Dru Yearwood, ENG,MF,24,16.0,1070.0,67.0,69.9,11.9,14,73.0,3,2,22.0,0,1.19,15.0,15.0,0.0,0.0,0.39,14.9,16.7,-1.9,-0.16,-0.09,Nashville SC,
Joe Willis,USA,GK,35,14.0,1186.0,85.0,77.5,13.2,13,88.0,12,1,45.0,2,1.29,14.0,12.0,2.0,0.15,1.2,15.5,15.3,0.2,0.01,0.64,Nashville SC,
Sam Surridge, ENG,FW,25,14.0,1129.0,81.0,73.8,12.5,13,86.0,7,1,16.0,1,1.07,14.0,19.0,-5.0,-0.4,-1.07,17.0,17.1,-0.1,-0.01,0.46,Nashville SC,
Aníbal Godoy,PAN,MF,34,14.0,954.0,68.0,62.4,10.6,11,82.0,5,3,16.0,1,1.29,12.0,13.0,-1.0,-0.09,0.06,15.1,11.8,3.3,0.31,1.17,Nashville SC,
Sean Davis,USA,MF,31,15.0,879.0,59.0,57.5,9.8,11,73.0,2,4,18.0,0,1.07,9.0,13.0,-4.0,-0.41,-0.69,12.7,12.3,0.4,0.04,0.4,Nashville SC,
Daniel Lovitz,USA,DF,32,12.0,958.0,80.0,62.6,10.6,10,88.0,9,2,38.0,5,0.75,10.0,15.0,-5.0,-0.47,-0.94,14.4,15.6,-1.2,-0.11,0.06,Nashville SC,
Jacob Shaffelburg,CAN,DF,24,15.0,897.0,60.0,58.6,10.0,10,77.0,4,5,25.0,0,1.27,13.0,9.0,4.0,0.4,1.25,14.6,12.7,1.8,0.18,0.75,Nashville SC,
Tyler Boyd,USA,FW,29,14.0,716.0,51.0,46.8,8.0,9,65.0,1,5,26.0,0,1.36,6.0,10.0,-4.0,-0.5,-0.72,7.7,10.9,-3.2,-0.41,-0.52,Nashville SC,
Josh Bauer,USA,DF,25,11.0,819.0,74.0,53.5,9.1,8,89.0,7,3,35.0,6,1.27,12.0,12.0,0.0,0.0,0.25,12.1,12.3,-0.2,-0.02,0.23,Nashville SC,
Shaquell Moore,USA,DF,27,11.0,723.0,66.0,47.3,8.0,8,77.0,5,3,36.0,0,1.27,11.0,11.0,0.0,0.0,0.22,10.5,11.6,-1.1,-0.13,-0.01,Nashville SC,
Walker Zimmerman,USA,DF,31,11.0,702.0,64.0,45.9,7.8,8,77.0,4,3,29.0,0,1.36,9.0,6.0,3.0,0.38,0.93,10.2,5.9,4.3,0.55,1.26,Nashville SC,
Brian Anunga,CMR,MF,27,15.0,604.0,40.0,39.5,6.7,5,89.0,3,10,16.0,2,1.33,11.0,11.0,0.0,0.0,0.19,8.3,13.5,-5.2,-0.78,-1.07,Nashville SC,
Taylor Washington,USA,DF,30,9.0,473.0,53.0,30.9,5.3,5,77.0,3,4,22.0,8,1.56,7.0,7.0,0.0,0.0,0.17,5.2,7.9,-2.7,-0.52,-0.56,Nashville SC,
Lukas MacNaughton,CAN,DF,29,5.0,410.0,82.0,26.8,4.6,5,82.0,4,0,,1,1.0,5.0,6.0,-1.0,-0.22,-0.14,6.0,7.0,-1.0,-0.22,-0.12,Nashville SC,
Teal Bunbury,USA,FW,34,12.0,430.0,36.0,28.1,4.8,4,86.0,3,8,11.0,5,1.33,7.0,3.0,4.0,0.84,1.33,6.1,7.0,-0.9,-0.19,-0.08,Nashville SC,
Brent Kallman,USA,DF,33,8.0,401.0,50.0,26.2,4.5,4,75.0,2,4,25.0,9,1.25,4.0,9.0,-5.0,-1.12,-1.36,4.3,9.5,-5.1,-1.15,-1.39,Nashville SC,
Elliot Panicco,USA,GK,27,5.0,342.0,68.0,22.4,3.8,4,79.0,3,1,27.0,12,0.4,6.0,10.0,-4.0,-1.05,-1.2,6.2,8.6,-2.4,-0.63,-0.65,Nashville SC,
Amar Sejdic,USA,MF,27,9.0,152.0,17.0,9.9,1.7,1,70.0,0,8,10.0,7,1.0,3.0,3.0,0.0,0.0,0.13,2.9,3.0,-0.1,-0.06,0.08,Nashville SC,
McKinze Gaines,USA,MF,26,4.0,124.0,31.0,8.1,1.4,1,70.0,0,3,18.0,3,0.75,3.0,2.0,1.0,0.73,0.92,2.0,3.1,-1.1,-0.78,-0.71,Nashville SC,
Randall Leal,CRC,MF,27,1.0,6.0,6.0,0.4,0.1,0,,0,1,6.0,0,0.0,0.0,0.0,0.0,0.0,0.12,0.0,0.0,0.0,0.0,0.13,Nashville SC,
Forster Ajago,GHA,FW,22,0.0,,,,,0,,0,0,,2,,,,,,,,,,,,Nashville SC,
Ben Martino,USA,GK,21,0.0,,,,,0,,0,0,,2,,,,,,,,,,,,Nashville SC,
Joseph Skinner,USA,DF,21,0.0,,,,,0,,0,0,,1,,,,,,,,,,,,Nashville SC,
Brooks Lennon,USA,DF,26,17.0,1530.0,90.0,100.0,17.0,17,90.0,17,0,,0,1.0,24.0,23.0,1.0,0.06,,27.4,22.0,5.4,0.32,,Atlanta United,
Caleb Wiley,USA,DF,19,16.0,1434.0,90.0,93.7,15.9,16,90.0,15,0,,0,1.06,23.0,21.0,2.0,0.13,1.06,26.3,19.6,6.7,0.42,1.68,Atlanta United,
Tristan Muyumba,,MF,27,17.0,1310.0,77.0,85.6,14.6,16,81.0,7,1,17.0,0,1.0,22.0,19.0,3.0,0.21,1.02,22.7,19.2,3.5,0.24,-0.56,Atlanta United,
Saba Lobzhanidze,GEO,FW,29,16.0,1307.0,82.0,85.4,14.5,16,82.0,6,0,,0,1.0,22.0,20.0,2.0,0.14,0.54,22.7,18.3,4.4,0.3,-0.12,Atlanta United,
Brad Guzan,USA,GK,39,15.0,1319.0,88.0,86.2,14.7,15,88.0,14,0,,1,0.93,19.0,18.0,1.0,0.07,0.07,21.1,20.3,0.8,0.06,-1.89,Atlanta United,
Thiago Almada,ARG,MF,23,15.0,1212.0,81.0,79.2,13.5,14,85.0,12,1,29.0,0,1.07,23.0,20.0,3.0,0.22,0.79,25.0,16.6,8.4,0.63,1.49,Atlanta United,
Bartosz Slisz,POL,MF,25,13.0,1131.0,87.0,73.9,12.6,13,87.0,10,0,,0,1.0,15.0,15.0,0.0,0.0,-0.23,18.4,16.0,2.4,0.19,-0.49,Atlanta United,
Noah Cobb,USA,DF,18,12.0,857.0,71.0,56.0,9.5,10,82.0,7,2,18.0,1,0.83,12.0,14.0,-2.0,-0.21,-0.61,14.4,14.0,0.4,0.04,-0.62,Atlanta United,
Luis Abram,PER,DF,28,12.0,855.0,71.0,55.9,9.5,9,90.0,9,3,15.0,3,1.0,12.0,15.0,-3.0,-0.32,-0.85,16.4,11.2,5.3,0.55,0.53,Atlanta United,
Derrick Williams,IRL,DF,31,10.0,777.0,78.0,50.8,8.6,9,84.0,6,1,19.0,0,1.4,16.0,10.0,6.0,0.69,1.29,15.4,10.7,4.6,0.54,0.45,Atlanta United,
Giorgos Giakoumakis,GRE,FW,29,11.0,721.0,66.0,47.1,8.0,8,82.0,3,3,23.0,0,1.18,11.0,11.0,0.0,0.0,-0.11,12.4,9.5,2.9,0.37,0.1,Atlanta United,
Stian Rode Gregersen,NOR,DF,29,9.0,611.0,68.0,39.9,6.8,7,81.0,4,2,22.0,1,1.11,12.0,8.0,4.0,0.59,0.88,12.1,7.0,5.1,0.75,0.72,Atlanta United,
Xande Silva,POR,FW,27,12.0,627.0,52.0,41.0,7.0,6,70.0,0,6,35.0,1,0.92,8.0,6.0,2.0,0.29,0.39,9.9,8.7,1.2,0.17,-0.25,Atlanta United,
Jamal Thiaré,SEN,FW,31,11.0,496.0,45.0,32.4,5.5,5,73.0,0,6,22.0,0,1.36,8.0,8.0,0.0,0.0,-0.09,9.8,7.9,1.9,0.35,0.05,Atlanta United,
Dax McCarty,USA,MF,37,10.0,474.0,47.0,31.0,5.3,5,79.0,2,5,16.0,7,1.2,8.0,9.0,-1.0,-0.19,-0.36,8.9,6.9,2.0,0.37,0.08,Atlanta United,
Daniel Armando Ríos,MEX,FW,29,10.0,430.0,43.0,28.1,4.8,5,69.0,1,5,17.0,2,0.4,6.0,2.0,4.0,0.84,1.08,7.3,5.9,1.3,0.28,-0.05,Atlanta United,
Edwin Mosquera,COL,FW,22,15.0,404.0,27.0,26.4,4.5,4,47.0,0,11,20.0,1,1.07,6.0,8.0,-2.0,-0.45,-0.69,7.7,5.7,2.0,0.44,0.17,Atlanta United,
Tyler Wolff,USA,FW,21,8.0,296.0,37.0,19.3,3.3,4,59.0,0,4,15.0,2,0.75,3.0,3.0,0.0,0.0,-0.07,5.4,4.7,0.7,0.21,-0.13,Atlanta United,
Josh Cohen,USA,GK,31,3.0,209.0,70.0,13.7,2.3,2,90.0,2,1,29.0,13,1.0,5.0,5.0,0.0,0.0,-0.07,6.2,1.7,4.6,1.96,1.91,Atlanta United,
Ronald Hernández,VEN,DF,26,5.0,207.0,41.0,13.5,2.3,2,77.0,1,3,18.0,12,1.4,2.0,5.0,-3.0,-1.3,-1.58,2.0,5.1,-3.1,-1.36,-1.94,Atlanta United,
Nicolas Firmino,USA,FW,23,6.0,163.0,27.0,10.7,1.8,2,60.0,0,4,11.0,9,0.33,1.0,5.0,-4.0,-2.21,-2.54,1.5,3.1,-1.6,-0.92,-1.38,Atlanta United,
Ajani Fortune,TRI,MF,21,10.0,220.0,22.0,14.4,2.4,1,60.0,0,9,18.0,6,1.4,4.0,6.0,-2.0,-0.82,-1.02,4.4,4.2,0.1,0.05,-0.31,Atlanta United,
Efrain Morales,BOL,DF,20,2.0,109.0,55.0,7.1,1.2,1,90.0,1,1,19.0,9,1.0,0.0,0.0,0.0,0.0,-0.06,1.4,1.3,0.1,0.1,-0.24,Atlanta United,
Luke Brennan,USA,FW,19,1.0,73.0,73.0,4.8,0.8,0,,0,1,73.0,7,1.0,2.0,1.0,1.0,1.23,1.23,1.8,1.4,0.5,0.58,0.28,Atlanta United,
Derrick Etienne,HAI,FW,27,2.0,27.0,14.0,1.8,0.3,0,,0,2,14.0,1,0.5,0.0,0.0,0.0,0.0,-0.06,0.1,0.9,-0.8,-2.63,-3.0,Atlanta United,
Matthew Edwards,USA,DF,21,0.0,,,,,0,,0,0,,1,,,,,,,,,,,,Atlanta United,
Aiden McFadden,USA,DF,25,0.0,,,,,0,,0,0,,1,,,,,,,,,,,,Atlanta United,
Quentin Westberg,USA,GK,38,0.0,,,,,0,,0,0,,3,,,,,,,,,,,,Atlanta United,
Ruan,BRA,DF,29,17.0,1417.0,83.0,92.6,15.7,17,83.0,10,0,,0,1.06,20.0,30.0,-10.0,-0.64,0.96,21.1,28.3,-7.2,-0.46,0.32,CF Montréal,
Jonathan Sirois,CAN,GK,22,16.0,1440.0,90.0,94.1,16.0,16,90.0,16,0,,1,1.06,21.0,33.0,-12.0,-0.75,-0.75,22.5,29.1,-6.6,-0.41,1.14,CF Montréal,
Joel Waterman,CAN,DF,28,16.0,1402.0,88.0,91.6,15.6,16,88.0,13,0,,0,1.06,21.0,31.0,-10.0,-0.64,0.76,22.4,27.2,-4.8,-0.31,2.05,CF Montréal,
Ariel Lassiter,CRC,DF,29,16.0,1294.0,81.0,84.6,14.4,16,81.0,11,0,,0,1.06,20.0,31.0,-11.0,-0.77,-0.38,20.6,25.5,-4.9,-0.34,0.9,CF Montréal,
Mathieu Choiniere,CAN,MF,25,15.0,1317.0,88.0,86.1,14.6,15,88.0,13,0,,0,1.07,21.0,31.0,-10.0,-0.68,0.16,21.4,26.3,-4.9,-0.33,1.05,CF Montréal,
Samuel Piette,CAN,MF,29,16.0,1268.0,79.0,82.9,14.1,15,82.0,7,1,33.0,0,1.06,19.0,28.0,-9.0,-0.64,0.39,19.5,24.7,-5.3,-0.38,0.61,CF Montréal,
Bryce Duke,USA,MF,23,16.0,1045.0,65.0,68.3,11.6,13,74.0,3,3,26.0,1,1.13,15.0,19.0,-4.0,-0.34,1.14,15.9,17.8,-1.9,-0.16,1.01,CF Montréal,
George Campbell,USA,DF,22,13.0,997.0,77.0,65.2,11.1,11,90.0,11,2,4.0,2,0.92,12.0,23.0,-11.0,-0.99,-0.82,12.8,20.2,-7.4,-0.67,-0.54,CF Montréal,
Fernando Álvarez,COL,DF,20,12.0,928.0,77.0,60.7,10.3,11,81.0,8,1,33.0,4,0.83,14.0,22.0,-8.0,-0.78,-0.18,14.6,20.8,-6.2,-0.6,-0.31,CF Montréal,
Gabriele Corbo,ITA,DF,24,15.0,893.0,60.0,58.4,9.9,9,90.0,8,6,14.0,2,1.0,16.0,18.0,-2.0,-0.2,1.21,15.3,19.3,-4.0,-0.4,0.19,CF Montréal,
Joaquin Sosa,URU,DF,22,10.0,682.0,68.0,44.6,7.6,7,82.0,4,3,36.0,3,1.0,11.0,15.0,-4.0,-0.53,0.32,11.8,13.4,-1.6,-0.21,0.48,CF Montréal,
Matías Cóccaro,URU,FW,26,8.0,410.0,51.0,26.8,4.6,7,54.0,0,1,30.0,0,1.38,5.0,6.0,-1.0,-0.22,0.66,6.9,6.4,0.5,0.12,0.82,CF Montréal,
Jules-Anthony Vilsaint,CAN,MF,21,8.0,464.0,58.0,30.3,5.2,6,60.0,0,2,51.0,0,1.38,7.0,12.0,-5.0,-0.97,-0.38,8.2,8.5,-0.3,-0.06,0.6,CF Montréal,
Sunusi Ibrahim,NGA,FW,21,16.0,583.0,36.0,38.1,6.5,5,75.0,3,11,19.0,1,0.94,12.0,18.0,-6.0,-0.93,-0.36,12.3,15.6,-3.3,-0.5,-0.03,CF Montréal,
Dominik Yankov,BUL,MF,23,13.0,508.0,39.0,33.2,5.6,5,60.0,0,8,26.0,0,0.92,8.0,7.0,1.0,0.18,1.32,8.2,10.0,-1.8,-0.32,0.23,CF Montréal,
Raheem Edwards,CAN,DF,28,9.0,444.0,49.0,29.0,4.9,5,79.0,1,4,13.0,2,1.44,8.0,10.0,-2.0,-0.41,0.42,5.2,10.4,-5.2,-1.06,-0.82,CF Montréal,
Nathan-Dylan Saliba,CAN,MF,19,8.0,313.0,39.0,20.5,3.5,3,69.0,1,5,21.0,0,0.88,3.0,10.0,-7.0,-2.01,-1.64,3.4,7.9,-4.5,-1.3,-1.03,CF Montréal,
Mason Toye,USA,FW,25,8.0,299.0,37.0,19.5,3.3,3,67.0,0,5,20.0,2,0.75,4.0,7.0,-3.0,-0.9,-0.25,3.0,5.7,-2.6,-0.79,-0.39,CF Montréal,
Josef Martínez,VEN,FW,31,7.0,376.0,54.0,24.6,4.2,2,79.0,1,5,44.0,0,1.43,6.0,10.0,-4.0,-0.96,-0.33,4.7,9.6,-4.9,-1.17,-0.92,CF Montréal,
Victor Wanyama,KEN,MF,32,8.0,256.0,32.0,16.7,2.8,2,65.0,0,6,21.0,9,1.38,4.0,5.0,-1.0,-0.35,0.43,3.8,6.4,-2.6,-0.92,-0.53,CF Montréal,
Rida Zouhir,CAN,MF,20,7.0,178.0,25.0,11.6,2.0,1,69.0,0,6,18.0,7,0.29,2.0,5.0,-3.0,-1.52,-0.92,1.9,5.3,-3.4,-1.74,-1.42,CF Montréal,
Sebastian Breza,CAN,GK,26,1.0,90.0,90.0,5.9,1.0,1,90.0,1,0,,16,1.0,2.0,2.0,0.0,0.0,0.75,1.1,2.7,-1.6,-1.55,-1.14,CF Montréal,
Kwadwo Opoku,GHA,MF,22,3.0,52.0,17.0,3.4,0.6,1,10.0,0,2,21.0,0,1.67,0.0,0.0,0.0,0.0,0.73,1.2,0.4,0.8,1.31,1.85,CF Montréal,
Lassi Lappalainen,FIN,DF,25,4.0,62.0,16.0,4.1,0.7,0,,0,4,16.0,0,1.25,1.0,2.0,-1.0,-1.45,-0.78,1.2,1.3,-0.1,-0.13,0.37,CF Montréal,
Alessandro Biello,CAN,MF,18,2.0,16.0,8.0,1.0,0.2,0,,0,2,8.0,5,0.0,0.0,1.0,-1.0,-5.63,-4.97,0.1,0.8,-0.7,-3.89,-3.44,CF Montréal,
Ousman jabang,USA,DF,23,1.0,3.0,3.0,0.2,0.0,0,,0,1,3.0,6,0.0,0.0,2.0,-2.0,-60.0,-59.41,0.0,0.5,-0.5,-15.44,-14.98,CF Montréal,
Grayson Doody,USA,DF,22,0.0,,,,,0,,0,0,,4,,,,,,,,,,,,CF Montréal,
Ilias Iliadis,GRE,MF,23,0.0,,,,,0,,0,0,,7,,,,,,,,,,,,CF Montréal,
Logan Ketterer,USA,GK,30,0.0,,,,,0,,0,0,,2,,,,,,,,,,,,CF Montréal,
Hugo Cuypers,BEL,FW,27,,1482.0,82.0,91.5,16.5,18,82.0,6,0,,0,1.0,19.0,26.0,-7.0,-0.43,0.88,18.1,21.7,-3.6,-0.22,0.63,Chicago Fire,18.0
Christopher Brady,USA,GK,20,,1530.0,90.0,94.4,17.0,17,90.0,17,0,,0,1.0,20.0,29.0,-9.0,-0.53,-0.53,19.9,24.2,-4.3,-0.25,0.37,Chicago Fire,17.0
Rafael Czichos,GER,DF,34,,1420.0,84.0,87.7,15.8,16,88.0,15,1,18.0,0,0.88,16.0,25.0,-9.0,-0.57,-0.57,18.7,22.8,-4.0,-0.26,0.14,Chicago Fire,17.0
Allan Arigoni,SUI,DF,25,,1370.0,86.0,84.6,15.2,16,86.0,13,0,,1,1.06,20.0,26.0,-6.0,-0.39,0.69,17.7,22.9,-5.2,-0.34,-0.44,Chicago Fire,16.0
Kellyn Acosta,USA,MF,28,,1317.0,73.0,81.3,14.6,16,78.0,5,2,32.0,0,1.0,19.0,27.0,-8.0,-0.55,-0.25,17.3,21.4,-4.1,-0.28,-0.04,Chicago Fire,18.0
Fabian Herbers,GER,MF,30,,1310.0,73.0,80.9,14.6,15,83.0,10,3,23.0,0,1.0,18.0,24.0,-6.0,-0.41,0.46,17.3,21.9,-4.6,-0.32,-0.22,Chicago Fire,18.0
Brian Gutiérrez,USA,FW,20,,1205.0,71.0,74.4,13.4,14,81.0,7,3,26.0,0,1.06,18.0,19.0,-1.0,-0.07,1.66,13.5,18.2,-4.7,-0.35,-0.31,Chicago Fire,17.0
Maren Haile-Selassie,SUI,FW,25,,897.0,69.0,55.4,10.0,10,84.0,6,3,20.0,0,1.31,18.0,16.0,2.0,0.2,1.57,12.8,15.0,-2.2,-0.22,0.12,Chicago Fire,13.0
Carlos Terán,COL,DF,23,,873.0,73.0,53.9,9.7,9,87.0,7,3,30.0,3,1.0,12.0,19.0,-7.0,-0.72,-0.48,11.2,12.4,-1.2,-0.12,0.33,Chicago Fire,12.0
Mauricio Pineda,USA,DF,26,,840.0,56.0,51.9,9.3,9,83.0,7,6,16.0,3,1.2,11.0,13.0,-2.0,-0.21,0.59,9.8,12.8,-3.0,-0.32,-0.1,Chicago Fire,15.0
Xherdan Shaqiri,SUI,MF,32,,741.0,62.0,45.7,8.2,9,73.0,2,3,27.0,0,0.67,8.0,15.0,-7.0,-0.85,-0.65,8.5,11.4,-2.8,-0.35,-0.13,Chicago Fire,12.0
Chris Mueller,USA,FW,27,,643.0,54.0,39.7,7.1,8,73.0,2,4,15.0,5,0.67,3.0,15.0,-12.0,-1.68,-1.96,8.2,9.2,-1.0,-0.14,0.22,Chicago Fire,12.0
Andrew Gutman,USA,DF,27,,511.0,64.0,31.5,5.7,8,64.0,3,0,,1,0.5,3.0,10.0,-7.0,-1.23,-1.07,5.7,6.6,-0.9,-0.16,0.16,Chicago Fire,8.0
Tobias Salquist,DEN,DF,29,,449.0,75.0,27.7,5.0,6,75.0,4,0,,2,1.5,5.0,6.0,-1.0,-0.2,0.41,5.6,7.7,-2.1,-0.42,-0.2,Chicago Fire,6.0
Arnaud Souquet,FRA,DF,32,,573.0,57.0,35.4,6.4,5,80.0,2,5,35.0,5,1.3,7.0,8.0,-1.0,-0.16,0.53,6.6,7.1,-0.5,-0.08,0.3,Chicago Fire,10.0
Jonathan Dean,USA,DF,27,,537.0,45.0,33.1,6.0,5,84.0,3,7,17.0,6,1.25,10.0,8.0,2.0,0.34,1.25,7.8,10.3,-2.6,-0.43,-0.23,Chicago Fire,12.0
Gastón Giménez,PAR,MF,32,,516.0,40.0,31.9,5.7,5,75.0,2,8,18.0,3,0.77,5.0,9.0,-4.0,-0.7,-0.29,7.0,9.1,-2.1,-0.36,-0.13,Chicago Fire,13.0
Federico Navarro,ARG,MF,24,,436.0,44.0,26.9,4.8,5,72.0,2,5,15.0,4,0.6,3.0,13.0,-10.0,-2.06,-2.14,5.2,7.1,-1.9,-0.39,-0.17,Chicago Fire,10.0
Georgios Koutsias,GRE,FW,20,,413.0,28.0,25.5,4.6,2,67.0,0,13,21.0,3,1.13,5.0,7.0,-2.0,-0.44,0.09,6.8,6.7,0.1,0.01,0.38,Chicago Fire,15.0
Tom Barlow,USA,FW,28,,363.0,24.0,22.4,4.0,2,69.0,0,13,17.0,3,1.0,6.0,7.0,-1.0,-0.25,0.32,6.4,6.9,-0.5,-0.13,0.19,Chicago Fire,15.0
Chase Gasper,USA,DF,28,,240.0,60.0,14.8,2.7,2,83.0,1,2,38.0,1,1.25,3.0,6.0,-3.0,-1.13,-0.73,2.9,5.2,-2.3,-0.85,-0.68,Chicago Fire,4.0
Spencer Richey,USA,GK,32,,90.0,90.0,5.6,1.0,1,90.0,1,0,,17,1.0,1.0,1.0,0.0,0.0,0.53,0.9,1.5,-0.6,-0.62,-0.37,Chicago Fire,1.0
Omari Glasgow,GUY,MF,20,,36.0,18.0,2.2,0.4,0,,0,2,18.0,1,0.0,0.0,0.0,0.0,0.0,0.51,0.8,0.1,0.6,1.61,1.93,Chicago Fire,2.0
Wyatt Omsberg,USA,DF,28,,19.0,19.0,1.2,0.2,0,,0,1,19.0,10,3.0,1.0,0.0,1.0,4.74,5.3,0.3,0.2,0.1,0.65,0.94,Chicago Fire,1.0
Javier Casas,USA,MF,21,,1.0,1.0,0.1,0.0,0,,0,1,1.0,2,3.0,0.0,0.0,0.0,0.0,0.5,0.2,0.0,0.2,19.22,19.5,Chicago Fire,1.0
Jeffrey Gal,USA,GK,31,,,,,,0,,0,0,,1,,,,,,,,,,,,Chicago Fire,0.0
Diego Koninck,NED,DF,23,,,,,,0,,0,0,,1,,,,,,,,,,,,Chicago Fire,0.0
Carles Gil,ESP,MF,31,16.0,1440.0,90.0,100.0,16.0,16,90.0,16,0,,0,1.0,15.0,29.0,-14.0,-0.87,,16.3,31.0,-14.7,-0.92,,New England Revolution,
Nick Lima,USA,DF,29,15.0,1216.0,81.0,84.4,13.5,14,86.0,9,1,18.0,1,1.0,13.0,25.0,-12.0,-0.89,-0.08,12.3,28.3,-16.0,-1.19,-1.73,New England Revolution,
Matt Polster,USA,MF,31,14.0,1200.0,86.0,83.3,13.3,14,86.0,10,0,,0,0.93,11.0,21.0,-10.0,-0.75,0.75,13.1,26.8,-13.7,-1.02,-0.64,New England Revolution,
Giacomo Vrioni,ALB,FW,25,15.0,1151.0,77.0,79.9,12.8,14,81.0,7,1,19.0,0,1.07,13.0,23.0,-10.0,-0.78,0.46,13.2,21.9,-8.7,-0.68,1.19,New England Revolution,
Henry Kessler,USA,DF,25,12.0,1080.0,90.0,75.0,12.0,12,90.0,12,0,,2,0.58,8.0,23.0,-15.0,-1.25,-1.5,12.8,21.5,-8.6,-0.72,0.8,New England Revolution,
DeJuan Jones,USA,DF,26,12.0,963.0,80.0,66.9,10.7,11,84.0,9,1,41.0,0,1.08,11.0,16.0,-5.0,-0.47,1.23,11.2,19.1,-7.8,-0.73,0.56,New England Revolution,
Tomás Chancalay,ARG,FW,25,12.0,929.0,77.0,64.5,10.3,11,83.0,10,1,19.0,0,0.58,9.0,21.0,-12.0,-1.16,-0.81,10.5,22.0,-11.5,-1.12,-0.56,New England Revolution,
David Romney,USA,DF,31,11.0,858.0,78.0,59.6,9.5,9,90.0,9,2,24.0,4,1.45,11.0,16.0,-5.0,-0.52,0.87,9.7,18.3,-8.6,-0.9,0.04,New England Revolution,
Esmir Bajraktarevic,USA,FW,19,13.0,846.0,65.0,58.8,9.4,9,77.0,2,4,37.0,0,0.92,10.0,16.0,-6.0,-0.64,0.57,9.5,17.8,-8.2,-0.88,0.1,New England Revolution,
Mark-Anthony Kaye,CAN,MF,29,12.0,812.0,68.0,56.4,9.0,9,81.0,4,3,27.0,1,1.0,7.0,14.0,-7.0,-0.78,0.23,8.3,18.0,-9.7,-1.08,-0.36,New England Revolution,
Henrich Ravas,SVK,GK,26,8.0,720.0,90.0,50.0,8.0,8,90.0,8,0,,5,0.38,5.0,17.0,-12.0,-1.5,-1.25,8.0,16.8,-8.8,-1.11,-0.38,New England Revolution,
Xavier Arreaga,ECU,DF,29,8.0,719.0,90.0,49.9,8.0,8,90.0,7,0,,0,1.5,10.0,15.0,-5.0,-0.63,0.5,7.1,16.0,-8.9,-1.12,-0.4,New England Revolution,
Ian Harkes,USA,MF,29,11.0,665.0,60.0,46.2,7.4,7,82.0,2,4,23.0,5,0.91,8.0,17.0,-9.0,-1.22,-0.64,7.7,13.4,-5.8,-0.78,0.26,New England Revolution,
Aljaž Ivačič,SVN,GK,30,7.0,630.0,90.0,43.8,7.0,7,90.0,7,0,,0,1.71,9.0,11.0,-2.0,-0.29,1.05,6.8,13.3,-6.5,-0.92,-0.01,New England Revolution,
Nacho Gil,ESP,FW,28,9.0,472.0,52.0,32.8,5.2,5,80.0,2,4,19.0,0,0.44,4.0,8.0,-4.0,-0.76,0.17,6.4,7.4,-1.0,-0.19,1.08,New England Revolution,
Dylan Borrero,COL,FW,22,8.0,441.0,55.0,30.6,4.9,5,78.0,1,3,17.0,0,1.5,7.0,9.0,-2.0,-0.41,0.67,4.4,9.5,-5.1,-1.04,-0.18,New England Revolution,
Andrew Farrell,USA,DF,32,9.0,419.0,47.0,29.1,4.7,5,76.0,1,4,10.0,7,0.78,3.0,10.0,-7.0,-1.5,-0.89,5.3,7.6,-2.3,-0.48,0.61,New England Revolution,
Noel Buck, ENG,MF,19,9.0,258.0,29.0,17.9,2.9,4,58.0,0,5,5.0,4,1.0,3.0,3.0,0.0,0.0,1.07,3.4,5.2,-1.8,-0.62,0.36,New England Revolution,
Ryan Spaulding,USA,DF,25,9.0,344.0,38.0,23.9,3.8,3,62.0,1,6,26.0,3,0.44,2.0,6.0,-4.0,-1.05,-0.23,4.2,6.9,-2.7,-0.7,0.29,New England Revolution,
Emmanuel Boateng,GHA,FW,30,11.0,234.0,21.0,16.3,2.6,2,66.0,0,9,11.0,5,0.55,3.0,8.0,-5.0,-1.92,-1.25,3.4,5.4,-1.9,-0.74,0.21,New England Revolution,
Jonathan Mensah,GHA,DF,33,4.0,149.0,37.0,10.3,1.7,2,67.0,1,2,8.0,7,2.25,1.0,3.0,-2.0,-1.21,-0.37,1.6,5.7,-4.1,-2.51,-1.77,New England Revolution,
Earl Edwards Jr.,USA,GK,32,1.0,90.0,90.0,6.3,1.0,1,90.0,1,0,,12,1.0,1.0,1.0,0.0,0.0,0.93,1.5,0.9,0.6,0.62,1.64,New England Revolution,
Bobby Wood,USA,FW,31,4.0,47.0,12.0,3.3,0.5,0,,0,4,12.0,4,1.5,0.0,0.0,0.0,0.0,0.9,0.6,1.9,-1.4,-2.66,-1.8,New England Revolution,
Thomas McNamara,USA,MF,33,1.0,10.0,10.0,0.7,0.1,0,,0,1,10.0,5,0.0,0.0,1.0,-1.0,-9.0,-8.18,0.2,0.1,0.1,0.95,1.88,New England Revolution,
Jack Panayotou,USA,DF,20,1.0,3.0,3.0,0.2,0.0,0,,0,1,3.0,6,0.0,0.0,0.0,0.0,0.0,0.88,0.2,0.0,0.2,4.91,5.84,New England Revolution,
JD Gunn,PAN,GK,24,0.0,,,,,0,,0,0,,1,,,,,,,,,,,,New England Revolution,
Jacob Jackson,USA,GK,24,0.0,,,,,0,,0,0,,1,,,,,,,,,,,,New England Revolution,
Peyton Miller,USA,FW,17,0.0,,,,,0,,0,0,,2,,,,,,,,,,,,New England Revolution,
Santiago Suarez,USA,MF,19,0.0,,,,,0,,0,0,,1,,,,,,,,,,,,New England Revolution,
Emeka Eneli,USA,MF,24,18.0,1554.0,86.0,95.9,17.3,18,86.0,16,0,,0,1.89,33.0,18.0,15.0,0.87,-1.86,28.1,20.4,7.7,0.44,0.23,Real Salt Lake,
Cristian Arango,COL,FW,29,18.0,1519.0,84.0,93.8,16.9,17,87.0,12,1,33.0,0,1.89,36.0,17.0,19.0,1.13,2.91,28.7,19.3,9.4,0.56,1.96,Real Salt Lake,
Braian Ojeda,PAR,MF,23,17.0,1403.0,83.0,86.6,15.6,16,86.0,11,1,28.0,0,2.0,31.0,16.0,15.0,0.96,0.13,25.9,18.6,7.3,0.47,0.25,Real Salt Lake,
Carlos Gómez,COL,FW,21,17.0,1299.0,76.0,80.2,14.4,16,79.0,7,1,35.0,0,1.82,30.0,14.0,16.0,1.11,0.83,25.0,17.0,8.1,0.56,0.63,Real Salt Lake,
Andrew Brody,USA,DF,29,18.0,1386.0,77.0,85.6,15.4,15,87.0,12,3,28.0,0,1.89,32.0,17.0,15.0,0.97,0.2,27.7,18.5,9.2,0.6,1.13,Real Salt Lake,
Justen Glad,USA,DF,27,15.0,1349.0,90.0,83.3,15.0,15,90.0,14,0,,0,2.0,31.0,17.0,14.0,0.93,-0.06,25.7,17.9,7.7,0.52,0.49,Real Salt Lake,
Zac MacMath,USA,GK,32,14.0,1260.0,90.0,77.8,14.0,14,90.0,14,0,,4,1.93,28.0,16.0,12.0,0.86,-0.39,23.1,17.8,5.3,0.38,-0.24,Real Salt Lake,
Brayan Vera,COL,DF,25,14.0,1260.0,90.0,77.8,14.0,14,90.0,14,0,,2,1.86,24.0,14.0,10.0,0.71,-1.04,21.1,15.6,5.6,0.4,-0.17,Real Salt Lake,
Diego Luna,USA,FW,20,16.0,1107.0,69.0,68.3,12.3,13,77.0,2,3,35.0,0,1.75,25.0,12.0,13.0,1.06,0.36,23.1,15.3,7.8,0.64,0.63,Real Salt Lake,
Alexandros Katranis,GRE,DF,26,15.0,977.0,65.0,60.3,10.9,12,76.0,4,3,21.0,0,2.0,22.0,10.0,12.0,1.11,0.41,18.7,13.3,5.3,0.49,0.15,Real Salt Lake,
Matt Crooks, ENG,MF,30,14.0,882.0,63.0,54.4,9.8,11,72.0,0,3,30.0,0,1.93,18.0,13.0,5.0,0.51,-0.95,17.2,13.8,3.4,0.35,-0.19,Real Salt Lake,
Bode Davis,USA,DF,22,14.0,770.0,55.0,47.5,8.6,9,76.0,4,5,17.0,0,1.86,15.0,8.0,7.0,0.82,-0.24,10.9,10.5,0.3,0.04,-0.75,Real Salt Lake,
Anderson Julio,ECU,FW,28,17.0,629.0,37.0,38.8,7.0,6,70.0,0,11,19.0,0,1.94,14.0,4.0,10.0,1.43,0.8,9.7,6.1,3.6,0.51,0.12,Real Salt Lake,
Fidel Barajas,MEX,FW,18,15.0,503.0,34.0,31.0,5.6,4,68.0,0,11,21.0,2,1.67,10.0,7.0,3.0,0.54,-0.59,7.4,7.4,0.0,0.0,-0.63,Real Salt Lake,
Philip Quinton,USA,DF,24,6.0,371.0,62.0,22.9,4.1,4,88.0,3,2,10.0,4,2.0,9.0,6.0,3.0,0.73,-0.28,7.7,5.7,1.9,0.46,0.04,Real Salt Lake,
Gavin Beavers,USA,GK,19,4.0,360.0,90.0,22.2,4.0,4,90.0,4,0,,13,1.75,8.0,3.0,5.0,1.25,0.39,6.6,4.1,2.5,0.62,0.24,Real Salt Lake,
Nelson Palacio,COL,MF,23,12.0,286.0,24.0,17.7,3.2,2,64.0,0,10,16.0,6,2.08,8.0,4.0,4.0,1.26,0.38,4.7,4.5,0.1,0.04,-0.48,Real Salt Lake,
Bryan Oviedo,CRC,DF,34,8.0,269.0,34.0,16.6,3.0,2,86.0,1,6,16.0,8,2.0,10.0,3.0,7.0,2.34,1.68,5.2,4.1,1.1,0.37,-0.07,Real Salt Lake,
Marcelo Silva,URU,DF,35,3.0,181.0,60.0,11.2,2.0,2,90.0,2,1,1.0,3,2.0,4.0,2.0,2.0,0.99,0.06,3.6,2.3,1.3,0.64,0.23,Real Salt Lake,
Pablo Ruíz,ARG,MF,25,3.0,170.0,57.0,10.5,1.9,2,76.0,1,1,18.0,0,1.33,0.0,2.0,-2.0,-1.06,-2.24,1.6,1.9,-0.4,-0.2,-0.71,Real Salt Lake,
Maikel Chang,CUB,MF,33,12.0,150.0,13.0,9.3,1.7,1,33.0,0,11,11.0,5,2.33,7.0,1.0,6.0,3.6,2.93,3.1,1.9,1.2,0.72,0.32,Real Salt Lake,
Noel Caliskan,GER,MF,23,2.0,98.0,49.0,6.0,1.1,1,80.0,0,1,18.0,1,0.0,1.0,3.0,-2.0,-1.84,-2.96,1.4,2.2,-0.8,-0.69,-1.2,Real Salt Lake,
Tommy Silva,USA,DF,22,1.0,19.0,19.0,1.2,0.2,0,,0,1,19.0,4,1.0,0.0,1.0,-1.0,-4.74,-5.75,0.0,0.8,-0.8,-3.62,-4.1,Real Salt Lake,
Zavier Gozo,USA,FW,17,1.0,12.0,12.0,0.7,0.1,0,,0,1,12.0,3,3.0,0.0,1.0,-1.0,-7.5,-8.51,0.1,1.1,-1.0,-7.3,-7.79,Real Salt Lake,
Tomas Gomez,USA,GK,31,0.0,,,,,0,,0,0,,1,,,,,,,,,,,,Real Salt Lake,
Erik Holt,USA,DF,27,0.0,,,,,0,,0,0,,5,,,,,,,,,,,,Real Salt Lake,
Darón Iskenderian,ARM,MF,22,0.0,,,,,0,,0,0,,2,,,,,,,,,,,,Real Salt Lake,
Bertin Jacquesson,FRA,FW,23,0.0,,,,,0,,0,0,,9,,,,,,,,,,,,Real Salt Lake,
Keller Storlie,USA,DF,22,0.0,,,,,0,,0,0,,1,,,,,,,,,,,,Real Salt Lake,
Hugo Lloris,FRA,GK,37,17.0,1530.0,90.0,100.0,17.0,17,90.0,17,0,,0,1.94,31.0,20.0,11.0,0.65,,33.4,18.7,14.7,0.86,,Los Angeles FC,
Denis Bouanga,GAB,FW,29,17.0,1529.0,90.0,99.9,17.0,17,90.0,16,0,,0,1.94,31.0,20.0,11.0,0.65,0.65,33.4,18.7,14.7,0.87,4.39,Los Angeles FC,
Timmy Tillman,GER,MF,25,17.0,1488.0,88.0,97.3,16.5,17,88.0,14,0,,0,1.94,28.0,20.0,8.0,0.48,-5.94,30.9,18.5,12.4,0.75,-4.1,Los Angeles FC,
Mateusz Bogusz,POL,FW,22,17.0,1430.0,84.0,93.5,15.9,17,84.0,8,0,,0,1.94,26.0,20.0,6.0,0.38,-4.12,28.9,17.9,11.0,0.69,-2.65,Los Angeles FC,
Cristian Olivera,URU,FW,22,16.0,1349.0,84.0,88.2,15.0,16,84.0,4,0,,0,1.88,25.0,16.0,9.0,0.6,-0.39,28.4,14.6,13.8,0.92,0.5,Los Angeles FC,
Aaron Long,USA,DF,31,15.0,1267.0,84.0,82.8,14.1,15,84.0,14,0,,1,2.0,25.0,13.0,12.0,0.85,1.19,28.7,15.7,13.0,0.92,0.35,Los Angeles FC,
Eduard Atuesta,COL,MF,26,15.0,1261.0,84.0,82.4,14.0,15,84.0,8,0,,0,1.93,24.0,17.0,7.0,0.5,-0.84,27.4,15.7,11.7,0.84,-0.16,Los Angeles FC,
Jesús David Murillo Largacha,COL,DF,30,16.0,1244.0,78.0,81.3,13.8,14,88.0,13,2,4.0,0,2.0,25.0,17.0,8.0,0.58,-0.37,25.8,16.8,9.0,0.65,-1.13,Los Angeles FC,
Ilie Sánchez,ESP,MF,33,16.0,1169.0,73.0,76.4,13.0,14,81.0,7,2,21.0,0,1.88,27.0,17.0,10.0,0.77,0.52,26.9,14.4,12.5,0.96,0.41,Los Angeles FC,
Sergi Palencia,ESP,DF,28,15.0,1135.0,76.0,74.2,12.6,13,85.0,9,2,16.0,1,2.13,27.0,15.0,12.0,0.95,1.18,26.3,13.4,12.9,1.02,0.61,Los Angeles FC,
Ryan Hollingshead,USA,DF,33,15.0,1108.0,74.0,72.4,12.3,13,83.0,7,2,12.0,0,1.8,20.0,17.0,3.0,0.24,-1.46,22.1,15.0,7.1,0.58,-1.05,Los Angeles FC,
Omar Campos,MEX,DF,21,14.0,787.0,56.0,51.4,8.7,8,84.0,5,6,19.0,1,1.93,15.0,7.0,8.0,0.91,0.55,17.2,9.0,8.2,0.94,0.17,Los Angeles FC,
Maxime Chanot,LUX,DF,34,10.0,565.0,57.0,36.9,6.3,6,90.0,6,4,6.0,1,2.5,14.0,7.0,7.0,1.12,0.74,12.7,5.6,7.2,1.14,0.44,Los Angeles FC,
Kei Kamara,SLE,FW,39,11.0,290.0,26.0,19.0,3.2,3,66.0,0,8,12.0,0,2.09,5.0,3.0,2.0,0.62,-0.03,5.9,3.7,2.3,0.71,-0.18,Los Angeles FC,
Eddie Segura,COL,DF,27,10.0,265.0,27.0,17.3,2.9,1,70.0,0,9,22.0,7,1.9,6.0,5.0,1.0,0.34,-0.37,6.9,2.3,4.6,1.57,0.85,Los Angeles FC,
Erik Duenas,USA,MF,19,7.0,180.0,26.0,11.8,2.0,1,70.0,0,6,18.0,10,2.57,5.0,1.0,4.0,2.0,1.53,5.0,1.8,3.1,1.57,0.8,Los Angeles FC,
David Martínez,VEN,FW,18,5.0,98.0,20.0,6.4,1.1,0,,0,5,20.0,1,0.8,3.0,2.0,1.0,0.92,0.29,2.9,1.2,1.7,1.56,0.75,Los Angeles FC,
Nathan Ordaz,SLV,FW,20,8.0,96.0,12.0,6.3,1.1,0,,0,8,12.0,9,1.38,3.0,2.0,1.0,0.94,0.31,4.0,1.9,2.1,1.99,1.2,Los Angeles FC,
Tomas Ángel,COL,FW,21,1.0,15.0,15.0,1.0,0.2,0,,0,1,15.0,13,0.0,0.0,0.0,0.0,0.0,-0.65,0.1,0.1,0.0,0.08,-0.79,Los Angeles FC,
Luis Müller,GER,FW,23,4.0,8.0,2.0,0.5,0.1,0,,0,4,2.0,5,2.5,1.0,0.0,1.0,11.25,10.66,0.1,0.2,-0.2,-1.95,-2.83,Los Angeles FC,
Luca Bombino,USA,DF,17,0.0,,,,,0,,0,0,,3,,,,,,,,,,,,Los Angeles FC,
Thomas Musto,USA,MF,20,0.0,,,,,0,,0,0,,6,,,,,,,,,,,,Los Angeles FC,
Abraham Romero,MEX,GK,26,0.0,,,,,0,,0,0,,17,,,,,,,,,,,,Los Angeles FC,
Diego Rosales,USA,DF,18,0.0,,,,,0,,0,0,,3,,,,,,,,,,,,Los Angeles FC,
Michael Boxall,NZL,DF,35,17.0,1485.0,87.0,97.1,16.5,17,87.0,16,0,,0,1.71,28.0,22.0,6.0,0.36,2.36,24.4,25.3,-0.9,-0.05,1.94,Minnesota United,
Wil Trapp,USA,MF,31,16.0,1381.0,86.0,90.3,15.3,16,86.0,11,0,,0,1.81,26.0,20.0,6.0,0.39,1.0,23.2,23.1,0.0,0.0,1.18,Minnesota United,
Dayne St. Clair,CAN,GK,27,15.0,1350.0,90.0,88.2,15.0,15,90.0,15,0,,0,1.87,27.0,20.0,7.0,0.47,1.47,23.7,24.5,-0.8,-0.05,0.5,Minnesota United,
D.J. Taylor,USA,DF,26,15.0,1177.0,78.0,76.9,13.1,14,83.0,8,1,12.0,0,1.87,22.0,14.0,8.0,0.61,1.38,19.2,21.2,-1.9,-0.15,-0.15,Minnesota United,
Jeong Sangbin,KOR,FW,22,15.0,1125.0,75.0,73.5,12.5,14,78.0,5,1,35.0,0,1.53,18.0,14.0,4.0,0.32,0.1,15.6,17.1,-1.6,-0.13,-0.06,Minnesota United,
Robin Lod,FIN,MF,31,15.0,1024.0,68.0,66.9,11.4,13,74.0,4,2,32.0,0,1.8,20.0,15.0,5.0,0.44,0.44,18.1,15.9,2.1,0.19,0.9,Minnesota United,
Joseph Rosales,HON,DF,23,13.0,1076.0,83.0,70.3,12.0,12,86.0,8,1,48.0,0,1.92,23.0,16.0,7.0,0.59,0.98,19.3,19.1,0.3,0.02,0.45,Minnesota United,
Devin Padelford,USA,DF,21,13.0,990.0,76.0,64.7,11.0,12,81.0,9,1,15.0,4,1.62,19.0,13.0,6.0,0.55,0.71,16.3,14.6,1.7,0.16,0.76,Minnesota United,
Hassani Dotson,USA,MF,26,13.0,945.0,73.0,61.8,10.5,10,83.0,7,3,40.0,0,1.46,15.0,15.0,0.0,0.0,-0.77,12.3,16.9,-4.6,-0.44,-0.85,Minnesota United,
Miguel Tapias,MEX,DF,27,11.0,909.0,83.0,59.4,10.1,10,88.0,8,1,25.0,1,2.09,17.0,12.0,5.0,0.5,0.5,13.3,16.7,-3.4,-0.34,-0.56,Minnesota United,
Teemu Pukki,FIN,FW,34,15.0,781.0,52.0,51.0,8.7,10,66.0,0,5,24.0,0,1.87,9.0,13.0,-4.0,-0.46,-1.54,12.9,15.0,-2.1,-0.25,-0.27,Minnesota United,
Kervin Arriaga,HON,DF,26,12.0,790.0,66.0,51.6,8.8,8,87.0,7,4,23.0,1,2.0,19.0,13.0,6.0,0.68,0.81,12.9,16.2,-3.2,-0.37,-0.53,Minnesota United,
Bongokuhle Hlongwane,RSA,FW,23,15.0,718.0,48.0,46.9,8.0,7,69.0,1,8,30.0,0,1.67,5.0,11.0,-6.0,-0.75,-1.97,8.7,11.8,-3.0,-0.38,-0.51,Minnesota United,
Caden Clark,USA,FW,21,16.0,651.0,41.0,42.5,7.2,7,66.0,1,9,21.0,0,1.63,7.0,13.0,-6.0,-0.83,-1.96,8.7,13.5,-4.8,-0.66,-0.96,Minnesota United,
Tani Oluwaseyi,CAN,FW,24,15.0,624.0,42.0,40.8,6.9,6,66.0,0,9,25.0,0,1.87,21.0,8.0,13.0,1.87,2.67,13.1,11.0,2.1,0.3,0.69,Minnesota United,
Franco Fragapane,ARG,FW,31,12.0,519.0,43.0,33.9,5.8,6,65.0,1,6,22.0,1,1.58,11.0,10.0,1.0,0.17,-0.18,11.5,9.5,2.1,0.36,0.72,Minnesota United,
Carlos Harvey,PAN,MF,24,5.0,217.0,43.0,14.2,2.4,3,54.0,0,2,28.0,2,2.6,6.0,3.0,3.0,1.24,1.11,4.1,4.0,0.1,0.04,0.17,Minnesota United,
Alejandro Bran,CRC,MF,23,7.0,219.0,31.0,14.3,2.4,2,58.0,0,5,21.0,7,1.57,2.0,4.0,-2.0,-0.82,-1.3,3.5,3.6,0.0,-0.02,0.11,Minnesota United,
Clint Irwin,USA,GK,35,2.0,180.0,90.0,11.8,2.0,2,90.0,2,0,,13,0.5,1.0,3.0,-2.0,-1.0,-1.47,0.9,2.0,-1.1,-0.56,-0.5,Minnesota United,
Jordan Adebayo-Smith,NGA,FW,24,7.0,220.0,31.0,14.4,2.4,1,78.0,0,6,24.0,2,1.14,4.0,6.0,-2.0,-0.82,-1.3,2.2,3.2,-0.9,-0.38,-0.31,Minnesota United,
Victor Eriksson,SWE,DF,23,3.0,121.0,40.0,7.9,1.3,1,90.0,1,2,16.0,11,0.33,1.0,2.0,-1.0,-0.74,-1.13,0.6,1.1,-0.5,-0.38,-0.29,Minnesota United,
Hugo Bacharach,ESP,DF,22,1.0,90.0,90.0,5.9,1.0,1,90.0,1,0,,2,0.0,1.0,2.0,-1.0,-1.0,-1.37,2.3,0.4,1.9,1.88,2.11,Minnesota United,
Morris Duggan,GER,DF,23,2.0,49.0,25.0,3.2,0.5,0,,0,2,25.0,1,0.5,0.0,1.0,-1.0,-1.84,-2.2,0.2,1.2,-1.0,-1.85,-1.8,Minnesota United,
Loïc Mesanvi,TOG,FW,20,2.0,44.0,22.0,2.9,0.5,0,,0,2,22.0,0,2.0,2.0,1.0,1.0,2.05,1.8,0.9,0.5,0.4,0.77,0.91,Minnesota United,
Moses Nyeman,USA,MF,20,3.0,43.0,14.0,2.8,0.5,0,,0,3,14.0,5,0.33,1.0,0.0,1.0,2.09,1.85,0.2,0.7,-0.5,-1.01,-0.93,Minnesota United,
Emanuel Reynoso,ARG,MF,28,1.0,31.0,31.0,2.0,0.3,0,,0,1,31.0,0,3.0,1.0,0.0,1.0,2.9,2.66,0.3,0.8,-0.5,-1.56,-1.48,Minnesota United,
Zarek Valentin,PUR,DF,32,3.0,28.0,9.0,1.8,0.3,0,,0,3,9.0,9,2.0,2.0,2.0,0.0,0.0,-0.3,1.4,1.2,0.2,0.77,0.89,Minnesota United,
Patrick Weah,LBR,FW,20,2.0,27.0,14.0,1.8,0.3,0,,0,2,14.0,0,0.5,0.0,0.0,0.0,0.0,-0.3,0.0,0.3,-0.3,-0.88,-0.78,Minnesota United,
Keith Romanshyn,USA,FW,18,1.0,12.0,12.0,0.8,0.1,0,,0,1,12.0,1,1.0,0.0,0.0,0.0,0.0,-0.3,,,,,,Minnesota United,
Derek Dodson,USA,DF,25,0.0,,,,,0,,0,0,,1,,,,,,,,,,,,Minnesota United,
Molik Khan,TRI,MF,20,0.0,,,,,0,,0,0,,1,,,,,,,,,,,,Minnesota United,
Alec Smir,USA,GK,25,0.0,,,,,0,,0,0,,4,,,,,,,,,,,,Minnesota United,
Maya Yoshida,JPN,DF,35,18.0,1620.0,90.0,100.0,18.0,18,90.0,18,0,,0,1.72,35.0,27.0,8.0,0.44,,33.3,30.2,3.1,0.17,,LA Galaxy,
Miki Yamane,JPN,DF,30,17.0,1513.0,89.0,93.4,16.8,17,89.0,15,0,,0,1.65,31.0,24.0,7.0,0.42,-0.42,30.8,27.5,3.3,0.2,0.37,LA Galaxy,
Marky Delgado,USA,MF,29,17.0,1470.0,86.0,90.7,16.3,17,86.0,12,0,,0,1.76,34.0,26.0,8.0,0.49,0.49,31.4,27.0,4.4,0.27,1.06,LA Galaxy,
Julián Aude,ARG,DF,21,18.0,1412.0,78.0,87.2,15.7,17,82.0,8,1,15.0,0,1.72,33.0,25.0,8.0,0.51,0.51,30.9,26.5,4.4,0.28,0.82,LA Galaxy,
John McCarthy,USA,GK,31,16.0,1440.0,90.0,88.9,16.0,16,90.0,16,0,,2,1.88,34.0,25.0,9.0,0.56,1.06,30.4,28.1,2.3,0.14,-0.25,LA Galaxy,
Riqui Puig,ESP,MF,24,16.0,1425.0,89.0,88.0,15.8,16,89.0,14,0,,0,1.69,31.0,24.0,7.0,0.44,-0.02,29.7,25.5,4.2,0.26,0.76,LA Galaxy,
Gabriel Chaves,BRA,FW,23,17.0,1289.0,76.0,79.6,14.3,14,87.0,8,3,26.0,0,1.76,25.0,21.0,4.0,0.28,-0.81,23.6,23.8,-0.2,-0.01,-0.9,LA Galaxy,
Dejan Joveljić,SRB,FW,24,16.0,1112.0,70.0,68.6,12.4,13,79.0,2,3,29.0,0,1.88,27.0,20.0,7.0,0.57,0.39,25.5,22.6,2.9,0.23,0.2,LA Galaxy,
Joseph Paintsil,GHA,FW,26,14.0,1082.0,77.0,66.8,12.0,13,81.0,7,1,26.0,0,1.71,24.0,19.0,5.0,0.42,-0.09,22.6,20.9,1.7,0.14,-0.09,LA Galaxy,
Edwin Cerrillo,USA,MF,23,18.0,1010.0,56.0,62.3,11.2,12,76.0,4,6,17.0,0,1.72,21.0,19.0,2.0,0.18,-0.71,22.4,19.2,3.2,0.29,0.3,LA Galaxy,
Martín Cáceres,URU,DF,37,11.0,854.0,78.0,52.7,9.5,11,78.0,7,0,,5,1.73,22.0,17.0,5.0,0.53,0.17,18.5,14.0,4.4,0.47,0.62,LA Galaxy,
Gastón Brugman,URU,MF,31,14.0,856.0,61.0,52.8,9.5,9,81.0,4,5,26.0,2,1.71,18.0,13.0,5.0,0.53,0.17,14.0,17.0,-3.0,-0.31,-1.03,LA Galaxy,
Diego Fagúndez,URU,FW,29,18.0,853.0,47.0,52.7,9.5,9,77.0,1,9,18.0,0,1.72,18.0,12.0,6.0,0.63,0.4,19.2,16.5,2.8,0.29,0.25,LA Galaxy,
Miguel Berry,ESP,FW,26,16.0,520.0,33.0,32.1,5.8,5,68.0,0,11,16.0,2,1.69,10.0,8.0,2.0,0.35,-0.14,8.7,8.4,0.3,0.05,-0.18,LA Galaxy,
Jalen Neal,USA,DF,20,7.0,509.0,73.0,31.4,5.7,5,90.0,5,2,30.0,2,1.43,9.0,6.0,3.0,0.53,0.13,11.9,8.4,3.5,0.62,0.65,LA Galaxy,
Novak Mićović,SRB,GK,22,2.0,180.0,90.0,11.1,2.0,2,90.0,2,0,,16,0.5,1.0,2.0,-1.0,-0.5,-1.06,3.0,2.2,0.8,0.4,0.25,LA Galaxy,
Jonathan Perez,MEX,FW,21,6.0,133.0,22.0,8.2,1.5,2,52.0,0,4,7.0,11,1.67,3.0,1.0,2.0,1.35,0.99,2.9,1.5,1.5,1.0,0.9,LA Galaxy,
John Nelson,USA,DF,25,7.0,163.0,23.0,10.1,1.8,1,75.0,0,6,15.0,11,1.57,2.0,2.0,0.0,0.0,-0.49,2.0,2.6,-0.7,-0.36,-0.6,LA Galaxy,
Eriq Zavaleta,SLV,DF,31,5.0,161.0,32.0,9.9,1.8,1,90.0,1,4,18.0,5,2.2,3.0,2.0,1.0,0.56,0.13,2.2,3.8,-1.6,-0.89,-1.18,LA Galaxy,
Daniel Aguirre,USA,MF,24,10.0,107.0,11.0,6.6,1.2,0,,0,10,11.0,7,1.7,2.0,1.0,1.0,0.84,0.42,2.6,2.3,0.3,0.25,0.08,LA Galaxy,
Mauricio Cuevas,USA,DF,21,6.0,84.0,14.0,5.2,0.9,0,,0,6,14.0,12,2.0,2.0,1.0,1.0,1.07,0.66,1.0,2.9,-1.9,-2.05,-2.34,LA Galaxy,
Tucker Lepley,USA,FW,22,1.0,1.0,1.0,0.1,0.0,0,,0,1,1.0,2,3.0,0.0,0.0,0.0,0.0,-0.44,0.0,0.1,-0.1,-11.68,-11.86,LA Galaxy,
Rubén Ramos,USA,MF,17,1.0,1.0,1.0,0.1,0.0,0,,0,1,1.0,0,3.0,0.0,0.0,0.0,0.0,-0.44,0.0,0.1,-0.1,-11.68,-11.86,LA Galaxy,
Carlos Garcés,COL,DF,22,0.0,,,,,0,,0,0,,5,,,,,,,,,,,,LA Galaxy,
Gino Vivi,CRC,FW,23,0.0,,,,,0,,0,0,,6,,,,,,,,,,,,LA Galaxy,
Yohei Takaoka,JPN,GK,28,17.0,1530.0,90.0,100.0,17.0,17,90.0,17,0,,0,1.47,26.0,22.0,4.0,0.24,,24.1,21.9,2.2,0.13,,Vancouver Whitecaps,
Ryan Gauld, SCO,FW,28,17.0,1505.0,89.0,98.4,16.7,17,89.0,13,0,,0,1.47,25.0,21.0,4.0,0.24,0.24,23.6,21.2,2.3,0.14,0.7,Vancouver Whitecaps,
Brian White,USA,FW,28,16.0,1355.0,85.0,88.6,15.1,16,85.0,10,0,,0,1.38,20.0,17.0,3.0,0.2,-0.32,19.8,19.7,0.1,0.0,-1.09,Vancouver Whitecaps,
Ranko Veselinović,SRB,DF,25,15.0,1317.0,88.0,86.1,14.6,15,88.0,12,0,,2,1.4,23.0,20.0,3.0,0.21,-0.22,19.4,19.4,0.0,0.0,-0.93,Vancouver Whitecaps,
Andrés Cubas,PAR,MF,28,14.0,1206.0,86.0,78.8,13.4,14,86.0,9,0,,0,1.71,20.0,16.0,4.0,0.3,0.3,19.7,18.0,1.6,0.12,-0.02,Vancouver Whitecaps,
Tristan Blackmon,USA,DF,27,15.0,1173.0,78.0,76.7,13.0,13,87.0,12,2,24.0,2,1.47,18.0,16.0,2.0,0.15,-0.35,18.1,17.6,0.5,0.04,-0.38,Vancouver Whitecaps,
Pedro Vite,ECU,MF,22,16.0,1138.0,71.0,74.4,12.6,13,78.0,4,3,43.0,1,1.38,16.0,18.0,-2.0,-0.16,-1.54,16.1,15.5,0.6,0.04,-0.32,Vancouver Whitecaps,
Alessandro Schöpf,AUT,MF,30,14.0,915.0,65.0,59.8,10.2,12,73.0,1,2,19.0,1,1.71,20.0,13.0,7.0,0.69,1.13,14.9,13.8,1.1,0.11,-0.05,Vancouver Whitecaps,
Mathías Laborda,URU,DF,24,12.0,939.0,78.0,61.4,10.4,11,84.0,8,1,14.0,4,1.67,18.0,16.0,2.0,0.19,-0.11,14.7,14.8,-0.1,-0.01,-0.35,Vancouver Whitecaps,
Ali Ahmed,CAN,MF,23,16.0,962.0,60.0,62.9,10.7,10,82.0,5,6,24.0,0,1.56,14.0,16.0,-2.0,-0.19,-1.14,16.1,15.2,0.9,0.08,-0.12,Vancouver Whitecaps,
Ryan Raposo,CAN,DF,25,16.0,781.0,49.0,51.0,8.7,9,68.0,0,7,25.0,1,1.38,13.0,12.0,1.0,0.12,-0.25,10.6,12.1,-1.5,-0.17,-0.61,Vancouver Whitecaps,
Fafà Picault,HAI,FW,33,15.0,792.0,53.0,51.8,8.8,8,75.0,5,7,28.0,0,1.47,18.0,11.0,7.0,0.8,1.16,14.3,11.2,3.0,0.34,0.45,Vancouver Whitecaps,
Javain Brown,JAM,DF,25,12.0,724.0,60.0,47.3,8.0,8,82.0,5,4,17.0,5,1.5,9.0,8.0,1.0,0.12,-0.21,8.5,8.9,-0.4,-0.05,-0.34,Vancouver Whitecaps,
Bjørn Inge Utvik,NOR,DF,28,9.0,526.0,58.0,34.4,5.8,6,79.0,4,3,17.0,6,1.78,10.0,5.0,5.0,0.86,0.95,9.9,4.9,5.1,0.87,1.13,Vancouver Whitecaps,
Luís Martins,POR,DF,32,10.0,465.0,47.0,30.4,5.2,5,68.0,0,5,25.0,4,1.3,4.0,7.0,-3.0,-0.58,-1.17,5.7,5.4,0.3,0.06,-0.1,Vancouver Whitecaps,
Damir Kreilach,CRO,FW,35,10.0,363.0,36.0,23.7,4.0,5,62.0,0,5,11.0,2,1.7,7.0,6.0,1.0,0.25,0.02,5.3,3.8,1.5,0.37,0.32,Vancouver Whitecaps,
Sebastian Berhalter,USA,MF,23,14.0,544.0,39.0,35.6,6.0,4,89.0,3,10,19.0,3,1.5,10.0,8.0,2.0,0.33,0.15,10.3,6.0,4.3,0.71,0.91,Vancouver Whitecaps,
Sam Adekugbe,CAN,MF,29,6.0,238.0,40.0,15.6,2.6,3,55.0,0,3,25.0,0,1.83,6.0,4.0,2.0,0.76,0.62,6.5,4.7,1.8,0.68,0.66,Vancouver Whitecaps,
Levonte Johnson,CAN,FW,25,12.0,188.0,16.0,12.3,2.1,1,61.0,0,11,12.0,4,1.0,4.0,4.0,0.0,0.0,-0.27,4.6,3.5,1.1,0.52,0.45,Vancouver Whitecaps,
Giuseppe Bovalina,AUS,DF,19,4.0,73.0,18.0,4.8,0.8,0,,0,4,18.0,2,1.5,3.0,1.0,2.0,2.47,2.34,2.1,0.9,1.2,1.51,1.45,Vancouver Whitecaps,
Ralph Priso-Mbongue,CAN,MF,21,3.0,37.0,12.0,2.4,0.4,0,,0,3,12.0,10,1.33,2.0,0.0,2.0,4.86,4.74,0.5,0.6,-0.1,-0.12,-0.26,Vancouver Whitecaps,
Jay Herdman,NZL,FW,19,1.0,10.0,10.0,0.7,0.1,0,,0,1,10.0,1,3.0,0.0,0.0,0.0,0.0,-0.24,0.2,0.1,0.1,1.16,1.04,Vancouver Whitecaps,
Cyprian Kachwele,TAN,MF,19,1.0,3.0,3.0,0.2,0.0,0,,0,1,3.0,0,0.0,0.0,0.0,0.0,0.0,-0.24,0.0,0.1,-0.1,-4.06,-4.2,Vancouver Whitecaps,
Jeevan Badwal,CAN,MF,18,0.0,,,,,0,,0,0,,1,,,,,,,,,,,,Vancouver Whitecaps,
Joe Bendik,USA,GK,35,0.0,,,,,0,,0,0,,1,,,,,,,,,,,,Vancouver Whitecaps,
Isaac Boehmer,USA,GK,22,0.0,,,,,0,,0,0,,17,,,,,,,,,,,,Vancouver Whitecaps,
Belal Halbouni,SYR,DF,24,0.0,,,,,0,,0,0,,8,,,,,,,,,,,,Vancouver Whitecaps,
Brad Stuver,USA,GK,33,18.0,1620.0,90.0,100.0,18.0,18,90.0,18,0,,0,1.28,21.0,27.0,-6.0,-0.33,,19.8,32.2,-12.3,-0.69,,Austin FC,
Jáder Obrian,COL,FW,29,18.0,1210.0,67.0,74.7,13.4,17,69.0,0,1,33.0,0,1.28,16.0,25.0,-9.0,-0.67,-1.33,12.8,22.6,-9.8,-0.73,-0.17,Austin FC,
Alexander Ring,FIN,MF,33,18.0,1434.0,80.0,88.5,15.9,16,86.0,13,2,26.0,0,1.28,16.0,24.0,-8.0,-0.5,-1.47,14.0,30.4,-16.4,-1.03,-2.98,Austin FC,
Jon Gallagher,IRL,DF,28,16.0,1363.0,85.0,84.1,15.1,16,85.0,12,0,,0,1.38,18.0,21.0,-3.0,-0.2,0.85,14.9,24.9,-10.0,-0.66,0.15,Austin FC,
Diego Rubio,CHI,FW,31,18.0,1262.0,70.0,77.9,14.0,16,75.0,2,2,32.0,0,1.28,15.0,23.0,-8.0,-0.57,-1.07,11.2,25.8,-14.5,-1.04,-1.58,Austin FC,
Daniel Pereira,VEN,MF,23,15.0,1225.0,82.0,75.6,13.6,14,87.0,9,1,7.0,0,1.47,17.0,22.0,-5.0,-0.37,-0.14,16.4,25.0,-8.6,-0.63,0.23,Austin FC,
Brendan Hines-Ike,USA,DF,29,15.0,1216.0,81.0,75.1,13.5,13,90.0,13,2,23.0,2,1.4,16.0,18.0,-2.0,-0.15,0.74,16.5,21.1,-4.5,-0.33,1.41,Austin FC,
Sebastián Driussi,ARG,MF,28,14.0,1123.0,80.0,69.3,12.5,13,85.0,9,1,20.0,1,1.5,15.0,15.0,0.0,0.0,1.09,15.6,17.6,-2.0,-0.16,1.72,Austin FC,
Julio Cascante,CRC,DF,30,14.0,1121.0,80.0,69.2,12.5,13,82.0,10,1,55.0,1,1.43,17.0,18.0,-1.0,-0.08,0.82,12.5,22.6,-10.1,-0.81,-0.41,Austin FC,
Guilherme Biro,BRA,DF,24,16.0,978.0,61.0,60.4,10.9,11,80.0,6,5,20.0,0,1.06,9.0,19.0,-10.0,-0.92,-1.48,9.6,20.1,-10.5,-0.96,-0.7,Austin FC,
Jhojan Valencia,COL,MF,27,14.0,791.0,57.0,48.8,8.8,9,80.0,5,5,14.0,4,1.0,9.0,16.0,-7.0,-0.8,-0.91,9.7,15.5,-5.8,-0.66,0.05,Austin FC,
Owen Wolff,USA,FW,19,17.0,910.0,54.0,56.2,10.1,8,87.0,6,9,24.0,0,1.18,16.0,17.0,-1.0,-0.1,0.53,14.3,18.2,-3.9,-0.39,0.68,Austin FC,
Emiliano Rigoni,ARG,FW,31,11.0,702.0,64.0,43.3,7.8,7,88.0,5,4,22.0,3,1.18,8.0,7.0,1.0,0.13,0.81,7.3,12.6,-5.3,-0.68,0.02,Austin FC,
Matt Hedges,USA,DF,34,8.0,552.0,69.0,34.1,6.1,6,90.0,6,2,6.0,10,1.5,6.0,8.0,-2.0,-0.33,0.01,4.6,12.1,-7.5,-1.22,-0.81,Austin FC,
Žan Kolmanič,SVN,DF,24,12.0,500.0,42.0,30.9,5.6,6,70.0,1,6,13.0,3,0.92,6.0,8.0,-2.0,-0.36,-0.04,6.6,11.3,-4.8,-0.86,-0.25,Austin FC,
Ethan Finlay,USA,FW,33,12.0,451.0,38.0,27.8,5.0,4,77.0,2,8,18.0,3,1.33,3.0,5.0,-2.0,-0.4,-0.09,4.0,10.6,-6.6,-1.32,-0.87,Austin FC,
Hector Jiménez,USA,DF,35,9.0,373.0,41.0,23.0,4.1,4,67.0,0,5,21.0,9,1.22,8.0,7.0,1.0,0.24,0.75,7.8,8.1,-0.2,-0.06,0.81,Austin FC,
Leo Väisänen,FIN,DF,26,6.0,364.0,61.0,22.5,4.0,4,76.0,3,2,30.0,3,1.0,3.0,11.0,-8.0,-1.98,-2.12,6.4,8.9,-2.4,-0.6,0.11,Austin FC,
Gyasi Zardes,USA,FW,32,18.0,489.0,27.0,30.2,5.4,3,79.0,1,15,17.0,0,1.28,8.0,5.0,3.0,0.55,1.27,9.8,11.5,-1.7,-0.32,0.53,Austin FC,
CJ Fodrey,USA,FW,20,6.0,131.0,22.0,8.1,1.5,0,,0,6,22.0,6,1.0,4.0,1.0,3.0,2.06,2.61,3.9,3.0,0.8,0.56,1.36,Austin FC,
Alonso Ramírez,MEX,MF,22,1.0,5.0,5.0,0.3,0.1,0,,0,1,5.0,0,0.0,0.0,0.0,0.0,0.0,0.33,0.3,0.0,0.3,5.19,5.89,Austin FC,
Matt Bersano,USA,GK,31,0.0,,,,,0,,0,0,,2,,,,,,,,,,,,Austin FC,
Stefan Cleveland,USA,GK,30,0.0,,,,,0,,0,0,,18,,,,,,,,,,,,Austin FC,
Bryant Farkarlun,USA,FW,22,0.0,,,,,0,,0,0,,3,,,,,,,,,,,,Austin FC,
Antonio Gomez,USA,DF,22,0.0,,,,,0,,0,0,,2,,,,,,,,,,,,Austin FC,
Valentin Noël,FRA,DF,25,0.0,,,,,0,,0,0,,1,,,,,,,,,,,,Austin FC,
Artur,BRA,MF,28,17.0,1521.0,89.0,99.4,16.9,17,89.0,15,0,,0,1.35,20.0,20.0,0.0,0.0,0.0,18.4,20.6,-2.2,-0.13,-7.67,Houston Dynamo,
Aliyu Ibrahim,NGA,FW,22,17.0,1437.0,85.0,93.9,16.0,16,88.0,11,1,34.0,0,1.35,16.0,19.0,-3.0,-0.19,-3.09,17.2,18.6,-1.5,-0.09,-0.1,Houston Dynamo,
Adalberto Carrasquilla,PAN,FW,25,16.0,1407.0,88.0,92.0,15.6,16,88.0,14,0,,0,1.25,17.0,20.0,-3.0,-0.19,-2.39,17.7,19.8,-2.2,-0.14,-0.67,Houston Dynamo,
Griffin Dorsey,USA,DF,25,16.0,1258.0,79.0,82.2,14.0,15,84.0,12,1,4.0,0,1.38,18.0,15.0,3.0,0.21,1.21,16.8,15.6,1.3,0.09,0.99,Houston Dynamo,
Sebastian Kowalczyk,POL,FW,25,16.0,1245.0,78.0,81.4,13.8,15,82.0,5,1,20.0,0,1.44,18.0,15.0,3.0,0.22,1.16,14.8,17.6,-2.8,-0.2,-0.63,Houston Dynamo,
Micael,BRA,DF,23,16.0,1340.0,84.0,87.6,14.9,14,90.0,13,2,44.0,0,1.44,19.0,18.0,1.0,0.07,0.54,17.7,18.4,-0.7,-0.05,0.3,Houston Dynamo,
Steve Clark,USA,GK,38,14.0,1242.0,89.0,81.2,13.8,14,89.0,13,0,,0,1.36,14.0,15.0,-1.0,-0.07,-0.38,14.0,16.0,-2.0,-0.15,-0.32,Houston Dynamo,
Amine Bassi,FRA,MF,26,15.0,1221.0,81.0,79.8,13.6,14,86.0,8,1,23.0,0,1.27,17.0,15.0,2.0,0.15,0.73,16.4,16.0,0.4,0.03,0.57,Houston Dynamo,
Erik Sviatchenko,DEN,DF,32,14.0,918.0,66.0,60.0,10.2,12,76.0,5,2,4.0,0,1.21,9.0,13.0,-4.0,-0.39,-0.98,11.4,10.1,1.3,0.13,0.54,Houston Dynamo,
Ethan Bartlow,USA,DF,24,11.0,747.0,68.0,48.8,8.3,8,90.0,8,3,9.0,5,1.55,9.0,9.0,0.0,0.0,0.0,8.1,13.0,-5.0,-0.6,-1.0,Houston Dynamo,
Franco Escobar,ARG,DF,29,10.0,692.0,69.0,45.2,7.7,8,81.0,5,2,23.0,0,1.4,10.0,9.0,1.0,0.13,0.24,8.0,9.5,-1.6,-0.2,-0.22,Houston Dynamo,
Daniel Steres,USA,DF,33,9.0,681.0,76.0,44.5,7.6,7,81.0,4,2,59.0,7,1.33,9.0,10.0,-1.0,-0.13,-0.24,8.4,11.5,-3.1,-0.4,-0.58,Houston Dynamo,
Héctor Herrera,MEX,MF,34,10.0,640.0,64.0,41.8,7.1,7,79.0,4,3,28.0,0,1.0,10.0,12.0,-2.0,-0.28,-0.48,10.2,9.6,0.6,0.09,0.3,Houston Dynamo,
Latif Blessing,GHA,FW,27,13.0,464.0,36.0,30.3,5.2,6,52.0,0,7,22.0,2,1.23,9.0,4.0,5.0,0.97,1.39,7.7,7.4,0.3,0.05,0.2,Houston Dynamo,
Tate Schmitt,USA,DF,27,10.0,399.0,40.0,26.1,4.4,4,79.0,2,6,14.0,7,1.0,4.0,5.0,-1.0,-0.23,-0.31,6.4,4.6,1.7,0.39,0.64,Houston Dynamo,
Ján Greguš,SVK,MF,33,6.0,380.0,63.0,24.8,4.2,4,78.0,2,2,35.0,9,1.67,3.0,3.0,0.0,0.0,0.0,4.0,3.7,0.4,0.09,0.23,Houston Dynamo,
Andrew Tarbell,USA,GK,30,4.0,288.0,72.0,18.8,3.2,3,90.0,3,1,18.0,13,1.25,6.0,5.0,1.0,0.31,0.38,5.3,4.7,0.6,0.18,0.32,Houston Dynamo,
Brooklyn Raines,USA,MF,19,7.0,211.0,30.0,13.8,2.3,3,64.0,0,4,5.0,8,2.0,1.0,2.0,-1.0,-0.43,-0.49,2.3,2.2,0.1,0.05,0.16,Houston Dynamo,
Gabe Segal,USA,FW,23,9.0,184.0,20.0,12.0,2.0,2,67.0,0,7,7.0,5,1.22,2.0,2.0,0.0,0.0,0.0,2.6,1.8,0.8,0.4,0.55,Houston Dynamo,
Brad Smith,AUS,DF,30,12.0,283.0,24.0,18.5,3.1,1,66.0,0,11,20.0,5,1.42,5.0,5.0,0.0,0.0,0.0,2.4,3.9,-1.5,-0.48,-0.48,Houston Dynamo,
Sebastián Ferreira,PAR,FW,26,5.0,159.0,32.0,10.4,1.8,1,89.0,0,4,18.0,2,1.6,4.0,2.0,2.0,1.13,1.26,2.6,1.3,1.3,0.74,0.93,Houston Dynamo,
McKinze Gaines,USA,MF,26,2.0,14.0,7.0,0.9,0.2,0,,0,2,7.0,3,0.5,0.0,0.0,0.0,0.0,0.0,0.0,0.1,-0.1,-0.33,-0.25,Houston Dynamo,
Jefferson Valverde,ECU,DF,25,1.0,13.0,13.0,0.8,0.1,0,,0,1,13.0,2,0.0,0.0,0.0,0.0,0.0,0.0,0.0,0.0,0.0,0.15,0.23,Houston Dynamo,
Obafemi Awodesu,USA,DF,23,0.0,,,,,0,,0,0,,1,,,,,,,,,,,,Houston Dynamo,
Diego Gonzalez,USA,MF,21,0.0,,,,,0,,0,0,,1,,,,,,,,,,,,Houston Dynamo,
Stephen Gyamfi,,FW,,0.0,,,,,0,,0,0,,1,,,,,,,,,,,,Houston Dynamo,
Kieran Sargeant,USA,DF,21,0.0,,,,,0,,0,0,,8,,,,,,,,,,,,Houston Dynamo,
Ousmane Sylla,SEN,MF,22,0.0,,,,,0,,0,0,,6,,,,,,,,,,,,Houston Dynamo,
Xavier Valdez,DOM,GK,20,0.0,,,,,0,,0,0,,3,,,,,,,,,,,,Houston Dynamo,
Andreas Maxsø,DEN,DF,30,18.0,1620.0,90.0,100.0,18.0,18,90.0,18,0,,0,1.39,31.0,31.0,0.0,0.0,,28.2,24.8,3.4,0.19,,Colorado Rapids,
Zack Steffen,USA,GK,29,18.0,1620.0,90.0,100.0,18.0,18,90.0,18,0,,0,1.39,31.0,31.0,0.0,0.0,,28.2,24.8,3.4,0.19,,Colorado Rapids,
Cole Bassett,USA,MF,22,18.0,1616.0,90.0,99.8,18.0,18,90.0,17,0,,0,1.39,31.0,30.0,1.0,0.06,22.56,28.1,24.7,3.4,0.19,1.35,Colorado Rapids,
Djordje Mihailovic,USA,MF,25,17.0,1492.0,88.0,92.1,16.6,17,88.0,12,0,,0,1.29,29.0,26.0,3.0,0.18,2.29,26.8,21.1,5.7,0.34,2.0,Colorado Rapids,
Rafael Navarro,BRA,FW,24,18.0,1394.0,77.0,86.0,15.5,17,81.0,5,1,22.0,0,1.39,28.0,22.0,6.0,0.39,2.78,25.2,18.9,6.3,0.41,1.58,Colorado Rapids,
Keegan Rosenberry,USA,DF,30,16.0,1417.0,89.0,87.5,15.7,16,89.0,14,0,,1,1.5,27.0,26.0,1.0,0.06,0.51,24.1,21.6,2.5,0.16,-0.21,Colorado Rapids,
Sam Vines,USA,DF,25,17.0,1406.0,83.0,86.8,15.6,16,86.0,13,1,31.0,0,1.29,28.0,29.0,-1.0,-0.06,-0.48,25.8,22.7,3.1,0.2,0.08,Colorado Rapids,
Moïse Bombito,CAN,DF,24,16.0,1369.0,86.0,84.5,15.2,15,90.0,15,1,19.0,0,1.38,28.0,29.0,-1.0,-0.07,-0.42,25.4,22.0,3.4,0.22,0.25,Colorado Rapids,
Oliver Larraz,USA,MF,22,18.0,1219.0,68.0,75.2,13.5,15,76.0,5,3,24.0,0,1.39,21.0,25.0,-4.0,-0.3,-1.19,20.7,18.8,1.8,0.14,-0.2,Colorado Rapids,
Kevin Cabral,FRA,FW,24,16.0,902.0,56.0,55.7,10.0,12,69.0,0,4,19.0,2,1.5,20.0,16.0,4.0,0.4,0.9,17.7,13.4,4.3,0.43,0.54,Colorado Rapids,
Omir Fernandez,USA,FW,25,18.0,931.0,52.0,57.5,10.3,11,70.0,1,7,22.0,0,1.39,18.0,19.0,-1.0,-0.1,-0.23,15.4,14.4,0.9,0.09,-0.23,Colorado Rapids,
Calvin Harris, ENG,FW,24,18.0,789.0,44.0,48.7,8.8,8,68.0,0,10,25.0,0,1.39,15.0,13.0,2.0,0.23,0.44,13.6,12.3,1.3,0.15,-0.07,Colorado Rapids,
Connor Ronan,IRL,MF,26,10.0,507.0,51.0,31.3,5.6,6,65.0,2,4,30.0,0,1.1,8.0,10.0,-2.0,-0.36,-0.52,8.2,6.9,1.3,0.23,0.07,Colorado Rapids,
Darren Yapi,USA,FW,19,17.0,455.0,27.0,28.1,5.1,3,67.0,0,14,18.0,1,1.41,7.0,11.0,-4.0,-0.79,-1.1,5.3,8.3,-3.0,-0.59,-1.08,Colorado Rapids,
Lalas Abubakar,GHA,DF,29,5.0,270.0,54.0,16.7,3.0,3,84.0,2,2,10.0,10,1.2,3.0,6.0,-3.0,-1.0,-1.2,2.8,3.9,-1.1,-0.37,-0.67,Colorado Rapids,
Sebastian Anderson,USA,DF,21,4.0,227.0,57.0,14.0,2.5,2,86.0,1,2,28.0,14,1.75,3.0,6.0,-3.0,-1.19,-1.38,3.1,3.4,-0.3,-0.12,-0.36,Colorado Rapids,
Jackson Travis,USA,DF,20,4.0,150.0,38.0,9.3,1.7,2,61.0,0,2,15.0,13,1.5,3.0,1.0,2.0,1.2,1.32,1.9,1.7,0.1,0.07,-0.12,Colorado Rapids,
Jasper Löffelsend,GER,MF,26,6.0,198.0,33.0,12.2,2.2,1,61.0,0,5,27.0,6,2.0,4.0,6.0,-2.0,-0.91,-1.04,4.0,4.2,-0.2,-0.09,-0.31,Colorado Rapids,
Jonathan Lewis,USA,FW,27,9.0,148.0,16.0,9.1,1.6,0,,0,9,16.0,3,1.0,1.0,2.0,-1.0,-0.61,-0.67,4.0,2.8,1.2,0.72,0.58,Colorado Rapids,
Kimani Stewart-Baynes,CAN,MF,19,5.0,60.0,12.0,3.7,0.7,0,,0,5,12.0,1,1.4,4.0,1.0,3.0,4.5,4.67,0.9,0.7,0.2,0.29,0.11,Colorado Rapids,
Lamine Diack,SEN,FW,23,4.0,19.0,5.0,1.2,0.2,0,,0,4,5.0,5,2.5,1.0,1.0,0.0,0.0,0.0,0.4,0.9,-0.6,-2.55,-2.77,Colorado Rapids,
Michael Edwards,USA,DF,23,1.0,10.0,10.0,0.6,0.1,0,,0,1,10.0,5,0.0,0.0,0.0,0.0,0.0,0.0,0.1,0.0,0.1,1.32,1.14,Colorado Rapids,
Wayne Frederick,TRI,MF,20,1.0,1.0,1.0,0.1,0.0,0,,0,1,1.0,6,3.0,0.0,0.0,0.0,0.0,0.0,0.0,0.6,-0.6,-55.17,-55.39,Colorado Rapids,
Ethan Bandré,USA,GK,25,0.0,,,,,0,,0,0,,1,,,,,,,,,,,,Colorado Rapids,
Adam Beaudry,USA,GK,18,0.0,,,,,0,,0,0,,17,,,,,,,,,,,,Colorado Rapids,
Marlon Vargas,SLV,MF,23,0.0,,,,,0,,0,0,,1,,,,,,,,,,,,Colorado Rapids,
Juan David Mosquera,COL,DF,21,18.0,1443.0,80.0,89.1,16.0,18,80.0,9,0,,0,1.17,24.0,31.0,-7.0,-0.44,-4.0,18.9,24.3,-5.4,-0.34,-0.98,Portland Timbers,
Kamal Miller,CAN,DF,27,15.0,1350.0,90.0,83.3,15.0,15,90.0,15,0,,1,1.33,31.0,27.0,4.0,0.27,1.6,20.5,23.0,-2.5,-0.17,0.36,Portland Timbers,
Diego Chará,COL,MF,38,16.0,1241.0,78.0,76.6,13.8,14,84.0,10,2,35.0,0,1.25,28.0,25.0,3.0,0.22,0.93,18.9,21.2,-2.3,-0.17,0.26,Portland Timbers,
Santiago Moreno,COL,FW,24,16.0,1216.0,76.0,75.1,13.5,14,85.0,10,2,15.0,0,1.13,22.0,26.0,-4.0,-0.3,-1.19,14.0,19.9,-5.9,-0.44,-0.84,Portland Timbers,
Antony,BRA,FW,22,17.0,1161.0,68.0,71.7,12.9,14,76.0,3,3,34.0,0,1.18,21.0,24.0,-3.0,-0.23,-0.82,15.9,18.6,-2.7,-0.21,0.07,Portland Timbers,
Evander,BRA,MF,26,14.0,1204.0,86.0,74.3,13.4,13,90.0,11,1,36.0,1,1.21,22.0,22.0,0.0,0.0,0.0,19.5,20.7,-1.2,-0.09,0.55,Portland Timbers,
Jonathan Rodríguez,URU,FW,30,14.0,1177.0,84.0,72.7,13.1,13,87.0,10,1,45.0,0,1.0,24.0,23.0,1.0,0.08,0.28,19.1,19.4,-0.3,-0.02,0.75,Portland Timbers,
Maxime Crépeau,CAN,GK,30,13.0,1127.0,87.0,69.6,12.5,13,87.0,12,0,,1,1.0,23.0,25.0,-2.0,-0.16,-0.52,17.9,18.3,-0.4,-0.03,0.64,Portland Timbers,
Cristhian Paredes,PAR,MF,26,18.0,968.0,54.0,59.8,10.8,10,76.0,2,8,26.0,0,1.17,21.0,19.0,2.0,0.19,0.46,14.6,16.3,-1.8,-0.16,0.16,Portland Timbers,
Dario Župarić,BIH,DF,32,13.0,928.0,71.0,57.3,10.3,9,90.0,8,4,31.0,2,1.15,15.0,18.0,-3.0,-0.29,-0.68,15.8,16.0,-0.2,-0.02,0.49,Portland Timbers,
Felipe Mora,CHI,FW,30,14.0,794.0,57.0,49.0,8.8,9,70.0,1,5,32.0,0,1.0,20.0,14.0,6.0,0.68,1.33,15.5,10.7,4.8,0.54,1.51,Portland Timbers,
Eric Miller,USA,DF,31,16.0,835.0,52.0,51.5,9.3,8,82.0,3,8,23.0,2,1.25,21.0,16.0,5.0,0.54,1.11,14.2,13.6,0.6,0.06,0.6,Portland Timbers,
Miguel Araujo,PER,DF,29,12.0,706.0,59.0,43.6,7.8,8,83.0,6,4,10.0,2,1.17,16.0,13.0,3.0,0.38,0.68,10.1,11.9,-1.8,-0.23,0.0,Portland Timbers,
Dairon Asprilla,COL,FW,32,16.0,664.0,42.0,41.0,7.4,7,73.0,2,9,17.0,1,1.19,11.0,13.0,-2.0,-0.27,-0.46,5.6,14.4,-8.9,-1.21,-1.65,Portland Timbers,
Zac McGraw,CAN,DF,27,8.0,593.0,74.0,36.6,6.6,7,84.0,6,1,8.0,8,1.0,9.0,12.0,-3.0,-0.46,-0.72,5.2,10.1,-4.9,-0.74,-0.81,Portland Timbers,
David Ayala,ARG,MF,21,16.0,560.0,35.0,34.6,6.2,7,65.0,0,9,11.0,2,1.31,10.0,11.0,-1.0,-0.16,-0.25,7.8,10.7,-2.9,-0.46,-0.36,Portland Timbers,
Eryk Williamson,USA,MF,27,14.0,555.0,40.0,34.3,6.2,6,74.0,1,8,14.0,3,0.79,11.0,10.0,1.0,0.16,0.25,6.4,8.6,-2.2,-0.36,-0.19,Portland Timbers,
Claudio Bravo,ARG,DF,27,8.0,544.0,68.0,33.6,6.0,6,83.0,4,2,23.0,1,1.0,10.0,10.0,0.0,0.0,0.0,6.9,8.6,-1.7,-0.28,-0.07,Portland Timbers,
James Pantemis,CAN,GK,27,6.0,491.0,82.0,30.3,5.5,5,90.0,5,1,41.0,12,1.5,9.0,7.0,2.0,0.37,0.53,5.4,9.1,-3.7,-0.68,-0.65,Portland Timbers,
Nathan Fogaça,BRA,FW,25,11.0,160.0,15.0,9.9,1.8,1,59.0,0,10,10.0,7,1.09,4.0,2.0,2.0,1.13,1.25,3.1,2.4,0.7,0.37,0.67,Portland Timbers,
Larrys Mabiala,COD,DF,36,1.0,45.0,45.0,2.8,0.5,1,45.0,0,0,,10,3.0,0.0,2.0,-2.0,-4.0,-4.11,0.3,1.4,-1.1,-2.21,-2.04,Portland Timbers,
Tega Ikoba,USA,FW,20,0.0,,,,,0,,0,0,,3,,,,,,,,,,,,Portland Timbers,
Sawyer Jura,USA,DF,18,0.0,,,,,0,,0,0,,2,,,,,,,,,,,,Portland Timbers,
Kyle Linhares,USA,MF,21,0.0,,,,,0,,0,0,,1,,,,,,,,,,,,Portland Timbers,
Trey Muse,USA,GK,24,0.0,,,,,0,,0,0,,3,,,,,,,,,,,,Portland Timbers,
Hunter Sulte,USA,GK,22,0.0,,,,,0,,0,0,,1,,,,,,,,,,,,Portland Timbers,
Cristian Roldan,USA,MF,29,18.0,1541.0,86.0,95.1,17.1,17,88.0,13,1,45.0,0,1.17,21.0,19.0,2.0,0.12,1.26,22.4,18.7,3.8,0.22,0.8,Seattle Sounders,
Jackson Ragen,USA,DF,25,17.0,1462.0,86.0,90.2,16.2,17,86.0,14,0,,0,1.24,19.0,17.0,2.0,0.12,0.69,21.0,17.1,3.9,0.24,0.61,Seattle Sounders,
Jordan Morris,USA,FW,29,18.0,1448.0,80.0,89.4,16.1,17,84.0,8,1,26.0,0,1.17,20.0,16.0,4.0,0.25,1.82,20.7,16.8,3.9,0.24,0.56,Seattle Sounders,
Alex Roldan,SLV,DF,27,15.0,1202.0,80.0,74.2,13.4,15,80.0,10,0,,1,1.33,18.0,16.0,2.0,0.15,0.37,18.0,14.4,3.6,0.27,0.35,Seattle Sounders,
Obed Vargas,USA,MF,18,15.0,1329.0,89.0,82.0,14.8,14,90.0,13,1,70.0,0,1.4,19.0,15.0,4.0,0.27,1.2,20.1,15.7,4.4,0.3,0.66,Seattle Sounders,
Stefan Frei,SUI,GK,38,14.0,1197.0,86.0,73.9,13.3,14,86.0,13,0,,0,1.14,17.0,14.0,3.0,0.23,0.65,17.1,14.8,2.3,0.17,-0.03,Seattle Sounders,
Nouhou Tolo,CMR,DF,26,14.0,1178.0,84.0,72.7,13.1,14,84.0,11,0,,0,1.29,13.0,13.0,0.0,0.0,-0.2,16.3,13.6,2.7,0.21,0.1,Seattle Sounders,
Raúl Ruidíaz,PER,FW,33,16.0,1155.0,72.0,71.3,12.8,14,77.0,3,2,37.0,1,1.13,18.0,10.0,8.0,0.62,1.98,18.4,10.7,7.7,0.6,1.47,Seattle Sounders,
Albert Rusnák,SVK,MF,29,16.0,1184.0,74.0,73.1,13.2,13,84.0,6,3,32.0,0,1.25,17.0,12.0,5.0,0.38,1.21,17.0,14.5,2.5,0.19,0.03,Seattle Sounders,
Yeimar Gómez Andrade,COL,DF,31,15.0,1179.0,79.0,72.8,13.1,13,89.0,11,2,9.0,0,1.13,18.0,16.0,2.0,0.15,0.36,18.8,15.5,3.2,0.25,0.25,Seattle Sounders,
João Paulo Mior,BRA,MF,33,12.0,795.0,66.0,49.1,8.8,10,76.0,2,2,20.0,1,1.33,12.0,6.0,6.0,0.68,1.22,10.3,8.3,2.0,0.22,0.08,Seattle Sounders,
Joshua Atencio,USA,MF,22,13.0,774.0,60.0,47.8,8.6,9,77.0,4,4,19.0,0,1.08,9.0,10.0,-1.0,-0.12,-0.33,13.3,8.8,4.5,0.52,0.66,Seattle Sounders,
Léo Chú,BRA,FW,24,8.0,388.0,49.0,24.0,4.3,7,53.0,0,1,17.0,4,1.13,7.0,4.0,3.0,0.7,0.84,7.2,3.6,3.5,0.82,0.84,Seattle Sounders,
Cody Baker,USA,DF,20,13.0,479.0,37.0,29.6,5.3,4,65.0,0,9,24.0,4,1.08,9.0,8.0,1.0,0.19,0.19,8.6,8.3,0.4,0.07,-0.16,Seattle Sounders,
Andrew Thomas,RUS,GK,25,5.0,420.0,84.0,25.9,4.7,4,90.0,4,1,60.0,13,1.0,5.0,7.0,-2.0,-0.43,-0.65,7.2,6.2,1.0,0.21,0.03,Seattle Sounders,
Jon Bell,JAM,DF,26,4.0,271.0,68.0,16.7,3.0,3,90.0,3,1,1.0,10,1.5,3.0,5.0,-2.0,-0.66,-0.86,2.4,4.7,-2.3,-0.76,-1.13,Seattle Sounders,
Daniel Musovski,USA,FW,28,16.0,335.0,21.0,20.7,3.7,2,55.0,1,14,16.0,2,0.94,6.0,9.0,-3.0,-0.81,-1.09,7.6,8.2,-0.6,-0.17,-0.44,Seattle Sounders,
Xavier Arreaga,ECU,DF,29,5.0,255.0,51.0,15.7,2.8,2,85.0,1,3,28.0,4,1.0,4.0,2.0,2.0,0.71,0.77,5.3,3.5,1.8,0.62,0.52,Seattle Sounders,
Danny Leyva,USA,MF,21,6.0,182.0,30.0,11.2,2.0,2,79.0,1,4,6.0,11,1.17,0.0,5.0,-5.0,-2.47,-2.85,1.6,4.7,-3.0,-1.5,-1.89,Seattle Sounders,
Sota Kitahara,USA,DF,21,2.0,147.0,74.0,9.1,1.6,2,74.0,1,0,,4,0.0,0.0,4.0,-4.0,-2.45,-2.75,0.9,3.5,-2.6,-1.58,-1.94,Seattle Sounders,
Reed Baker-Whiting,USA,DF,19,6.0,153.0,26.0,9.4,1.7,1,72.0,0,5,16.0,1,1.0,3.0,4.0,-1.0,-0.59,-0.71,2.4,3.7,-1.4,-0.8,-1.08,Seattle Sounders,
Pedro De la Vega,ARG,MF,23,3.0,104.0,35.0,6.4,1.2,1,62.0,0,2,21.0,0,0.67,1.0,1.0,0.0,0.0,-0.06,1.6,1.1,0.6,0.51,0.35,Seattle Sounders,
Georgi Minoungou,CIV,FW,21,2.0,95.0,48.0,5.9,1.1,1,90.0,1,1,5.0,0,0.5,0.0,2.0,-2.0,-1.89,-2.07,0.8,2.1,-1.3,-1.24,-1.51,Seattle Sounders,
Dylan Teves,USA,MF,24,5.0,84.0,17.0,5.2,0.9,1,73.0,0,4,3.0,13,1.4,1.0,2.0,-1.0,-1.07,-1.19,1.6,1.4,0.2,0.21,0.03,Seattle Sounders,
Nathan Cardoso,BRA,DF,29,1.0,63.0,63.0,3.9,0.7,1,63.0,0,0,,2,0.0,0.0,2.0,-2.0,-2.86,-3.03,0.7,1.2,-0.5,-0.65,-0.86,Seattle Sounders,
Paul Rothrock,USA,FW,25,9.0,200.0,22.0,12.3,2.2,0,,0,9,22.0,7,1.44,2.0,3.0,-1.0,-0.45,-0.58,3.6,3.1,0.5,0.22,0.05,Seattle Sounders,
Kalani Rienzi,USA,DF,21,1.0,13.0,13.0,0.8,0.1,0,,0,1,13.0,1,3.0,0.0,1.0,-1.0,-6.92,-7.04,0.4,0.6,-0.2,-1.42,-1.61,Seattle Sounders,
Antino Lopez,USA,MF,22,1.0,6.0,6.0,0.4,0.1,0,,0,1,6.0,0,0.0,0.0,1.0,-1.0,-15.0,-15.11,0.2,0.0,0.2,2.43,2.26,Seattle Sounders,
Jacob Castro,USA,GK,24,0.0,,,,,0,,0,0,,5,,,,,,,,,,,,Seattle Sounders,
Stuart Hawkins,USA,DF,17,0.0,,,,,0,,0,0,,2,,,,,,,,,,,,Seattle Sounders,
Roman Bürki,SUI,GK,33,17.0,1530.0,90.0,100.0,17.0,17,90.0,17,0,,0,1.06,23.0,27.0,-4.0,-0.24,,24.3,25.1,-0.8,-0.05,,St Louis City,
Tomas Totland,NOR,DF,25,16.0,1408.0,88.0,92.0,15.6,16,88.0,14,0,,0,1.13,22.0,21.0,1.0,0.06,3.75,23.5,20.4,3.2,0.2,3.16,St Louis City,
Klauss,BRA,FW,27,17.0,1279.0,75.0,83.6,14.2,15,81.0,6,2,32.0,0,1.06,18.0,18.0,0.0,0.0,1.43,20.4,18.3,2.1,0.15,1.21,St Louis City,
Célio Pompeu,BRA,FW,24,17.0,1243.0,73.0,81.2,13.8,15,78.0,10,2,40.0,0,1.06,22.0,21.0,1.0,0.07,1.64,20.0,18.4,1.6,0.12,0.89,St Louis City,
Indiana Vassilev,USA,MF,23,17.0,1141.0,67.0,74.6,12.7,15,72.0,4,2,28.0,0,1.06,16.0,16.0,0.0,0.0,0.93,18.0,17.1,1.0,0.08,0.49,St Louis City,
Chris Durkin,USA,MF,24,16.0,1292.0,81.0,84.4,14.4,14,89.0,12,2,20.0,0,1.13,20.0,21.0,-1.0,-0.07,1.06,21.1,20.9,0.3,0.02,0.43,St Louis City,
Tim Parker,USA,DF,31,15.0,1249.0,83.0,81.6,13.9,14,86.0,13,1,45.0,0,1.07,17.0,20.0,-3.0,-0.22,0.1,19.6,18.2,1.5,0.11,0.85,St Louis City,
Anthony Markanich,PHI,DF,24,14.0,1119.0,80.0,73.1,12.4,13,83.0,7,1,34.0,2,1.29,17.0,16.0,1.0,0.08,1.18,18.4,16.0,2.3,0.19,0.88,St Louis City,
Joakim Nilsson,SWE,DF,30,14.0,876.0,63.0,57.3,9.7,11,77.0,8,3,9.0,1,1.14,15.0,17.0,-2.0,-0.21,0.07,13.9,17.1,-3.2,-0.33,-0.67,St Louis City,
Aziel Jackson,USA,FW,22,16.0,800.0,50.0,52.3,8.9,8,76.0,1,8,25.0,0,1.06,10.0,14.0,-4.0,-0.45,-0.45,11.8,13.3,-1.5,-0.17,-0.25,St Louis City,
Tomáš Ostrák,CZE,MF,24,12.0,689.0,57.0,45.0,7.7,8,74.0,1,4,25.0,1,1.25,12.0,11.0,1.0,0.13,0.67,12.9,12.4,0.5,0.06,0.2,St Louis City,
Rasmus Alm,SWE,FW,28,12.0,542.0,45.0,35.4,6.0,8,61.0,0,4,15.0,1,1.08,9.0,10.0,-1.0,-0.17,0.11,8.8,6.8,2.0,0.33,0.59,St Louis City,
Kyle Hiebert,CAN,DF,26,11.0,648.0,59.0,42.4,7.2,6,89.0,5,5,23.0,2,1.0,10.0,16.0,-6.0,-0.83,-1.04,9.7,13.0,-3.2,-0.45,-0.69,St Louis City,
Eduard Löwen,GER,MF,27,8.0,560.0,70.0,36.6,6.2,6,87.0,4,2,19.0,0,0.88,9.0,8.0,1.0,0.16,0.62,8.2,7.4,0.8,0.13,0.28,St Louis City,
Njabulo Blom,RSA,MF,24,8.0,441.0,55.0,28.8,4.9,5,77.0,2,3,19.0,3,0.38,3.0,10.0,-7.0,-1.43,-1.68,5.3,8.2,-2.9,-0.59,-0.76,St Louis City,
Samuel Adeniran,USA,FW,25,14.0,516.0,37.0,33.7,5.7,4,74.0,0,10,22.0,1,1.0,10.0,14.0,-4.0,-0.7,-0.7,7.0,11.8,-4.8,-0.84,-1.2,St Louis City,
Joshua Yaro,GHA,DF,29,7.0,484.0,69.0,31.6,5.4,4,83.0,3,3,51.0,2,0.71,7.0,10.0,-3.0,-0.56,-0.47,7.8,9.1,-1.4,-0.26,-0.3,St Louis City,
Hosei Kijima,JPN,MF,21,9.0,337.0,37.0,22.0,3.7,3,67.0,0,6,23.0,6,1.22,4.0,7.0,-3.0,-0.8,-0.73,5.8,6.6,-0.8,-0.22,-0.22,St Louis City,
Akil Watts,USA,DF,24,3.0,201.0,67.0,13.1,2.2,2,90.0,2,1,21.0,13,0.33,1.0,5.0,-4.0,-1.79,-1.79,2.8,4.5,-1.7,-0.78,-0.84,St Louis City,
Nikolas Dyhr,DEN,DF,22,5.0,138.0,28.0,9.0,1.5,2,51.0,0,3,12.0,8,1.2,4.0,4.0,0.0,0.0,0.26,1.8,3.4,-1.7,-1.08,-1.13,St Louis City,
Nökkvi Þórisson,ISL,FW,24,13.0,282.0,22.0,18.4,3.1,1,66.0,0,12,18.0,4,1.15,3.0,8.0,-5.0,-1.6,-1.67,5.3,6.9,-1.6,-0.51,-0.56,St Louis City,
Jake Nerwinski,USA,DF,29,2.0,25.0,13.0,1.6,0.3,0,,0,2,13.0,11,2.0,1.0,1.0,0.0,0.0,0.24,0.9,0.9,0.0,0.12,0.17,St Louis City,
John Klein,USA,FW,24,1.0,14.0,14.0,0.9,0.2,0,,0,1,14.0,0,0.0,0.0,1.0,-1.0,-6.43,-6.25,0.0,0.2,-0.2,-0.97,-0.93,St Louis City,
Caden Glover,USA,FW,17,0.0,,,,,0,,0,0,,1,,,,,,,,,,,,St Louis City,
Benjamin Lundt,GER,GK,28,0.0,,,,,0,,0,0,,16,,,,,,,,,,,,St Louis City,
Christian Olivares,USA,GK,22,0.0,,,,,0,,0,0,,1,,,,,,,,,,,,St Louis City,
Michael Wentzel,GER,DF,22,0.0,,,,,0,,0,0,,1,,,,,,,,,,,,St Louis City,
Cristian Espinoza,ARG,FW,29,17.0,1513.0,89.0,98.9,16.8,17,89.0,12,0,,0,0.65,26.0,40.0,-14.0,-0.83,15.05,25.6,25.9,-0.3,-0.02,8.72,San Jose Earthquakes,
Rodrigues,BRA,DF,26,16.0,1436.0,90.0,93.9,16.0,16,90.0,15,0,,0,0.69,24.0,39.0,-15.0,-0.94,0.97,23.2,25.8,-2.7,-0.17,-0.91,San Jose Earthquakes,
Jackson Yueill,USA,MF,27,15.0,1287.0,86.0,84.1,14.3,14,89.0,12,1,35.0,0,0.53,18.0,36.0,-18.0,-1.26,-1.63,20.5,23.1,-2.6,-0.18,-0.42,San Jose Earthquakes,
Jeremy Ebobisse,USA,FW,27,17.0,1099.0,65.0,71.8,12.2,14,73.0,2,3,24.0,0,0.65,21.0,30.0,-9.0,-0.74,0.93,21.2,19.2,2.0,0.16,0.97,San Jose Earthquakes,
William Yarbrough,USA,GK,35,13.0,1170.0,90.0,76.5,13.0,13,90.0,13,0,,4,0.85,23.0,34.0,-11.0,-0.85,0.65,22.3,23.5,-1.2,-0.09,0.08,San Jose Earthquakes,
Vitor Costa,BRA,DF,29,15.0,1136.0,76.0,74.2,12.6,12,86.0,8,3,35.0,0,0.73,21.0,27.0,-6.0,-0.48,2.04,19.8,19.7,0.1,0.01,0.46,San Jose Earthquakes,
Carlos Akapo,EQG,DF,31,13.0,1064.0,82.0,69.5,11.8,12,85.0,10,1,45.0,0,0.62,19.0,28.0,-9.0,-0.76,0.78,19.7,19.8,0.0,0.0,0.36,San Jose Earthquakes,
Carlos Gruezo,ECU,MF,29,13.0,1009.0,78.0,65.9,11.2,12,80.0,6,1,45.0,2,0.62,19.0,26.0,-7.0,-0.62,1.1,15.4,17.8,-2.4,-0.22,-0.31,San Jose Earthquakes,
Amahl Pellegrino,NOR,FW,33,15.0,944.0,63.0,61.7,10.5,12,72.0,1,3,28.0,0,0.53,17.0,26.0,-9.0,-0.86,0.37,15.3,17.5,-2.2,-0.21,-0.26,San Jose Earthquakes,
Bruno Wilson,POR,DF,27,11.0,861.0,78.0,56.3,9.6,10,83.0,8,1,36.0,0,0.91,15.0,13.0,2.0,0.21,2.77,12.7,12.6,0.1,0.01,0.28,San Jose Earthquakes,
Niko Tsakiris,USA,MF,18,12.0,747.0,62.0,48.8,8.3,10,68.0,2,2,32.0,1,0.67,15.0,20.0,-5.0,-0.6,0.78,14.6,13.1,1.5,0.18,0.57,San Jose Earthquakes,
Paul Marie,FRA,DF,29,15.0,719.0,48.0,47.0,8.0,9,76.0,2,6,7.0,2,0.67,11.0,22.0,-11.0,-1.38,-0.71,11.4,13.1,-1.7,-0.21,-0.19,San Jose Earthquakes,
Tanner Beason,USA,DF,27,13.0,744.0,57.0,48.6,8.3,8,83.0,6,5,15.0,4,0.77,11.0,30.0,-19.0,-2.3,-2.53,12.1,16.3,-4.2,-0.51,-0.77,San Jose Earthquakes,
Hernán López Muñoz,ARG,MF,23,7.0,560.0,80.0,36.6,6.2,6,86.0,3,1,45.0,0,1.0,11.0,14.0,-3.0,-0.48,0.82,11.2,11.3,-0.1,-0.01,0.15,San Jose Earthquakes,
Benjamin Kikanovic,USA,FW,24,14.0,547.0,39.0,35.8,6.1,5,69.0,0,9,22.0,1,0.71,10.0,10.0,0.0,0.0,1.56,8.9,7.3,1.7,0.27,0.6,San Jose Earthquakes,
Jack Skahan,USA,MF,26,14.0,449.0,32.0,29.3,5.0,4,54.0,0,10,23.0,2,0.57,7.0,15.0,-8.0,-1.6,-0.85,8.5,8.1,0.5,0.09,0.29,San Jose Earthquakes,
Preston Judd,USA,FW,25,15.0,442.0,29.0,28.9,4.9,4,54.0,0,11,21.0,1,0.67,6.0,18.0,-12.0,-2.44,-2.03,6.0,11.4,-5.4,-1.1,-1.38,San Jose Earthquakes,
Alfredo Morales,USA,MF,34,10.0,374.0,37.0,24.4,4.2,4,66.0,1,6,18.0,6,0.6,6.0,11.0,-5.0,-1.2,-0.27,6.9,6.9,0.0,0.0,0.14,San Jose Earthquakes,
Daniel,BRA,GK,30,4.0,360.0,90.0,23.5,4.0,4,90.0,4,0,,0,0.0,3.0,9.0,-6.0,-1.5,-0.65,3.7,4.3,-0.7,-0.17,-0.08,San Jose Earthquakes,
Daniel Munie,USA,DF,24,6.0,169.0,28.0,11.0,1.9,1,90.0,1,5,16.0,9,0.67,3.0,12.0,-9.0,-4.79,-4.26,4.1,5.7,-1.6,-0.86,-0.84,San Jose Earthquakes,
Ousseni Bouda,BFA,FW,24,6.0,70.0,12.0,4.6,0.8,0,,0,6,12.0,5,0.0,0.0,3.0,-3.0,-3.86,-2.99,1.5,0.5,1.0,1.3,1.48,San Jose Earthquakes,
Jamar Ricketts,USA,MF,22,1.0,35.0,35.0,2.3,0.4,0,,0,1,35.0,4,0.0,0.0,2.0,-2.0,-5.14,-4.24,0.0,0.4,-0.4,-1.06,-0.97,San Jose Earthquakes,
Tommy Thompson,USA,DF,28,2.0,12.0,6.0,0.8,0.1,0,,0,2,6.0,8,0.0,0.0,1.0,-1.0,-7.5,-6.55,0.2,0.2,0.0,-0.12,-0.01,San Jose Earthquakes,
Michael Baldisimo,PHI,MF,24,1.0,6.0,6.0,0.4,0.1,0,,0,1,6.0,6,0.0,0.0,1.0,-1.0,-15.0,-14.06,0.0,0.2,-0.2,-3.17,-3.07,San Jose Earthquakes,
Jacob Jackson,USA,GK,24,0.0,,,,,0,,0,0,,4,,,,,,,,,,,,San Jose Earthquakes,
Beau Leroux,USA,MF,20,0.0,,,,,0,,0,0,,2,,,,,,,,,,,,San Jose Earthquakes,
Cruz Medina,USA,MF,17,0.0,,,,,0,,0,0,,1,,,,,,,,,,,,San Jose Earthquakes,
Emi Ochoa,USA,GK,19,0.0,,,,,0,,0,0,,9,,,,,,,,,,,,San Jose Earthquakes,
Will Richmond,USA,MF,24,0.0,,,,,0,,0,0,,1,,,,,,,,,,,,San Jose Earthquakes,
Oscar Verhoeven,USA,DF,18,0.0,,,,,0,,0,0,,1,,,,,,,,,,,,San Jose Earthquakes,
Casey Walls,USA,DF,21,0.0,,,,,0,,0,0,,1,,,,,,,,,,,,San Jose Earthquakes,
Nemanja Radoja,SRB,MF,31,17.0,1501.0,88.0,92.7,16.7,17,88.0,16,0,,1,0.82,27.0,33.0,-6.0,-0.36,1.15,18.3,27.8,-9.5,-0.57,-0.2,Sporting Kansas City,
Tim Melia,USA,GK,38,16.0,1440.0,90.0,88.9,16.0,16,90.0,16,0,,1,0.88,27.0,33.0,-6.0,-0.37,0.63,17.9,26.3,-8.4,-0.53,0.23,Sporting Kansas City,
Jake Davis,USA,DF,22,17.0,1435.0,84.0,88.6,15.9,16,87.0,12,1,45.0,0,0.82,24.0,31.0,-7.0,-0.44,0.05,16.6,25.0,-8.4,-0.53,0.23,Sporting Kansas City,
Dániel Sallói,HUN,FW,27,17.0,1338.0,79.0,82.6,14.9,15,84.0,7,2,37.0,0,0.82,25.0,28.0,-3.0,-0.2,1.39,15.0,21.5,-6.4,-0.43,0.7,Sporting Kansas City,
Erik Thommy,GER,MF,29,15.0,1231.0,82.0,76.0,13.7,15,82.0,9,0,,0,0.93,24.0,24.0,0.0,0.0,1.85,16.0,20.6,-4.6,-0.33,0.91,Sporting Kansas City,
Tim Leibold,GER,DF,30,15.0,1257.0,84.0,77.6,14.0,14,87.0,10,1,34.0,3,0.93,23.0,24.0,-1.0,-0.07,1.66,14.1,20.0,-5.9,-0.42,0.6,Sporting Kansas City,
Alan Pulido,MEX,FW,33,17.0,1197.0,70.0,73.9,13.3,14,80.0,5,3,28.0,0,0.65,19.0,25.0,-6.0,-0.45,-0.03,11.9,18.8,-6.8,-0.51,0.15,Sporting Kansas City,
Daniel Rosero,COL,DF,30,13.0,1150.0,88.0,71.0,12.8,13,88.0,12,0,,1,0.85,20.0,24.0,-4.0,-0.31,0.45,13.5,20.1,-6.6,-0.52,0.12,Sporting Kansas City,
Andreu Fontàs,ESP,DF,34,12.0,1080.0,90.0,66.7,12.0,12,90.0,12,0,,3,0.58,16.0,23.0,-7.0,-0.58,-0.42,10.4,18.9,-8.5,-0.71,-0.48,Sporting Kansas City,
Memo Rodriguez,USA,MF,28,13.0,903.0,69.0,55.7,10.0,11,79.0,5,2,15.0,2,1.0,13.0,19.0,-6.0,-0.6,-0.35,9.3,15.9,-6.6,-0.66,-0.24,Sporting Kansas City,
Johnny Russell, SCO,FW,34,15.0,935.0,62.0,57.7,10.4,10,78.0,5,5,30.0,0,0.67,15.0,18.0,-3.0,-0.29,0.37,9.2,15.8,-6.6,-0.64,-0.2,Sporting Kansas City,
William Agada,NGA,FW,24,17.0,800.0,47.0,49.4,8.9,9,75.0,3,8,16.0,1,0.76,16.0,23.0,-7.0,-0.79,-0.68,12.4,17.4,-4.9,-0.55,0.0,Sporting Kansas City,
Rémi Walter,FRA,MF,29,9.0,719.0,80.0,44.4,8.0,8,84.0,7,1,45.0,0,1.11,15.0,15.0,0.0,0.0,0.8,10.3,11.8,-1.6,-0.19,0.64,Sporting Kansas City,
Robert Voloder,BIH,DF,23,7.0,560.0,80.0,34.6,6.2,6,90.0,6,1,20.0,10,1.0,12.0,12.0,0.0,0.0,0.68,8.6,9.0,-0.5,-0.07,0.73,Sporting Kansas City,
Robert Castellanos,USA,DF,26,5.0,450.0,90.0,27.8,5.0,5,90.0,5,0,,13,0.6,8.0,13.0,-5.0,-1.0,-0.77,5.7,9.9,-4.3,-0.85,-0.41,Sporting Kansas City,
Zorhan Bassong,CAN,DF,25,8.0,363.0,45.0,22.4,4.0,4,82.0,3,4,9.0,10,0.5,5.0,12.0,-7.0,-1.74,-1.66,4.9,9.0,-4.1,-1.02,-0.6,Sporting Kansas City,
Alenis Vargas,HON,FW,20,11.0,258.0,23.0,15.9,2.9,3,54.0,0,8,12.0,6,1.0,2.0,5.0,-3.0,-1.05,-0.72,2.2,4.5,-2.3,-0.81,-0.3,Sporting Kansas City,
Felipe Hernandez,USA,MF,26,7.0,377.0,54.0,23.3,4.2,2,90.0,2,5,39.0,8,0.86,6.0,11.0,-5.0,-1.19,-0.98,2.5,6.9,-4.4,-1.05,-0.65,Sporting Kansas City,
Khiry Shelton,USA,DF,30,6.0,239.0,40.0,14.8,2.7,2,90.0,2,4,15.0,4,0.5,5.0,7.0,-2.0,-0.75,-0.36,4.1,5.2,-1.1,-0.4,0.17,Sporting Kansas City,
John Pulskamp,USA,GK,23,2.0,180.0,90.0,11.1,2.0,2,90.0,2,0,,16,0.0,1.0,3.0,-2.0,-1.0,-0.63,1.2,2.7,-1.5,-0.75,-0.23,Sporting Kansas City,
Marinos Tzionis,CYP,FW,22,7.0,172.0,25.0,10.6,1.9,2,45.0,0,5,16.0,6,0.0,1.0,5.0,-4.0,-2.09,-1.84,1.5,4.3,-2.8,-1.45,-1.0,Sporting Kansas City,
Stephen Afrifa,CAN,FW,23,10.0,166.0,17.0,10.2,1.8,1,45.0,0,9,13.0,2,0.8,3.0,6.0,-3.0,-1.63,-1.32,2.7,5.1,-2.4,-1.31,-0.85,Sporting Kansas City,
Kayden Pierre,USA,DF,21,1.0,69.0,69.0,4.3,0.8,1,69.0,0,0,,10,0.0,1.0,2.0,-1.0,-1.3,-0.9,1.0,2.3,-1.3,-1.65,-1.14,Sporting Kansas City,
Danny Flores,USA,MF,22,0.0,,,,,0,,0,0,,1,,,,,,,,,,,,Sporting Kansas City,
Chris Rindov,USA,DF,22,0.0,,,,,0,,0,0,,2,,,,,,,,,,,,Sporting Kansas City,
Ryan Schewe,USA,GK,22,0.0,,,,,0,,0,0,,1,,,,,,,,,,,,Sporting Kansas City,
