Player,Nation,POS,Age,90s,Touches_Touches,Touches_Def Pen,Touches_Def 3rd,Touches_Mid 3rd,Touches_Att 3rd,Touches_Att Pen,Touches_Live,Take-Ons_Att,Take-Ons_Succ,Take-Ons_Succ%,Take-Ons_Tkld,Take-Ons_Tkld%,Carries_Carries,Carries_TotDist,Carries_PrgDist,Carries_PrgC,Carries_1/3,Carries_CPA,Carries_Mis,Carries_Dis,Receiving_Rec,Receiving_PrgR,Team
Drake Callender,USA,GK,26,19.0,650,607,649,1,0,0,650,0,0,,0,,348,1506,861,0,0,0,2,0,307,0,Inter Miami
Julian Gressel,USA,MF,30,16.0,923,18,165,495,271,39,923,13,2,15.4,11,84.6,534,2393,1158,24,20,6,26,9,694,69,Inter Miami
Sergio Busquets,ESP,MF,35,17.6,1528,80,481,892,168,10,1528,11,6,54.5,2,18.2,827,3485,2005,12,12,0,12,7,1114,24,Inter Miami
Tomás Avilés,ARG,DF,20,16.0,1273,161,705,547,26,8,1273,7,3,42.9,4,57.1,743,3205,1830,8,6,0,10,2,967,4,Inter Miami
Robert Taylor,FIN,FW,29,12.9,527,5,86,206,247,38,527,34,17,50.0,17,50.0,295,2054,1028,27,25,12,17,4,369,98,Inter Miami
Jordi Alba,ESP,DF,35,13.6,1201,46,309,570,333,31,1201,14,7,50.0,7,50.0,658,2501,1448,17,24,1,9,2,884,115,Inter Miami
Luis Suárez,URU,FW,37,12.8,492,9,20,222,254,66,492,25,9,36.0,15,60.0,249,907,344,9,6,8,21,12,403,99,Inter Miami
Marcelo Weigandt,ARG,DF,24,12.4,788,64,267,357,169,15,788,18,9,50.0,6,33.3,399,1834,1048,22,13,3,13,7,481,55,Inter Miami
Lionel Messi,ARG,FW,36,11.5,775,0,37,399,354,61,774,75,39,52.0,33,44.0,523,3098,1651,48,38,17,17,19,630,87,Inter Miami
Serhiy Kryvtsov,UKR,DF,33,10.5,803,133,497,296,12,1,803,1,0,0.0,1,100.0,496,2564,1347,6,3,0,3,0,579,2,Inter Miami
David Ruiz,HON,MF,20,9.5,636,23,154,343,145,19,636,32,19,59.4,10,31.3,386,1881,902,28,15,8,23,15,474,51,Inter Miami
Nicolás Freire,ARG,DF,30,8.2,793,108,427,359,9,3,793,0,0,,0,,484,2374,1605,9,2,0,4,2,584,0,Inter Miami
Leonardo Campana,ECU,FW,23,8.2,308,7,19,148,141,33,308,7,3,42.9,3,42.9,146,527,159,6,3,2,20,10,230,46,Inter Miami
Diego Gómez,PAR,MF,21,7.0,406,9,69,214,131,25,406,18,12,66.7,6,33.3,229,1187,567,18,13,4,14,9,269,33,Inter Miami
Ben Cremaschi,USA,MF,19,6.4,425,15,108,232,90,16,425,20,5,25.0,14,70.0,254,1312,579,14,7,4,14,10,306,21,Inter Miami
Franco Negri,ARG,DF,29,5.8,371,26,135,160,79,5,371,7,3,42.9,3,42.9,168,940,574,11,9,2,5,5,207,25,Inter Miami
Matías Rojas,PAR,FW,28,5.5,313,4,46,182,88,6,313,4,2,50.0,1,25.0,201,907,395,6,7,0,9,3,263,30,Inter Miami
Noah Allen,USA,DF,20,5.4,407,33,205,170,34,3,407,2,1,50.0,1,50.0,239,1236,706,9,4,1,6,2,289,4,Inter Miami
Federico Redondo,ARG,MF,21,3.3,275,4,52,162,66,4,275,9,6,66.7,3,33.3,171,842,527,7,11,1,1,2,220,10,Inter Miami
Yannick Bright,ITA,MF,22,3.8,277,25,95,153,31,0,277,9,4,44.4,5,55.6,122,414,144,0,1,0,4,3,169,2,Inter Miami
DeAndre Yedlin,USA,DF,30,3.0,166,11,61,69,36,1,166,2,1,50.0,1,50.0,79,311,150,0,1,0,2,1,92,21,Inter Miami
Lawson Sunderland,USA,MF,22,2.1,136,4,23,77,36,6,136,1,1,100.0,0,0.0,72,376,173,3,1,0,6,1,98,8,Inter Miami
Ryan Sailor,USA,DF,25,3.1,210,30,116,88,6,4,210,0,0,,0,,101,352,143,0,0,0,2,0,145,0,Inter Miami
Leonardo Afonso,BRA,FW,22,2.2,117,3,17,50,53,10,117,6,5,83.3,1,16.7,64,380,188,6,4,1,8,1,74,24,Inter Miami
Shanyder Borgelin,HAI,FW,22,1.5,46,3,8,19,20,7,46,2,0,0.0,1,50.0,26,154,82,3,1,3,4,1,30,5,Inter Miami
C.J. dos Santos,USA,GK,23,1.0,37,33,37,0,0,0,37,0,0,,0,,13,55,42,0,0,0,0,0,17,0,Inter Miami
Ian Fray,USA,DF,21,0.7,44,7,20,19,7,3,44,2,2,100.0,0,0.0,18,109,43,1,0,0,1,0,23,0,Inter Miami
Jose Casas de Abadal,USA,FW,24,0.3,33,0,4,20,10,0,33,1,1,100.0,0,0.0,19,133,40,1,0,0,0,0,25,3,Inter Miami
Jean Mota,BRA,MF,30,0.3,13,0,4,8,1,0,13,0,0,,0,,7,16,11,0,0,0,0,0,10,2,Inter Miami
Pavel Bucha,CZE,MF,26,18.7,1135,27,226,648,272,25,1135,37,19,51.4,18,48.6,664,3230,1537,29,27,3,31,21,789,51,FC Cincinnati
Luciano Acosta,ARG,MF,30,18.1,1291,4,73,549,686,99,1289,148,63,42.6,81,54.7,776,4354,2371,89,63,41,50,25,943,134,FC Cincinnati
Luca Orellano,ARG,DF,24,16.8,1135,32,225,491,442,58,1135,81,41,50.6,34,42.0,668,5175,2834,89,56,27,29,31,739,123,FC Cincinnati
Matt Miazga,USA,DF,28,15.7,1174,211,741,415,19,11,1174,1,1,100.0,0,0.0,609,2064,979,0,1,1,2,2,764,2,FC Cincinnati
Obinna Nwobodo,NGA,MF,27,14.7,879,35,236,515,143,6,879,22,15,68.2,5,22.7,463,2212,913,13,15,1,17,15,554,16,FC Cincinnati
Roman Celentano,USA,GK,23,15.0,470,415,470,0,0,0,470,0,0,,0,,233,1197,786,0,0,0,1,0,189,0,FC Cincinnati
Yuya Kubo,JPN,FW,30,14.1,650,22,123,293,245,57,650,32,12,37.5,18,56.3,376,2143,966,34,19,13,26,11,435,96,FC Cincinnati
Miles Robinson,USA,DF,27,14.0,933,99,458,434,50,12,933,3,2,66.7,1,33.3,528,2291,1366,9,6,1,5,2,634,3,FC Cincinnati
Ian Murphy,USA,DF,24,14.4,1037,96,494,489,58,0,1037,2,0,0.0,2,100.0,616,2428,1369,11,11,0,9,3,730,7,FC Cincinnati
DeAndre Yedlin,USA,DF,30,11.4,706,36,212,314,183,31,706,20,5,25.0,14,70.0,379,1518,722,16,9,5,13,5,439,71,FC Cincinnati
Corey Baird,USA,FW,28,9.0,238,6,36,90,115,31,238,9,5,55.6,4,44.4,131,487,191,5,6,1,13,13,170,38,FC Cincinnati
Gerardo Valenzuela,USA,FW,20,6.1,332,4,31,146,160,16,332,16,6,37.5,10,62.5,205,962,442,12,16,2,27,11,248,46,FC Cincinnati
Kevin Kelsy,VEN,FW,19,5.9,179,3,10,79,94,28,179,15,8,53.3,7,46.7,102,422,141,6,2,2,16,9,139,32,FC Cincinnati
Kipp Keller,USA,DF,23,5.2,408,47,230,168,13,5,408,0,0,,0,,229,884,469,2,1,0,3,1,254,2,FC Cincinnati
Nick Hagglund,USA,DF,31,5.1,344,41,168,158,19,7,344,0,0,,0,,170,663,408,3,3,0,2,0,215,0,FC Cincinnati
Aaron Boupendza,GAB,FW,27,5.7,201,8,16,84,101,21,201,13,6,46.2,4,30.8,109,539,196,7,6,4,20,8,149,36,FC Cincinnati
Sergio Santos Gomes,BRA,FW,29,4.9,205,2,16,90,102,27,205,8,0,0.0,8,100.0,110,432,145,4,6,1,15,4,141,30,FC Cincinnati
Alvas Powell,JAM,DF,29,2.6,155,12,53,74,35,2,155,8,5,62.5,2,25.0,85,629,360,9,5,0,9,6,87,10,FC Cincinnati
Alec Kann,USA,GK,33,3.0,89,79,89,0,0,0,89,0,0,,0,,41,242,128,0,0,0,1,0,34,0,FC Cincinnati
Bret Halsey,USA,DF,24,3.5,248,8,57,105,88,16,248,4,2,50.0,2,50.0,136,927,529,21,10,6,8,5,152,27,FC Cincinnati
Yamil Asad,ARG,DF,29,2.1,204,4,43,81,81,9,204,7,3,42.9,4,57.1,128,811,400,13,7,2,7,1,138,29,FC Cincinnati
Malik Pinto,USA,MF,21,1.7,110,3,23,74,14,1,110,2,1,50.0,1,50.0,62,229,112,1,5,0,3,3,66,2,FC Cincinnati
Evan Louro,USA,GK,28,1.0,28,25,27,1,0,0,28,0,0,,0,,10,22,17,0,0,0,0,0,12,0,FC Cincinnati
Stiven Jimenez,USA,MF,16,0.0,0,0,0,0,0,0,0,0,0,,0,,0,0,0,0,0,0,0,0,0,0,FC Cincinnati
Matt Freese,USA,GK,25,19.0,796,616,792,4,0,0,796,0,0,,0,,471,1998,1251,0,0,0,1,0,407,0,New York City FC
Santiago Rodríguez,URU,MF,24,18.4,1244,3,66,624,576,58,1242,107,46,43.0,54,50.5,755,4818,2219,63,56,15,55,35,930,101,New York City FC
Birk Risa,NOR,DF,26,17.1,1030,99,521,504,10,4,1030,2,1,50.0,1,50.0,608,2712,1709,4,0,0,7,2,737,2,New York City FC
Thiago Martins,BRA,DF,29,17.0,1238,197,687,542,14,10,1238,0,0,,0,,716,3662,2102,10,2,0,2,2,829,0,New York City FC
Kevin O'Toole,USA,DF,25,16.5,1012,56,280,461,279,27,1012,15,4,26.7,7,46.7,430,2179,1174,33,19,4,27,14,548,61,New York City FC
Hannes Wolf,AUT,FW,25,15.1,720,7,92,306,335,78,720,67,27,40.3,39,58.2,395,2305,1313,47,30,27,32,32,483,113,New York City FC
James Sands,USA,MF,23,15.9,1145,54,341,716,97,1,1145,12,7,58.3,3,25.0,528,2596,1029,7,9,0,21,7,749,12,New York City FC
Keaton Parks,USA,MF,26,15.1,962,36,183,580,212,29,962,24,9,37.5,14,58.3,494,2187,1025,17,18,5,28,8,682,42,New York City FC
Monsef Bakrar,ALG,FW,23,11.6,366,7,21,121,230,86,366,30,12,40.0,15,50.0,200,1114,475,22,15,14,52,22,252,95,New York City FC
Mitja Ilenič,SVN,DF,19,10.8,683,28,210,295,184,16,683,14,3,21.4,9,64.3,313,1519,822,24,13,4,13,11,383,67,New York City FC
Tayvon Gray,JAM,DF,21,8.9,568,29,173,263,137,11,568,9,4,44.4,4,44.4,266,1149,520,10,13,2,5,3,337,52,New York City FC
Agustin Ojeda,ARG,FW,20,6.3,293,2,22,127,151,42,293,23,9,39.1,13,56.5,196,1306,657,29,15,15,11,4,224,58,New York City FC
Andrés Perea,USA,MF,23,8.8,474,17,106,270,102,17,474,20,11,55.0,7,35.0,215,1053,440,11,6,2,13,11,297,25,New York City FC
Julián Fernández,ARG,FW,20,5.5,310,1,30,129,155,34,310,20,9,45.0,10,50.0,184,922,471,16,5,7,14,10,208,45,New York City FC
Alonso Martínez,CRC,FW,25,5.3,149,4,10,71,68,26,149,8,1,12.5,5,62.5,89,442,230,10,2,5,10,6,116,40,New York City FC
Strahinja Tanasijević,SRB,DF,27,4.5,302,36,164,128,11,2,302,2,1,50.0,1,50.0,158,886,515,2,2,0,2,1,193,0,New York City FC
Malachi Jones,SLE,FW,20,5.2,251,7,43,93,121,44,251,38,11,28.9,20,52.6,144,1145,627,25,15,16,20,10,162,64,New York City FC
Jovan Mijatović,SRB,FW,18,2.4,70,1,3,39,31,10,70,4,1,25.0,3,75.0,38,166,70,3,5,0,8,4,50,10,New York City FC
Andres Jasson,USA,MF,22,1.7,82,5,24,31,28,4,82,1,0,0.0,1,100.0,43,264,116,4,2,1,8,3,46,10,New York City FC
Maximiliano Moralez,ARG,FW,37,1.7,154,0,6,79,70,5,154,2,2,100.0,0,0.0,104,536,203,7,7,2,2,3,129,10,New York City FC
Justin Haak,USA,DF,22,1.0,70,2,27,39,6,2,70,3,2,66.7,1,33.3,38,201,132,1,0,0,3,0,40,0,New York City FC
Christian McFarlane, ENG,DF,17,0.2,10,0,0,5,5,0,10,0,0,,0,,4,27,12,1,0,0,0,0,4,2,New York City FC
Talles Magno,BRA,MF,21,0.1,10,0,0,3,7,2,10,0,0,,0,,8,59,48,2,1,1,0,0,8,3,New York City FC
Diego Rossi,URU,MF,26,15.2,790,3,74,302,423,79,788,57,26,45.6,26,45.6,516,2824,1185,38,29,19,43,35,623,121,Columbus Crew
Patrick Schulte,USA,GK,23,15.0,544,449,539,5,0,0,544,0,0,,0,,344,1686,922,0,0,0,0,0,276,0,Columbus Crew
Aidan Morris,USA,MF,22,14.2,1380,34,265,845,284,14,1380,13,7,53.8,4,30.8,879,3996,1860,20,27,4,23,20,1069,36,Columbus Crew
Darlington Nagbe,USA,MF,33,13.8,956,25,182,621,161,0,956,10,6,60.0,3,30.0,631,3000,1106,15,18,0,14,9,798,7,Columbus Crew
Malte Amundsen,DEN,DF,26,13.3,1163,68,461,579,127,9,1163,8,6,75.0,2,25.0,699,3141,1574,16,13,1,15,4,800,20,Columbus Crew
Rudy Camacho,FRA,DF,33,12.0,983,136,570,388,31,9,983,5,5,100.0,0,0.0,575,3061,1471,6,6,0,7,2,672,1,Columbus Crew
Steven Moreira,CPV,DF,29,12.5,1045,41,328,553,172,6,1045,14,5,35.7,9,64.3,722,3357,1747,26,17,1,10,10,801,28,Columbus Crew
Cucho,COL,FW,25,10.8,621,3,32,243,353,68,619,43,19,44.2,24,55.8,363,1787,846,28,12,14,32,30,498,75,Columbus Crew
Sean Zawadzki,USA,DF,24,10.6,769,40,233,432,108,9,769,16,7,43.8,8,50.0,457,1975,1051,17,12,3,6,3,551,16,Columbus Crew
Yaw Yeboah,GHA,DF,27,9.8,558,2,80,171,314,43,558,36,15,41.7,17,47.2,371,1767,959,36,27,12,16,9,421,128,Columbus Crew
Mohamed Farsi,CAN,DF,24,9.7,670,19,129,287,258,25,670,22,6,27.3,14,63.6,426,2011,942,25,20,10,7,7,473,118,Columbus Crew
Maximilian Arfsten,USA,DF,23,9.1,550,18,113,210,232,40,550,38,22,57.9,13,34.2,365,2182,1087,34,17,14,8,11,389,88,Columbus Crew
Yevhen Cheberko,UKR,DF,26,8.9,845,80,365,439,46,5,845,10,2,20.0,6,60.0,535,2681,1303,9,7,0,3,1,621,1,Columbus Crew
Jacen Russell-Rowe,CAN,FW,21,8.0,286,0,12,130,145,33,286,16,7,43.8,9,56.3,172,718,371,10,6,5,22,10,210,43,Columbus Crew
Alexandru Mățan,ROU,MF,24,6.2,352,1,46,182,126,10,352,16,7,43.8,9,56.3,249,1594,757,26,21,3,7,11,306,37,Columbus Crew
Christian Ramirez,USA,FW,33,5.4,207,4,14,116,77,22,207,2,0,0.0,2,100.0,114,382,159,1,3,1,12,3,171,26,Columbus Crew
Marino Hinestroza,COL,MF,21,3.6,199,0,10,80,112,27,199,22,10,45.5,11,50.0,160,1051,502,19,5,13,11,11,170,59,Columbus Crew
William Sands,USA,DF,23,2.8,175,6,26,79,71,4,175,8,1,12.5,7,87.5,121,572,273,7,4,1,6,3,129,39,Columbus Crew
Evan Bush,USA,GK,38,1.4,59,43,59,0,0,0,59,0,0,,0,,30,130,62,0,0,0,0,0,20,0,Columbus Crew
Derrick Jones,USA,MF,27,1.5,131,6,30,87,14,0,131,4,4,100.0,0,0.0,81,361,151,2,1,0,2,0,99,2,Columbus Crew
Philip Quinton,USA,DF,24,1.0,56,4,31,26,0,0,56,0,0,,0,,32,120,59,0,0,0,2,0,40,0,Columbus Crew
Taha Habroune,USA,MF,18,0.8,56,3,9,32,15,1,56,4,2,50.0,2,50.0,29,127,62,1,1,0,3,1,38,2,Columbus Crew
Nicholas Hagen,GUA,GK,27,0.6,26,24,26,0,0,0,26,0,0,,0,,14,74,51,0,0,0,0,0,7,0,Columbus Crew
Cole Mrowka,USA,MF,18,0.0,2,0,0,1,1,0,2,0,0,,0,,1,5,0,0,0,0,0,0,2,0,Columbus Crew
Frankie Amaya,USA,MF,23,17.9,1018,30,207,615,206,7,1018,10,6,60.0,3,30.0,592,2908,1488,20,29,1,15,7,687,27,New York Red Bulls
Sean Nealis,USA,DF,27,16.7,953,123,497,422,39,20,953,3,2,66.7,0,0.0,518,2070,1007,3,3,0,5,1,581,1,New York Red Bulls
Daniel Edelman,USA,MF,21,15.8,1068,44,230,688,155,6,1068,11,7,63.6,3,27.3,577,2665,1167,10,16,0,15,7,692,16,New York Red Bulls
John Tolkin,USA,DF,21,15.6,970,41,260,412,310,15,970,26,9,34.6,14,53.8,495,2563,1315,27,25,5,20,6,531,73,New York Red Bulls
Dante Vanzeir,BEL,FW,26,13.4,420,6,21,136,266,71,420,34,17,50.0,16,47.1,243,1297,564,30,12,18,47,15,311,95,New York Red Bulls
Dylan Nealis,USA,DF,25,15.2,951,53,285,433,239,28,951,17,13,76.5,4,23.5,427,1898,909,18,20,3,18,7,463,62,New York Red Bulls
Carlos Coronel,PAR,GK,27,15.0,550,436,549,1,0,0,550,1,1,100.0,0,0.0,315,1342,785,0,0,0,0,0,255,0,New York Red Bulls
Noah Eile,SWE,DF,21,14.9,1060,109,563,469,29,8,1060,0,0,,0,,635,3247,1792,11,9,0,6,2,746,2,New York Red Bulls
Lewis Morgan, SCO,FW,27,14.4,539,6,45,209,293,63,537,31,15,48.4,15,48.4,341,2048,990,33,21,13,33,17,372,94,New York Red Bulls
Wikelman Carmona,VEN,MF,21,13.4,618,17,108,247,269,23,618,26,12,46.2,12,46.2,329,1816,663,21,18,5,32,17,376,65,New York Red Bulls
Emil Forsberg,SWE,MF,32,12.6,601,4,33,268,311,40,598,63,29,46.0,25,39.7,410,2296,1164,35,28,12,34,14,444,71,New York Red Bulls
Elias Manoel,BRA,FW,22,10.6,267,1,6,105,159,39,267,16,4,25.0,10,62.5,157,703,334,13,10,5,25,9,191,56,New York Red Bulls
Kyle Duncan,USA,DF,26,9.4,563,31,168,230,172,9,563,17,9,52.9,6,35.3,263,1238,515,14,15,4,14,12,283,36,New York Red Bulls
Andrés Reyes,COL,DF,24,7.4,374,46,185,180,10,6,374,4,4,100.0,0,0.0,190,854,428,3,0,0,7,2,198,0,New York Red Bulls
Peter Stroud,USA,MF,22,6.7,341,8,76,194,74,7,341,7,4,57.1,2,28.6,184,1063,524,12,4,1,7,3,208,18,New York Red Bulls
Cameron Harper,USA,MF,22,6.0,236,10,37,89,111,25,236,22,10,45.5,11,50.0,129,1011,581,28,9,10,14,7,145,52,New York Red Bulls
Dennis Gjengaar,NOR,MF,20,5.3,191,2,27,75,92,22,191,14,3,21.4,11,78.6,106,575,331,11,6,3,15,2,125,36,New York Red Bulls
Ryan Meara,USA,GK,33,5.0,129,100,129,0,0,0,129,0,0,,0,,61,384,161,0,0,0,0,0,43,0,New York Red Bulls
Ronald Donkor,MLI,MF,19,0.9,63,1,6,42,16,0,63,0,0,,0,,46,249,122,2,3,0,0,0,49,1,New York Red Bulls
Cory Burke,JAM,FW,32,1.7,67,3,6,25,37,11,67,6,4,66.7,2,33.3,30,132,73,3,2,0,5,4,42,17,New York Red Bulls
Julian Hall,USA,FW,16,0.5,36,0,7,12,18,3,36,1,0,0.0,1,100.0,20,78,49,0,1,0,1,0,21,5,New York Red Bulls
Mohammed Sofo,GHA,MF,19,0.3,15,0,0,4,11,1,15,0,0,,0,,11,37,6,0,0,0,2,1,12,3,New York Red Bulls
Roald Mitchell,USA,FW,21,0.2,9,2,2,4,3,0,9,0,0,,0,,5,35,0,0,1,0,3,0,7,1,New York Red Bulls
Aidan O'Connor,USA,DF,22,0.2,10,1,7,4,0,0,10,0,0,,0,,0,0,0,0,0,0,1,0,0,0,New York Red Bulls
Serge Ngoma,USA,MF,18,0.2,11,1,4,3,4,0,11,1,0,0.0,1,100.0,6,35,0,0,0,0,3,1,7,1,New York Red Bulls
Omar Valencia,PAN,MF,20,0.0,7,1,3,2,2,0,7,1,0,0.0,1,100.0,4,20,7,0,0,0,0,0,4,0,New York Red Bulls
Federico Bernardeschi,ITA,DF,30,16.9,1078,25,142,361,596,109,1075,107,50,46.7,51,47.7,645,4954,2311,83,54,47,50,34,747,191,Toronto FC
Deybi Flores,HON,MF,28,16.2,1174,51,355,740,98,11,1174,24,13,54.2,11,45.8,609,2148,888,6,9,0,13,9,825,11,Toronto FC
Kevin Long,IRL,DF,33,15.3,1022,184,684,313,25,18,1022,2,1,50.0,1,50.0,513,2166,1020,3,3,1,5,2,655,2,Toronto FC
Alonso Coello,ESP,MF,24,13.0,1032,31,275,643,123,7,1032,19,12,63.2,5,26.3,566,2154,935,8,12,0,14,10,766,9,Toronto FC
Nicksoen Gomis,FRA,DF,22,14.9,899,85,505,356,46,2,899,7,3,42.9,3,42.9,549,2152,1068,9,7,1,13,10,624,12,Toronto FC
Matthew Longstaff, ENG,MF,24,13.1,897,18,190,476,236,32,897,15,10,66.7,4,26.7,498,1843,904,19,13,4,15,6,662,61,Toronto FC
Raoul Petretta,ITA,DF,27,11.9,772,42,285,334,156,15,772,8,4,50.0,4,50.0,400,1552,623,13,12,1,16,11,515,38,Toronto FC
Sigurd Rosted,NOR,DF,29,13.4,785,64,388,327,71,8,785,1,0,0.0,1,100.0,420,1629,730,7,10,0,7,2,533,11,Toronto FC
Jonathan Osorio,CAN,MF,32,13.1,727,18,101,361,272,31,727,24,15,62.5,8,33.3,413,1688,832,24,18,6,21,13,531,61,Toronto FC
Sean Johnson,USA,GK,35,12.0,479,395,475,4,0,0,479,0,0,,0,,247,1036,622,0,0,0,0,0,226,0,Toronto FC
Prince Osei Owusu,GER,FW,27,12.0,354,20,35,168,153,47,354,22,11,50.0,11,50.0,177,834,300,13,6,3,37,12,235,50,Toronto FC
Tyrese Spicer,,DF,,9.4,464,21,119,175,184,30,464,34,14,41.2,18,52.9,238,1395,710,30,16,6,13,15,250,66,Toronto FC
Lorenzo Insigne,ITA,MF,33,8.2,683,5,85,348,259,35,682,33,16,48.5,16,48.5,421,2394,1218,34,25,14,24,15,548,62,Toronto FC
Derrick Etienne,HAI,MF,27,8.2,419,10,68,182,175,37,419,24,11,45.8,10,41.7,252,1196,558,19,7,7,28,11,323,68,Toronto FC
Luka Gavran,CAN,GK,24,8.0,274,238,272,2,0,0,274,0,0,,0,,126,559,340,0,0,0,1,0,137,0,Toronto FC
Jahkeele Marshall-Rutty,CAN,DF,20,8.5,444,17,120,172,157,33,444,20,10,50.0,8,40.0,217,1310,531,17,13,6,9,5,254,55,Toronto FC
Deandre Kerr,CAN,FW,21,6.0,168,4,10,85,75,18,168,14,3,21.4,9,64.3,90,454,121,4,2,0,18,12,118,23,Toronto FC
Shane O'Neill,USA,DF,30,5.7,351,20,134,161,58,3,351,14,6,42.9,7,50.0,173,701,300,4,4,0,4,2,213,10,Toronto FC
Kobe Franklin,CAN,DF,21,4.5,261,14,67,112,82,12,261,7,0,0.0,6,85.7,124,622,232,3,2,0,7,2,151,31,Toronto FC
Kosi Thompson,CAN,MF,21,5.0,309,20,90,154,67,6,309,5,1,20.0,3,60.0,164,728,381,7,10,1,10,6,203,19,Toronto FC
Aimé Mabika,ZAM,DF,25,2.6,144,16,74,62,8,2,144,2,1,50.0,1,50.0,66,306,148,0,0,0,3,0,78,1,Toronto FC
Richie Laryea,CAN,DF,29,0.9,46,3,7,17,24,5,46,4,1,25.0,3,75.0,17,145,91,5,4,1,4,1,29,12,Toronto FC
Ayo Akinola,CAN,FW,24,1.0,33,0,1,16,16,3,33,2,0,0.0,2,100.0,24,103,22,0,1,0,2,5,29,5,Toronto FC
Cassius Mailula,RSA,MF,23,0.2,18,0,3,5,10,3,18,2,1,50.0,1,50.0,12,71,25,1,0,1,2,0,13,4,Toronto FC
Charles Sharp,USA,FW,23,0.2,4,1,2,2,0,0,4,0,0,,0,,0,0,0,0,0,0,0,0,0,0,Toronto FC
Kristijan Kahlina,CRO,GK,31,20.0,747,603,741,6,0,0,747,0,0,,0,,428,2328,1462,0,0,0,1,1,347,0,Charlotte FC
Andrew Privett,USA,DF,23,20.0,1320,199,716,568,49,16,1320,3,1,33.3,2,66.7,791,4474,2688,16,13,1,10,1,890,4,Charlotte FC
Ashley Westwood, ENG,MF,34,20.0,1323,58,314,791,230,5,1323,8,6,75.0,1,12.5,669,3030,1319,8,12,0,9,6,906,19,Charlotte FC
Kerwin Vargas,COL,FW,22,17.4,704,21,85,236,390,52,703,29,11,37.9,18,62.1,410,2210,1006,32,23,15,31,10,496,155,Charlotte FC
Adilson Malanda,FRA,DF,22,18.0,1096,167,604,475,23,8,1096,6,5,83.3,1,16.7,576,2395,1289,4,3,0,5,4,707,3,Charlotte FC
Nathan Byrne, ENG,DF,32,17.0,985,55,279,526,185,7,985,9,5,55.6,3,33.3,483,2751,1736,46,12,3,11,6,592,48,Charlotte FC
Jere Uronen,FIN,DF,29,14.8,954,57,272,450,236,12,954,10,3,30.0,6,60.0,447,2325,1362,29,22,3,12,4,524,32,Charlotte FC
Patrick Agyemang,USA,FW,23,14.0,321,13,16,116,198,84,321,38,18,47.4,17,44.7,202,1493,695,35,23,22,48,24,235,66,Charlotte FC
Djibril Diani,FRA,MF,26,12.2,597,19,110,366,129,14,596,18,8,44.4,7,38.9,318,1903,849,21,12,0,17,4,386,36,Charlotte FC
Brecht Dejaegere,BEL,MF,33,9.6,400,11,35,167,202,27,400,25,13,52.0,11,44.0,232,1546,765,24,14,8,25,11,265,64,Charlotte FC
Liel Abada,ISR,FW,22,8.2,281,2,22,85,182,45,281,22,8,36.4,14,63.6,190,1527,884,40,17,19,15,22,208,69,Charlotte FC
Brandt Bronico,USA,MF,29,6.9,209,4,41,99,71,20,209,7,3,42.9,4,57.1,92,514,210,6,9,1,5,2,135,35,Charlotte FC
Iuri Tavares,CPV,FW,23,6.7,312,18,42,122,154,38,311,38,12,31.6,24,63.2,184,1182,562,22,15,11,24,13,201,64,Charlotte FC
Júnior Urso,BRA,MF,35,6.6,295,20,76,163,58,14,295,10,5,50.0,4,40.0,151,676,275,5,4,2,6,7,178,5,Charlotte FC
Enzo Copetti,ARG,FW,28,5.5,162,4,9,64,91,21,162,9,4,44.4,5,55.6,83,398,183,8,3,4,11,3,114,18,Charlotte FC
João Pedro,BRA,DF,21,4.9,346,18,95,175,79,2,346,5,3,60.0,2,40.0,171,922,462,11,7,1,4,4,200,18,Charlotte FC
Nikola Petković,SRB,MF,21,4.8,180,4,18,99,64,9,180,3,3,100.0,0,0.0,101,580,258,8,9,2,9,4,124,31,Charlotte FC
Scott Arfield,CAN,MF,35,4.1,157,4,17,69,73,13,157,7,3,42.9,4,57.1,88,341,157,3,3,0,9,1,107,20,Charlotte FC
Jaylin Lindsey,USA,DF,24,3.3,289,18,71,157,63,3,289,9,5,55.6,3,33.3,156,713,369,11,5,0,3,2,155,15,Charlotte FC
Bill Tuiloma,NZL,DF,29,2.0,153,12,75,76,3,1,153,0,0,,0,,114,363,205,0,0,0,1,0,112,1,Charlotte FC
Tyger Smalls,,FW,,2.0,91,2,15,36,41,8,91,7,4,57.1,3,42.9,43,362,192,7,4,2,9,2,47,19,Charlotte FC
Ben Bender,USA,MF,23,1.2,38,1,4,15,20,6,38,2,2,100.0,0,0.0,20,116,38,1,1,0,1,2,30,8,Charlotte FC
Nimfasha Berchimas,USA,FW,16,0.3,18,0,3,7,8,0,18,3,0,0.0,3,100.0,11,55,12,0,1,0,3,3,11,5,Charlotte FC
Kai Wagner,GER,DF,27,17.5,1237,56,323,517,404,20,1237,4,1,25.0,3,75.0,619,2549,956,20,19,2,15,3,683,104,Philadelphia Union
Nathan Harriel,USA,DF,23,16.9,971,72,283,430,262,39,971,18,6,33.3,7,38.9,391,1805,815,23,18,7,16,4,474,65,Philadelphia Union
Jakob Glesnes,NOR,DF,30,16.4,910,99,416,454,46,15,910,5,4,80.0,1,20.0,498,3435,2291,14,8,0,5,0,532,2,Philadelphia Union
Quinn Sullivan,USA,MF,20,16.1,707,9,77,257,383,63,707,38,17,44.7,20,52.6,432,3249,1664,74,34,23,41,10,488,138,Philadelphia Union
Jack McGlynn,USA,MF,20,16.2,1241,19,220,692,343,14,1241,22,7,31.8,14,63.6,825,3727,1878,33,21,4,17,13,935,40,Philadelphia Union
Dániel Gazdag,HUN,MF,28,14.4,643,5,63,332,260,43,639,13,7,53.8,6,46.2,432,2161,1102,30,28,5,23,12,480,62,Philadelphia Union
Jack Elliott, ENG,DF,28,13.3,759,99,459,280,25,9,759,3,1,33.3,2,66.7,442,1741,897,4,5,0,9,0,456,1,Philadelphia Union
Mikael Uhre,DEN,FW,29,13.3,383,15,30,132,222,68,383,15,2,13.3,12,80.0,210,1277,608,29,11,13,33,8,261,83,Philadelphia Union
Oliver Semmle,GER,GK,26,14.6,442,347,440,2,0,0,442,0,0,,0,,220,1413,860,0,0,0,0,0,158,0,Philadelphia Union
Julián Carranza,ARG,FW,24,11.9,454,20,44,207,211,69,454,12,2,16.7,9,75.0,263,1019,313,11,10,8,41,16,332,65,Philadelphia Union
José Andrés Martínez,VEN,MF,29,9.3,557,17,135,330,100,9,557,16,9,56.3,7,43.8,303,1426,658,11,11,1,20,6,340,10,Philadelphia Union
Damion Lowe,JAM,DF,31,8.0,490,58,258,207,30,10,490,4,1,25.0,3,75.0,234,994,455,3,3,0,4,2,260,2,Philadelphia Union
Leon Flach,USA,MF,23,7.9,347,20,103,201,46,3,347,3,2,66.7,1,33.3,165,638,292,5,5,1,7,8,193,5,Philadelphia Union
Alejandro Bedoya,USA,MF,37,10.4,584,14,93,298,194,53,584,6,4,66.7,2,33.3,315,1423,711,11,5,1,6,4,393,61,Philadelphia Union
Olivier Mbaizo,CMR,DF,26,5.4,287,18,83,108,96,4,287,5,3,60.0,2,40.0,127,611,217,5,4,2,7,1,150,27,Philadelphia Union
Andre Blake,JAM,GK,33,3.4,77,70,75,2,0,0,77,0,0,,0,,47,249,132,0,0,0,0,0,25,0,Philadelphia Union
Jesús Daniel Bueno,VEN,MF,25,3.7,212,3,47,109,59,5,212,8,5,62.5,3,37.5,133,727,342,6,6,0,6,3,148,15,Philadelphia Union
Jeremy Rafanello,USA,MF,24,3.2,141,3,21,69,52,3,141,6,2,33.3,3,50.0,87,416,154,2,6,0,4,2,98,9,Philadelphia Union
Thai Baribo,ISR,FW,26,2.3,79,1,6,29,45,18,79,5,2,40.0,2,40.0,42,153,44,1,2,0,5,4,52,12,Philadelphia Union
Markus Anderson,USA,MF,20,1.1,29,0,11,8,10,5,29,3,2,66.7,1,33.3,14,99,58,3,2,2,3,1,16,5,Philadelphia Union
Christopher Donovan,USA,FW,23,2.0,104,0,10,48,49,18,104,6,2,33.3,4,66.7,52,302,130,5,5,3,5,4,73,16,Philadelphia Union
Andrew Rick,USA,GK,18,1.0,35,32,35,0,0,0,35,0,0,,0,,19,94,66,0,0,0,0,0,16,0,Philadelphia Union
Christopher Olney,USA,MF,17,0.2,12,0,2,6,4,0,12,0,0,,0,,10,37,15,0,0,0,0,0,10,3,Philadelphia Union
Lucas Bartlett,USA,DF,26,19.6,1162,127,506,608,55,27,1162,3,2,66.7,1,33.3,599,2986,1581,10,6,1,14,4,650,8,DC United
Mateusz Klich,POL,MF,34,18.4,1158,15,125,591,458,21,1156,25,12,48.0,12,48.0,610,2543,1080,21,20,2,22,17,682,61,DC United
Jared Stroud,USA,FW,27,16.4,716,11,83,253,389,78,716,32,13,40.6,16,50.0,481,2841,1215,49,22,9,31,28,521,181,DC United
Alex Bono,USA,GK,30,18.0,720,501,689,31,0,0,720,1,0,0.0,1,100.0,404,2156,1035,0,0,0,1,0,283,0,DC United
Christian Benteke,BEL,FW,33,17.2,630,22,32,293,306,108,628,18,8,44.4,10,55.6,278,985,374,7,11,6,36,13,521,70,DC United
Aaron Herrera,GUA,DF,27,17.0,1079,66,265,476,349,27,1079,34,22,64.7,11,32.4,557,3129,1490,40,30,7,23,11,598,86,DC United
Cristián Dajome,COL,FW,30,15.5,640,23,115,270,265,45,640,31,7,22.6,20,64.5,338,1931,869,35,22,10,29,24,354,82,DC United
Christopher McVey,SWE,DF,27,14.1,758,65,319,404,43,12,758,2,2,100.0,0,0.0,387,1607,836,10,5,0,6,0,390,11,DC United
Matti Peltola,FIN,MF,21,14.5,704,29,163,433,114,3,704,12,6,50.0,2,16.7,383,1490,653,5,13,0,10,7,405,4,DC United
Theodore Ku-Dipietro,USA,MF,22,11.2,407,1,41,157,225,66,407,34,17,50.0,17,50.0,255,1527,794,25,20,10,36,16,286,69,DC United
Jackson Hopkins,USA,MF,19,10.4,469,22,90,295,87,5,469,12,6,50.0,4,33.3,250,1426,660,15,17,3,12,14,286,9,DC United
Pedro Santos,POR,DF,36,8.8,624,28,151,278,201,12,624,15,3,20.0,12,80.0,298,1468,584,15,12,0,8,7,321,48,DC United
Gabriel Pirani,BRA,MF,22,7.9,343,3,29,135,188,38,343,22,10,45.5,11,50.0,209,1084,549,19,14,11,24,14,235,54,DC United
Jacob Murrell,USA,FW,20,5.8,144,6,17,49,79,25,144,4,0,0.0,3,75.0,88,399,175,6,2,3,9,11,105,31,DC United
Conner Antley,USA,DF,29,4.8,263,19,110,123,38,6,263,6,4,66.7,2,33.3,115,594,347,3,7,1,5,1,101,3,DC United
Garrison Tubbs,USA,DF,22,3.9,223,15,93,115,16,6,223,1,0,0.0,1,100.0,124,509,240,0,1,0,1,1,134,1,DC United
Steve Birnbaum,USA,DF,33,3.8,204,15,92,101,11,9,204,1,1,100.0,0,0.0,90,334,167,2,0,0,1,1,117,2,DC United
Matai Akinmboni,USA,DF,17,3.9,201,23,88,100,13,0,201,0,0,,0,,106,459,254,2,2,0,0,1,111,1,DC United
Tyler Miller,USA,GK,31,2.0,77,50,75,2,0,0,77,0,0,,0,,41,208,90,0,0,0,0,0,38,0,DC United
Martín Rodríguez,CHI,MF,29,3.1,243,3,26,149,69,6,243,7,2,28.6,5,71.4,166,844,385,6,4,0,7,5,166,17,DC United
Kristian Fletcher,USA,FW,18,2.7,183,3,22,80,83,13,183,24,8,33.3,15,62.5,125,690,267,7,7,4,20,8,130,42,DC United
Mohanad Jeahze,IRQ,MF,27,0.0,1,0,0,1,0,0,1,0,0,,0,,0,0,0,0,0,0,0,0,0,0,DC United
Iván Angulo,COL,MF,25,17.5,920,12,146,365,420,69,920,70,33,47.1,35,50.0,609,3393,1692,58,34,28,32,18,688,152,Orlando City
Dagur Dan Þórhallsson,ISL,DF,24,15.0,820,38,232,324,277,30,820,37,21,56.8,14,37.8,402,2549,1374,49,36,11,11,5,481,66,Orlando City
Facundo Torres,URU,MF,24,15.6,966,11,102,393,476,73,964,27,14,51.9,12,44.4,626,2524,1087,35,24,9,33,21,773,186,Orlando City
Pedro Gallese,PER,GK,34,15.0,423,363,422,1,0,0,423,1,1,100.0,0,0.0,193,1038,694,0,0,0,0,0,159,0,Orlando City
Robin Jansson,SWE,DF,32,14.7,972,109,511,431,34,7,972,2,2,100.0,0,0.0,517,2250,1106,5,6,0,7,1,664,3,Orlando City
Nicolás Lodeiro,URU,MF,35,15.0,1415,15,177,721,520,42,1415,13,5,38.5,6,46.2,778,3317,1475,27,20,5,19,11,1052,68,Orlando City
César Araujo,URU,MF,23,13.6,881,27,206,530,152,3,881,14,7,50.0,4,28.6,445,1871,925,14,18,1,9,14,609,7,Orlando City
Duncan McGuire,USA,FW,23,12.2,358,15,31,145,185,62,358,16,4,25.0,12,75.0,204,687,273,8,3,2,34,13,293,62,Orlando City
Luis Muriel,COL,FW,33,13.3,667,7,41,240,401,55,666,69,34,49.3,32,46.4,439,2954,1492,55,50,13,44,23,533,113,Orlando City
Rodrigo Schlegel,ARG,DF,27,12.1,795,71,327,416,55,19,795,2,0,0.0,2,100.0,404,1794,1040,5,7,1,4,3,506,3,Orlando City
Wilder Cartagena,PER,DF,29,11.6,737,78,287,364,89,9,737,5,3,60.0,2,40.0,371,1455,711,5,8,0,9,4,495,6,Orlando City
Rafael Santos,BRA,DF,26,11.6,984,32,262,429,306,4,984,12,4,33.3,7,58.3,555,2518,1481,30,25,0,18,3,681,69,Orlando City
David Brekalo,SVN,DF,25,10.7,623,67,281,314,32,11,623,5,4,80.0,1,20.0,313,1494,920,8,4,0,3,1,408,2,Orlando City
Martín Ojeda,ARG,MF,25,10.5,607,10,59,250,304,42,607,17,4,23.5,11,64.7,309,1579,590,16,10,0,26,10,422,95,Orlando City
Kyle Smith,USA,DF,32,6.0,446,35,148,214,87,3,446,4,2,50.0,2,50.0,183,587,250,2,2,0,9,3,276,14,Orlando City
Mason Stajduhar,USA,GK,26,4.0,101,88,101,0,0,0,101,0,0,,0,,41,199,127,0,0,0,0,0,28,0,Orlando City
Felipe,BRA,MF,33,2.9,165,6,38,110,19,1,165,1,0,0.0,1,100.0,75,260,106,1,1,0,1,3,112,1,Orlando City
Jack Lynn,USA,FW,24,2.8,86,2,10,38,38,12,86,3,1,33.3,2,66.7,45,247,52,3,1,2,6,8,59,16,Orlando City
Ramiro Enrique,ARG,FW,23,2.6,87,2,4,36,50,20,87,12,7,58.3,2,16.7,62,559,377,15,8,5,1,3,76,28,Orlando City
Michael Halliday,USA,DF,21,1.0,75,2,20,28,27,5,75,3,0,0.0,3,100.0,27,141,70,2,0,0,3,1,37,12,Orlando City
Jeorgio Kocevski,USA,MF,21,0.4,37,1,5,20,12,1,37,3,3,100.0,0,0.0,10,45,25,0,0,0,0,0,28,2,Orlando City
Shakur Mohammed,GHA,MF,20,0.1,8,0,1,5,2,1,8,1,0,0.0,1,100.0,6,67,45,3,0,1,1,0,8,0,Orlando City
Alexander Freeman,USA,MF,19,0.0,4,0,0,2,2,1,4,0,0,,0,,3,12,2,0,0,0,0,0,3,2,Orlando City
Yutaro Tsukada,JPN,FW,22,0.0,1,0,0,0,1,1,1,0,0,,0,,1,0,0,0,0,0,0,0,1,0,Orlando City
Jack Maher,USA,DF,24,17.0,1122,160,666,432,25,9,1122,0,0,,0,,588,2201,1030,2,3,0,6,2,779,3,Nashville SC
Hany Mukhtar,GER,FW,29,15.9,863,2,53,442,380,63,860,46,19,41.3,23,50.0,500,3083,1362,47,33,16,46,32,615,94,Nashville SC
Dru Yearwood, ENG,MF,24,13.5,689,19,144,428,126,8,689,14,10,71.4,4,28.6,331,1498,597,8,14,1,18,11,429,21,Nashville SC
Joe Willis,USA,GK,35,15.2,527,461,526,1,0,0,527,0,0,,0,,240,1264,769,0,0,0,0,0,231,0,Nashville SC
Sam Surridge, ENG,FW,25,14.5,437,16,48,208,184,67,437,12,7,58.3,4,33.3,228,1361,525,19,17,9,33,9,332,80,Nashville SC
Alex Muyl,USA,DF,28,14.5,708,22,178,325,212,32,708,38,17,44.7,18,47.4,345,1606,782,17,16,6,35,11,421,55,Nashville SC
Daniel Lovitz,USA,DF,32,12.6,899,48,306,436,166,3,899,9,4,44.4,4,44.4,413,1693,961,17,18,1,5,4,537,39,Nashville SC
Sean Davis,USA,MF,31,10.9,463,27,128,273,62,4,463,2,2,100.0,0,0.0,230,795,343,6,1,0,7,3,312,20,Nashville SC
Aníbal Godoy,PAN,MF,34,10.6,713,15,159,488,72,5,713,9,5,55.6,3,33.3,384,1785,761,8,9,0,11,4,504,8,Nashville SC
Josh Bauer,USA,DF,25,11.1,673,58,315,300,60,10,673,4,1,25.0,3,75.0,317,1361,634,7,3,0,6,3,407,7,Nashville SC
Jacob Shaffelburg,CAN,DF,24,10.0,426,9,60,144,228,23,426,27,8,29.6,12,44.4,243,1653,821,38,14,9,24,6,283,116,Nashville SC
Walker Zimmerman,USA,DF,31,9.6,693,103,403,261,29,18,693,2,2,100.0,0,0.0,396,1871,976,2,3,0,3,2,476,5,Nashville SC
Tyler Boyd,USA,FW,29,9.4,377,7,68,178,143,23,377,26,10,38.5,15,57.7,232,1767,888,25,14,6,26,16,256,40,Nashville SC
Shaquell Moore,USA,DF,27,8.0,535,37,161,239,140,15,535,19,7,36.8,9,47.4,277,1387,667,17,12,0,15,2,338,57,Nashville SC
Brian Anunga,CMR,MF,27,7.3,465,22,143,260,65,5,465,13,9,69.2,3,23.1,256,1415,523,8,8,1,12,8,299,11,Nashville SC
Teal Bunbury,USA,FW,34,6.7,236,6,21,129,88,17,234,6,2,33.3,4,66.7,122,483,168,4,4,2,20,4,196,34,Nashville SC
Taylor Washington,USA,DF,30,5.3,322,18,117,143,63,0,322,2,2,100.0,0,0.0,159,820,344,6,7,0,2,2,215,23,Nashville SC
Lukas MacNaughton,CAN,DF,29,4.6,325,48,185,120,21,3,325,0,0,,0,,147,666,314,1,0,0,2,0,194,1,Nashville SC
Brent Kallman,USA,DF,33,4.6,273,47,152,113,9,7,273,0,0,,0,,154,664,372,2,4,1,1,0,176,0,Nashville SC
Elliot Panicco,USA,GK,27,3.8,116,105,116,0,0,0,116,0,0,,0,,62,349,214,0,0,0,0,0,42,0,Nashville SC
Amar Sejdic,USA,MF,27,2.1,175,3,26,118,31,2,175,4,1,25.0,3,75.0,99,478,273,2,5,0,4,1,120,4,Nashville SC
McKinze Gaines,USA,MF,26,1.4,42,0,2,15,29,6,42,4,2,50.0,1,25.0,29,346,135,8,5,4,2,2,29,12,Nashville SC
Forster Ajago,GHA,FW,22,0.1,7,0,0,2,5,0,7,0,0,,0,,4,3,0,0,0,0,3,0,6,0,Nashville SC
Randall Leal,CRC,MF,27,0.1,9,0,0,2,7,1,9,0,0,,0,,8,27,9,0,1,0,0,1,8,1,Nashville SC
Brooks Lennon,USA,DF,26,19.0,1305,90,392,512,405,37,1305,23,11,47.8,11,47.8,618,3076,1584,48,18,12,17,11,768,123,Atlanta United
Caleb Wiley,USA,DF,19,17.9,1160,69,391,513,265,22,1160,30,11,36.7,18,60.0,566,3088,1757,38,27,3,25,12,668,78,Atlanta United
Tristan Muyumba,,MF,27,16.6,1059,38,259,572,236,39,1059,50,30,60.0,19,38.0,587,3101,1331,27,10,11,21,15,758,29,Atlanta United
Brad Guzan,USA,GK,39,16.7,718,602,716,3,0,0,718,0,0,,0,,422,2229,1359,0,0,0,1,0,384,0,Atlanta United
Saba Lobzhanidze,GEO,FW,29,14.5,546,13,58,164,333,94,546,29,11,37.9,16,55.2,337,2377,1322,57,23,27,25,11,395,135,Atlanta United
Thiago Almada,ARG,MF,23,14.5,1125,7,126,550,475,42,1123,73,45,61.6,24,32.9,685,4358,2315,55,53,14,27,33,857,66,Atlanta United
Bartosz Slisz,POL,MF,25,12.6,838,29,193,511,148,12,838,8,5,62.5,2,25.0,413,2512,1354,32,28,1,14,8,537,15,Atlanta United
Noah Cobb,USA,DF,18,11.5,706,79,414,285,7,2,706,0,0,,0,,401,1705,929,2,1,0,6,2,485,1,Atlanta United
Derrick Williams,IRL,DF,31,10.6,674,143,418,231,26,16,674,1,1,100.0,0,0.0,377,1516,901,0,0,0,3,1,461,1,Atlanta United
Luis Abram,PER,DF,28,9.5,626,95,345,265,20,16,626,3,2,66.7,1,33.3,341,1543,923,2,2,0,3,1,438,2,Atlanta United
Xande Silva,POR,FW,27,8.8,425,3,39,179,214,50,425,47,18,38.3,27,57.4,271,1946,910,34,13,12,25,17,314,80,Atlanta United
Giorgos Giakoumakis,GRE,FW,29,8.0,258,11,24,131,103,42,257,6,2,33.3,2,33.3,117,480,166,7,6,2,17,3,179,32,Atlanta United
Stian Rode Gregersen,NOR,DF,29,7.3,416,63,250,158,13,10,416,1,0,0.0,1,100.0,198,930,530,4,1,1,1,0,266,1,Atlanta United
Daniel Armando Ríos,MEX,FW,29,6.5,202,8,18,82,102,38,201,7,4,57.1,3,42.9,117,505,142,5,8,7,14,6,143,29,Atlanta United
Jamal Thiaré,SEN,FW,31,6.5,129,10,17,69,43,20,129,7,4,57.1,2,28.6,72,353,160,6,4,2,20,6,92,16,Atlanta United
Dax McCarty,USA,MF,37,6.3,435,16,121,262,56,4,435,2,1,50.0,1,50.0,235,965,453,5,4,0,5,4,322,6,Atlanta United
Edwin Mosquera,COL,FW,22,4.5,247,2,26,88,134,37,247,21,10,47.6,10,47.6,164,1320,805,37,12,21,16,5,189,51,Atlanta United
Tyler Wolff,USA,FW,21,3.3,166,3,29,67,72,17,166,8,4,50.0,4,50.0,77,413,191,5,1,3,8,8,108,33,Atlanta United
Efrain Morales,BOL,DF,20,2.7,189,19,101,84,4,3,189,0,0,,0,,93,315,138,1,0,0,0,0,137,0,Atlanta United
Ajani Fortune,TRI,MF,21,3.7,246,8,55,153,41,4,246,4,3,75.0,1,25.0,144,602,310,5,4,0,2,0,165,6,Atlanta United
Josh Cohen,USA,GK,31,2.3,84,70,84,0,0,0,84,0,0,,0,,50,274,210,0,0,0,0,0,44,0,Atlanta United
Ronald Hernández,VEN,DF,26,2.3,145,5,57,72,18,2,145,1,1,100.0,0,0.0,83,437,235,2,2,0,3,1,96,4,Atlanta United
Nicolas Firmino,USA,FW,23,1.8,75,1,9,43,25,4,75,4,1,25.0,3,75.0,50,267,143,3,2,0,4,4,56,10,Atlanta United
Luke Brennan,USA,FW,19,0.9,28,0,2,12,15,4,28,8,3,37.5,4,50.0,21,146,26,1,0,1,4,2,21,7,Atlanta United
Derrick Etienne,HAI,FW,27,0.3,19,1,2,8,10,1,19,2,0,0.0,2,100.0,9,56,23,1,1,0,0,1,12,3,Atlanta United
Ruan,BRA,DF,29,17.6,835,34,238,285,321,37,835,45,17,37.8,23,51.1,466,3388,1948,56,34,17,29,8,512,124,CF Montréal
Jonathan Sirois,CAN,GK,22,18.0,722,596,719,3,0,0,722,0,0,,0,,393,2295,1214,0,0,0,0,0,304,1,CF Montréal
Joel Waterman,CAN,DF,28,15.6,1253,248,766,463,29,5,1253,7,5,71.4,1,14.3,764,3635,1569,2,3,0,3,4,865,4,CF Montréal
Ariel Lassiter,CRC,DF,29,14.4,625,18,115,277,239,24,625,26,9,34.6,15,57.7,390,1975,1091,42,22,10,33,8,464,77,CF Montréal
Mathieu Choiniere,CAN,MF,25,14.6,1011,36,238,522,260,15,1010,17,10,58.8,5,29.4,552,2606,1280,21,22,4,23,8,712,30,CF Montréal
Samuel Piette,CAN,MF,29,14.1,913,38,270,532,116,11,913,3,0,0.0,3,100.0,442,1514,664,4,6,0,8,6,642,4,CF Montréal
Bryce Duke,USA,MF,23,13.6,803,9,140,379,291,24,803,28,8,28.6,18,64.3,493,1987,960,15,27,3,49,17,627,64,CF Montréal
Fernando Álvarez,COL,DF,20,12.3,734,77,359,342,37,4,734,4,1,25.0,3,75.0,406,1637,836,9,10,0,4,0,486,4,CF Montréal
George Campbell,USA,DF,23,12.1,871,99,412,407,58,7,871,12,6,50.0,6,50.0,497,2304,1314,20,9,1,8,3,567,10,CF Montréal
Gabriele Corbo,ITA,DF,24,11.9,814,124,466,292,57,7,814,2,2,100.0,0,0.0,445,1762,933,7,2,0,11,1,543,6,CF Montréal
Joaquin Sosa,URU,DF,22,8.6,563,40,210,258,98,19,563,9,6,66.7,2,22.2,297,1572,867,13,6,2,11,3,367,32,CF Montréal
Sunusi Ibrahim,NGA,FW,21,7.9,316,17,47,170,101,30,316,9,6,66.7,3,33.3,153,759,340,11,6,4,23,11,205,39,CF Montréal
Raheem Edwards,CAN,DF,28,6.2,354,18,100,148,109,7,354,25,15,60.0,8,32.0,211,1071,608,10,12,0,15,11,243,30,CF Montréal
Matías Cóccaro,URU,FW,26,5.6,199,7,22,82,97,31,197,12,4,33.3,6,50.0,111,445,203,5,5,3,11,3,140,29,CF Montréal
Jules-Anthony Vilsaint,CAN,MF,21,5.4,167,6,18,83,70,18,167,7,2,28.6,4,57.1,108,584,280,8,8,2,11,6,128,29,CF Montréal
Dominik Yankov,BUL,MF,23,6.3,261,3,36,117,112,26,261,22,8,36.4,12,54.5,173,1094,402,9,9,7,25,16,198,38,CF Montréal
Nathan-Dylan Saliba,CAN,MF,19,5.3,294,24,98,166,35,1,294,10,9,90.0,1,10.0,169,892,451,7,3,1,10,5,199,4,CF Montréal
Mason Toye,USA,FW,25,4.5,130,3,12,74,46,10,130,9,4,44.4,5,55.6,68,494,215,12,3,5,10,5,92,17,CF Montréal
Kwadwo Opoku,GHA,MF,22,1.6,60,1,9,32,20,6,60,5,3,60.0,2,40.0,45,196,66,3,1,1,7,5,43,8,CF Montréal
Josef Martínez,VEN,FW,31,4.9,153,5,14,83,57,22,153,7,3,42.9,4,57.1,97,393,169,6,3,2,7,7,116,25,CF Montréal
Victor Wanyama,KEN,MF,32,3.1,185,12,66,107,15,0,185,3,2,66.7,1,33.3,111,469,176,1,1,0,4,2,129,2,CF Montréal
Rida Zouhir,CAN,MF,20,2.0,152,4,31,87,34,1,152,3,2,66.7,1,33.3,88,376,157,1,1,0,2,2,119,1,CF Montréal
Sebastian Breza,CAN,GK,26,1.0,42,39,42,0,0,0,42,0,0,,0,,14,66,50,0,0,0,0,0,9,0,CF Montréal
Lassi Lappalainen,FIN,DF,25,1.4,87,6,24,34,30,5,87,7,5,71.4,2,28.6,39,268,110,4,2,3,4,1,39,7,CF Montréal
Alessandro Biello,CAN,MF,18,0.2,16,1,2,11,3,0,16,0,0,,0,,13,38,5,0,0,0,0,2,11,0,CF Montréal
Ousman jabang,USA,DF,23,0.0,10,0,8,0,2,0,10,0,0,,0,,3,5,0,0,0,0,0,0,1,1,CF Montréal
Hugo Cuypers,BEL,FW,27,17.5,584,21,41,277,271,79,584,29,8,27.6,21,72.4,298,1694,616,22,10,12,46,23,367,89,Chicago Fire
Christopher Brady,USA,GK,20,18.0,540,451,535,5,0,0,540,0,0,,0,,259,1147,631,0,0,0,1,0,182,0,Chicago Fire
Allan Arigoni,SUI,DF,25,15.7,999,47,335,425,243,19,999,37,12,32.4,24,64.9,524,2752,1388,32,28,8,26,19,612,81,Chicago Fire
Kellyn Acosta,USA,MF,28,15.4,927,11,175,540,218,7,927,22,12,54.5,10,45.5,522,2253,867,12,11,1,17,12,632,22,Chicago Fire
Rafael Czichos,GER,DF,34,15.8,1059,126,518,506,39,15,1059,3,2,66.7,0,0.0,635,3258,1949,8,9,0,10,3,726,4,Chicago Fire
Fabian Herbers,GER,MF,30,15.6,882,24,142,480,276,38,882,25,10,40.0,11,44.0,487,2622,1324,40,28,6,19,14,585,55,Chicago Fire
Brian Gutiérrez,USA,MF,21,14.4,779,9,90,383,315,48,778,44,13,29.5,29,65.9,468,2445,1144,33,36,10,30,9,555,70,Chicago Fire
Maren Haile-Selassie,SUI,FW,25,11.0,498,8,54,185,264,50,497,36,12,33.3,24,66.7,322,1890,843,27,25,10,21,13,387,107,Chicago Fire
Carlos Terán,COL,DF,23,10.7,763,86,392,320,53,15,763,4,3,75.0,1,25.0,403,1618,539,0,0,0,12,2,470,0,Chicago Fire
Mauricio Pineda,USA,DF,26,10.3,688,53,326,326,39,5,688,5,2,40.0,3,60.0,426,2061,1185,3,3,0,10,5,492,7,Chicago Fire
Xherdan Shaqiri,SUI,MF,32,8.2,458,2,44,232,184,9,456,13,5,38.5,6,46.2,293,1287,403,9,9,2,10,14,350,41,Chicago Fire
Chris Mueller,USA,FW,27,7.6,377,7,57,146,180,36,377,21,8,38.1,12,57.1,237,1705,861,33,15,10,20,8,256,58,Chicago Fire
Andrew Gutman,USA,DF,27,5.7,350,21,126,134,92,21,350,12,5,41.7,7,58.3,180,825,439,12,9,3,15,6,202,24,Chicago Fire
Arnaud Souquet,FRA,DF,32,7.4,513,23,181,215,121,8,513,10,5,50.0,4,40.0,275,1256,662,15,10,2,4,4,342,31,Chicago Fire
Jonathan Dean,USA,DF,27,6.8,353,19,99,143,117,5,353,7,4,57.1,3,42.9,169,862,439,11,10,2,6,6,187,42,Chicago Fire
Tobias Salquist,DEN,DF,29,5.0,308,55,187,120,5,1,308,0,0,,0,,190,987,525,1,1,0,1,0,198,0,Chicago Fire
Gastón Giménez,PAR,MF,32,6.0,411,21,116,259,40,3,411,9,4,44.4,5,55.6,228,1122,468,4,4,0,5,5,250,3,Chicago Fire
Federico Navarro,ARG,MF,24,4.8,272,21,97,159,18,2,272,6,2,33.3,4,66.7,135,655,204,1,2,1,6,4,130,2,Chicago Fire
Georgios Koutsias,GRE,FW,20,4.7,129,1,15,59,58,18,129,8,4,50.0,4,50.0,72,636,211,6,7,6,14,2,81,20,Chicago Fire
Tom Barlow,USA,FW,28,4.0,138,7,18,50,72,18,138,1,1,100.0,0,0.0,74,410,98,5,3,1,14,3,98,29,Chicago Fire
Chase Gasper,USA,DF,28,2.7,171,16,68,68,36,2,171,6,6,100.0,0,0.0,89,313,171,3,2,0,3,0,98,10,Chicago Fire
Spencer Richey,USA,GK,32,1.0,33,30,33,0,0,0,33,0,0,,0,,16,71,35,0,0,0,0,0,7,0,Chicago Fire
Omari Glasgow,GUY,MF,20,0.4,27,1,3,8,16,3,27,1,0,0.0,1,100.0,17,155,38,1,1,2,2,2,13,6,Chicago Fire
Wyatt Omsberg,USA,DF,28,0.2,8,2,8,0,0,0,8,0,0,,0,,4,13,1,0,0,0,1,0,5,0,Chicago Fire
Javier Casas,USA,MF,21,0.0,4,0,0,4,0,0,4,0,0,,0,,4,15,5,0,0,0,0,0,4,0,Chicago Fire
Carles Gil,ESP,MF,31,17.0,1249,6,121,631,520,34,1249,78,34,43.6,34,43.6,842,6717,3225,99,77,14,32,21,951,106,New England Revolution
Nick Lima,USA,DF,29,14.5,851,67,321,339,195,18,851,11,4,36.4,6,54.5,412,1662,868,21,10,4,18,14,483,60,New England Revolution
Matt Polster,USA,MF,31,14.3,996,36,268,628,109,13,996,11,6,54.5,4,36.4,545,2043,899,4,9,1,19,12,729,15,New England Revolution
Giacomo Vrioni,ALB,FW,25,13.8,307,4,16,147,150,50,307,15,5,33.3,10,66.7,171,894,345,13,8,9,38,22,225,59,New England Revolution
Henry Kessler,USA,DF,25,12.0,948,117,617,324,14,7,948,5,3,60.0,2,40.0,540,2540,1309,6,0,0,6,3,675,2,New England Revolution
DeJuan Jones,USA,DF,26,11.7,840,48,273,370,206,33,840,20,6,30.0,13,65.0,448,2380,1038,28,13,7,24,11,525,77,New England Revolution
Tomás Chancalay,ARG,FW,25,10.3,472,8,55,199,223,46,472,30,20,66.7,10,33.3,285,1791,768,21,20,8,22,20,339,78,New England Revolution
David Romney,USA,DF,31,10.5,820,142,506,301,15,7,820,1,1,100.0,0,0.0,392,1509,773,3,0,0,1,1,546,1,New England Revolution
Esmir Bajraktarevic,USA,FW,19,10.4,432,9,61,175,206,42,432,22,14,63.6,7,31.8,282,1995,933,30,20,14,26,12,311,75,New England Revolution
Mark-Anthony Kaye,CAN,MF,29,9.0,660,24,190,394,82,11,660,10,7,70.0,3,30.0,315,1403,729,10,10,1,12,7,400,8,New England Revolution
Xavier Arreaga,ECU,DF,29,9.0,644,97,421,211,14,5,644,3,2,66.7,1,33.3,350,1700,879,4,2,0,3,1,437,1,New England Revolution
Ian Harkes,USA,MF,29,8.1,491,13,131,269,93,13,491,4,4,100.0,0,0.0,256,1180,599,11,6,1,9,5,360,19,New England Revolution
Aljaž Ivačič,SVN,GK,30,8.0,299,261,297,2,0,0,299,0,0,,0,,162,769,469,0,0,0,0,0,138,0,New England Revolution
Henrich Ravas,SVK,GK,26,8.0,251,225,249,2,0,0,251,0,0,,0,,119,586,390,0,0,0,0,1,99,0,New England Revolution
Nacho Gil,ESP,FW,28,5.2,262,5,43,125,101,16,262,16,4,25.0,11,68.8,166,949,379,10,14,1,14,7,192,27,New England Revolution
Dylan Borrero,COL,FW,22,4.9,300,4,41,118,145,22,300,14,6,42.9,8,57.1,178,1087,459,16,8,8,17,5,230,58,New England Revolution
Andrew Farrell,USA,DF,32,4.7,354,19,113,179,64,5,354,2,1,50.0,1,50.0,201,717,369,8,3,2,3,3,241,19,New England Revolution
Noel Buck, ENG,MF,19,3.1,180,9,44,116,23,3,180,4,2,50.0,1,25.0,111,571,214,1,1,0,8,4,133,6,New England Revolution
Ryan Spaulding,USA,DF,25,3.8,265,14,66,120,83,10,265,7,4,57.1,3,42.9,144,854,344,16,5,4,7,8,153,29,New England Revolution
Emmanuel Boateng,GHA,FW,30,3.5,154,1,14,65,75,16,154,7,4,57.1,3,42.9,98,566,157,5,3,3,12,5,111,42,New England Revolution
Jonathan Mensah,GHA,DF,33,1.8,101,21,76,25,0,0,101,0,0,,0,,40,133,43,0,0,0,0,0,55,0,New England Revolution
Earl Edwards Jr.,USA,GK,32,1.0,43,38,43,0,0,0,43,0,0,,0,,25,95,51,0,0,0,0,0,27,0,New England Revolution
Bobby Wood,USA,FW,31,0.5,22,0,3,10,10,4,22,0,0,,0,,8,24,9,0,1,0,3,2,15,2,New England Revolution
Thomas McNamara,USA,MF,33,0.1,10,1,2,5,4,0,10,0,0,,0,,5,8,0,0,0,0,0,0,7,0,New England Revolution
Brandon Bye,USA,MF,28,0.0,3,0,2,1,0,0,3,0,0,,0,,1,5,0,0,0,0,0,1,0,0,New England Revolution
Jack Panayotou,USA,DF,20,0.0,9,0,0,3,6,0,9,1,0,0.0,1,100.0,6,34,3,0,0,0,0,0,7,0,New England Revolution
Emeka Eneli,USA,MF,24,18.3,1169,35,256,726,198,7,1169,22,7,31.8,12,54.5,654,2759,1437,26,16,2,20,18,791,30,Real Salt Lake
Cristian Arango,COL,FW,29,17.6,676,3,21,275,393,111,674,70,29,41.4,37,52.9,460,2712,1511,56,42,19,42,28,517,116,Real Salt Lake
Braian Ojeda,PAR,MF,23,17.6,1228,36,229,762,250,14,1228,45,26,57.8,16,35.6,756,3289,1613,19,28,2,38,26,936,28,Real Salt Lake
Carlos Gómez,COL,FW,21,16.4,747,12,94,257,420,99,747,118,41,34.7,74,62.7,519,3552,1792,73,38,39,59,34,544,188,Real Salt Lake
Andrew Brody,USA,DF,29,16.8,1238,57,349,650,245,8,1238,21,7,33.3,14,66.7,678,3257,1731,28,26,1,9,0,773,35,Real Salt Lake
Zac MacMath,USA,GK,32,15.0,687,453,672,15,0,0,687,1,1,100.0,0,0.0,440,2754,1800,0,0,0,2,0,349,0,Real Salt Lake
Brayan Vera,COL,DF,25,15.0,1004,100,430,507,73,4,1004,4,3,75.0,1,25.0,578,2609,1539,9,8,1,9,2,639,1,Real Salt Lake
Justen Glad,USA,DF,27,15.0,1063,164,577,467,24,15,1063,4,4,100.0,0,0.0,654,2685,1356,0,1,0,4,2,714,0,Real Salt Lake
Diego Luna,USA,FW,20,14.0,823,7,87,429,315,41,823,47,20,42.6,22,46.8,529,3154,1275,31,27,10,36,26,614,73,Real Salt Lake
Alexandros Katranis,GRE,DF,26,12.2,784,27,176,340,273,18,784,14,4,28.6,8,57.1,398,1669,877,15,22,4,20,5,446,64,Real Salt Lake
Matt Crooks, ENG,MF,30,10.9,581,16,68,341,182,25,581,22,9,40.9,12,54.5,385,1982,1084,32,29,5,19,12,447,72,Real Salt Lake
Bode Davis,USA,DF,22,10.1,753,48,270,348,139,13,753,18,7,38.9,10,55.6,424,1716,922,15,13,4,8,3,490,45,Real Salt Lake
Anderson Julio,ECU,FW,28,8.6,243,5,15,63,169,47,243,27,14,51.9,13,48.1,160,1068,462,19,10,12,24,11,177,60,Real Salt Lake
Fidel Barajas,MEX,FW,18,6.3,251,1,22,81,151,21,251,12,2,16.7,10,83.3,172,964,513,18,15,5,18,10,184,60,Real Salt Lake
Philip Quinton,USA,DF,24,5.2,382,68,209,152,21,2,382,0,0,,0,,206,801,310,2,0,0,6,1,228,2,Real Salt Lake
Gavin Beavers,USA,GK,19,5.0,177,145,173,4,0,0,177,0,0,,0,,94,440,276,0,0,0,0,0,77,0,Real Salt Lake
Bryan Oviedo,CRC,DF,34,4.7,337,14,126,148,65,6,337,4,1,25.0,2,50.0,202,917,566,9,8,1,3,1,223,18,Real Salt Lake
Nelson Palacio,COL,MF,23,3.9,317,9,86,185,46,2,317,6,4,66.7,2,33.3,185,515,154,0,3,0,4,5,228,4,Real Salt Lake
Marcelo Silva,URU,DF,35,2.0,129,17,61,62,6,4,129,1,1,100.0,0,0.0,60,281,166,1,0,0,0,0,76,0,Real Salt Lake
Pablo Ruíz,ARG,MF,25,1.9,128,0,7,62,59,5,128,5,3,60.0,2,40.0,68,314,103,2,0,0,6,2,88,16,Real Salt Lake
Maikel Chang,CUB,MF,33,1.8,145,1,26,59,62,6,145,3,1,33.3,1,33.3,85,318,133,2,5,0,6,4,101,24,Real Salt Lake
Noel Caliskan,GER,MF,23,1.4,114,1,22,73,20,0,114,2,0,0.0,2,100.0,70,307,127,0,2,0,2,1,85,4,Real Salt Lake
Tommy Silva,USA,DF,22,0.2,15,7,10,3,2,0,15,0,0,,0,,4,12,9,0,0,0,0,0,3,1,Real Salt Lake
Zavier Gozo,USA,FW,17,0.1,5,0,0,4,1,0,5,0,0,,0,,1,13,3,0,0,0,0,1,2,0,Real Salt Lake
Hugo Lloris,FRA,GK,37,19.0,680,532,678,2,0,0,680,0,0,,0,,399,2191,1426,0,0,0,0,0,332,0,Los Angeles FC
Denis Bouanga,GAB,FW,29,19.0,813,12,69,226,537,160,808,153,53,34.6,91,59.5,544,4424,2218,101,50,61,69,32,592,204,Los Angeles FC
Timmy Tillman,GER,MF,25,18.5,1023,28,206,538,295,40,1023,59,28,47.5,29,49.2,608,3312,1691,37,38,6,34,16,697,56,Los Angeles FC
Mateusz Bogusz,POL,FW,22,17.8,879,8,61,388,441,58,879,43,21,48.8,19,44.2,531,3040,1347,42,28,7,49,23,613,131,Los Angeles FC
Eduard Atuesta,COL,MF,27,15.8,1093,20,169,614,323,25,1093,41,19,46.3,18,43.9,661,3354,1484,25,24,3,33,26,761,50,Los Angeles FC
Aaron Long,USA,DF,31,15.7,965,131,546,396,24,12,965,3,3,100.0,0,0.0,506,2084,1162,2,2,0,7,2,618,2,Los Angeles FC
Cristian Olivera,URU,FW,22,15.0,482,3,52,124,316,75,482,65,25,38.5,31,47.7,323,2433,1299,61,21,31,31,17,333,128,Los Angeles FC
Jesús David Murillo Largacha,COL,DF,30,14.8,873,119,488,370,19,5,873,7,4,57.1,3,42.9,450,2217,1195,10,2,0,7,3,531,1,Los Angeles FC
Ilie Sánchez,ESP,MF,33,14.5,900,56,254,526,129,9,900,7,5,71.4,1,14.3,427,1792,946,9,14,0,5,3,599,17,Los Angeles FC
Sergi Palencia,ESP,DF,28,14.4,982,33,288,453,253,6,982,27,14,51.9,10,37.0,488,2175,1113,25,12,3,14,4,582,63,Los Angeles FC
Ryan Hollingshead,USA,DF,33,13.6,894,57,285,428,189,17,894,14,3,21.4,9,64.3,447,2783,1539,37,29,2,14,8,502,47,Los Angeles FC
Omar Campos,MEX,DF,21,9.7,583,27,180,243,164,17,583,22,11,50.0,10,45.5,294,1751,883,28,13,5,7,7,336,49,Los Angeles FC
Maxime Chanot,LUX,DF,34,6.3,499,70,296,189,17,7,499,5,4,80.0,0,0.0,291,1456,739,2,5,0,3,1,336,0,Los Angeles FC
Kei Kamara,SLE,FW,39,4.4,132,9,17,65,50,26,132,3,2,66.7,1,33.3,63,175,49,1,1,1,11,7,85,15,Los Angeles FC
Eddie Segura,COL,DF,27,4.3,360,18,139,196,26,6,360,2,1,50.0,1,50.0,214,861,415,1,1,0,7,3,252,2,Los Angeles FC
Erik Duenas,USA,MF,19,2.6,121,3,29,62,33,3,121,9,3,33.3,4,44.4,73,381,193,4,4,0,4,6,76,4,Los Angeles FC
Nathan Ordaz,SLV,FW,20,1.9,75,1,7,18,51,10,75,3,2,66.7,1,33.3,46,284,152,7,6,2,4,1,55,17,Los Angeles FC
David Martínez,VEN,FW,18,1.1,56,2,7,21,30,7,56,3,2,66.7,1,33.3,36,332,199,7,5,4,5,2,38,10,Los Angeles FC
Tomas Ángel,COL,FW,21,0.4,18,0,1,5,12,5,18,0,0,,0,,12,38,21,0,1,0,0,0,13,2,Los Angeles FC
Luis Müller,GER,FW,23,0.1,13,0,2,2,9,1,13,1,0,0.0,1,100.0,10,43,17,1,1,0,0,0,9,5,Los Angeles FC
Michael Boxall,NZL,DF,35,18.5,942,142,500,398,51,11,942,9,7,77.8,2,22.2,466,2012,1077,8,8,1,10,3,527,6,Minnesota United
Wil Trapp,USA,MF,31,17.3,989,34,208,573,209,9,988,24,15,62.5,7,29.2,557,2392,1062,15,15,1,18,18,657,16,Minnesota United
Jeong Sangbin,KOR,FW,22,14.4,585,10,79,210,309,45,585,43,20,46.5,20,46.5,337,2068,890,28,15,9,32,8,373,122,Minnesota United
Dayne St. Clair,CAN,GK,27,15.0,557,417,552,5,0,0,557,0,0,,0,,281,1713,911,0,0,0,0,0,213,0,Minnesota United
D.J. Taylor,USA,DF,26,14.2,753,43,240,333,184,19,753,10,3,30.0,6,60.0,327,1468,705,23,19,5,8,1,387,50,Minnesota United
Robin Lod,FIN,MF,31,13.3,689,17,71,341,289,37,689,37,19,51.4,18,48.6,404,2236,1028,36,24,10,30,16,481,68,Minnesota United
Joseph Rosales,HON,DF,23,13.9,928,49,277,368,303,25,928,45,27,60.0,16,35.6,441,3072,1494,39,30,10,25,16,439,77,Minnesota United
Miguel Tapias,MEX,DF,27,12.1,703,68,372,308,24,11,703,2,2,100.0,0,0.0,353,1796,1037,4,1,0,4,2,424,0,Minnesota United
Hassani Dotson,USA,MF,26,11.8,689,23,115,408,172,18,689,19,10,52.6,7,36.8,350,1564,618,11,10,1,14,16,472,27,Minnesota United
Devin Padelford,USA,DF,21,11.0,620,38,233,287,108,6,620,15,7,46.7,7,46.7,258,1408,723,13,6,1,10,5,307,23,Minnesota United
Teemu Pukki,FIN,FW,34,8.7,229,4,10,77,146,53,229,18,5,27.8,12,66.7,133,678,253,13,8,8,17,13,150,55,Minnesota United
Kervin Arriaga,HON,DF,26,9.8,620,67,257,306,61,14,620,10,5,50.0,2,20.0,288,1570,670,5,7,0,8,4,322,3,Minnesota United
Bongokuhle Hlongwane,RSA,FW,24,9.6,393,7,53,155,195,47,393,31,12,38.7,17,54.8,252,1377,642,22,19,7,35,17,284,103,Minnesota United
Caden Clark,USA,FW,21,8.4,430,9,70,184,179,32,430,19,9,47.4,10,52.6,228,1281,694,27,10,7,24,6,267,70,Minnesota United
Tani Oluwaseyi,CAN,FW,24,6.9,188,8,21,70,98,35,188,13,3,23.1,10,76.9,84,435,217,12,5,8,17,2,122,26,Minnesota United
Franco Fragapane,ARG,MF,31,6.4,330,4,29,150,154,26,330,11,4,36.4,6,54.5,199,1175,562,15,16,0,4,8,240,56,Minnesota United
Clint Irwin,USA,GK,35,4.0,116,101,115,1,0,0,116,0,0,,0,,61,274,160,0,0,0,0,0,44,0,Minnesota United
Carlos Harvey,PAN,MF,24,2.4,122,5,23,78,22,0,122,4,3,75.0,1,25.0,64,261,126,1,3,0,3,6,81,5,Minnesota United
Alejandro Bran,CRC,MF,23,2.4,141,2,23,84,37,5,141,0,0,,0,,83,359,149,0,1,0,8,2,96,8,Minnesota United
Victor Eriksson,SWE,DF,23,1.8,98,6,51,41,6,3,98,1,1,100.0,0,0.0,60,247,104,0,0,0,2,0,72,0,Minnesota United
Jordan Adebayo-Smith,NGA,FW,24,2.5,71,0,7,35,30,6,71,3,1,33.3,2,66.7,33,120,44,2,1,2,5,0,44,13,Minnesota United
Hugo Bacharach,ESP,DF,22,1.0,66,5,31,35,0,0,66,0,0,,0,,46,227,74,0,0,0,1,0,45,0,Minnesota United
Morris Duggan,GER,DF,23,0.5,31,8,20,10,1,0,31,2,1,50.0,1,50.0,15,82,60,0,0,0,0,1,23,0,Minnesota United
Loïc Mesanvi,TOG,FW,20,0.5,26,1,3,6,17,3,26,6,1,16.7,5,83.3,15,128,56,3,2,0,1,2,14,2,Minnesota United
Moses Nyeman,USA,MF,20,0.5,22,1,4,14,4,1,22,1,1,100.0,0,0.0,9,21,4,0,0,0,1,0,14,0,Minnesota United
Zarek Valentin,PUR,DF,32,0.4,16,1,4,9,3,0,16,0,0,,0,,8,21,16,0,0,0,0,0,8,3,Minnesota United
Patrick Weah,LBR,FW,20,0.4,14,0,4,6,4,0,14,0,0,,0,,13,58,12,0,0,0,1,1,14,2,Minnesota United
Emanuel Reynoso,ARG,MF,28,0.3,27,0,3,5,19,2,27,2,2,100.0,0,0.0,20,115,29,1,1,1,1,1,25,7,Minnesota United
Kage Romanshyn,USA,FW,19,0.1,6,0,1,4,1,0,6,0,0,,0,,2,1,0,0,0,0,0,0,3,0,Minnesota United
Maya Yoshida,JPN,DF,35,20.0,1521,226,865,624,38,29,1521,1,1,100.0,0,0.0,851,3038,1405,1,2,0,6,3,1112,4,LA Galaxy
Miki Yamane,JPN,DF,30,18.8,1467,73,466,649,362,21,1467,30,18,60.0,11,36.7,726,2860,1437,26,21,5,14,3,1014,78,LA Galaxy
John McCarthy,USA,GK,31,18.0,632,568,631,1,0,0,632,0,0,,0,,316,1609,880,0,0,0,0,0,271,0,LA Galaxy
Marky Delgado,USA,MF,29,17.8,1436,49,269,787,385,32,1436,15,7,46.7,8,53.3,770,2991,1511,20,29,5,26,14,1087,97,LA Galaxy
Julián Aude,ARG,DF,21,16.8,1155,72,418,500,249,20,1155,39,24,61.5,13,33.3,582,2698,1272,23,22,3,24,18,732,62,LA Galaxy
Gabriel Chaves,BRA,FW,23,16.3,853,10,80,292,502,115,852,73,25,34.2,42,57.5,546,3929,2077,98,48,45,47,33,624,179,LA Galaxy
Riqui Puig,ESP,MF,24,15.8,1722,7,224,1019,499,43,1720,56,35,62.5,18,32.1,1285,8330,3817,71,69,12,32,22,1503,61,LA Galaxy
Dejan Joveljić,SRB,FW,24,14.0,374,15,33,129,216,80,372,18,6,33.3,11,61.1,204,784,303,15,5,12,28,14,283,61,LA Galaxy
Joseph Paintsil,GHA,FW,26,13.5,660,8,75,199,395,76,659,53,19,35.8,29,54.7,476,2829,1497,49,25,21,33,17,531,170,LA Galaxy
Edwin Cerrillo,USA,MF,23,13.2,1009,51,296,628,96,1,1009,13,6,46.2,7,53.8,595,2231,843,3,8,0,8,10,795,10,LA Galaxy
Martín Cáceres,URU,DF,37,9.7,670,81,359,300,13,6,670,1,0,0.0,1,100.0,436,1442,760,4,0,0,4,3,505,2,LA Galaxy
Diego Fagúndez,URU,FW,29,11.5,604,10,95,218,302,27,604,17,3,17.6,13,76.5,314,1847,1051,25,22,4,14,9,408,62,LA Galaxy
Gastón Brugman,URU,MF,31,9.5,807,33,199,457,160,10,807,7,2,28.6,5,71.4,458,1973,871,8,21,1,9,7,588,21,LA Galaxy
Jalen Neal,USA,DF,20,7.4,544,61,299,233,12,3,544,1,0,0.0,1,100.0,300,1160,652,0,1,0,3,0,420,2,LA Galaxy
Miguel Berry,ESP,FW,26,6.1,181,5,15,76,93,26,181,12,6,50.0,5,41.7,98,556,315,14,10,6,18,11,123,29,LA Galaxy
John Nelson,USA,DF,25,2.7,162,13,64,76,22,0,162,1,1,100.0,0,0.0,77,302,175,5,3,0,1,0,96,6,LA Galaxy
Novak Mićović,SRB,GK,22,2.0,71,62,70,1,0,0,71,0,0,,0,,47,226,136,0,0,0,0,0,32,0,LA Galaxy
Jonathan Perez,MEX,FW,21,1.5,89,4,14,26,51,11,89,7,2,28.6,3,42.9,54,358,197,7,1,4,1,1,57,18,LA Galaxy
Eriq Zavaleta,SLV,DF,31,1.8,116,23,89,24,3,3,116,1,1,100.0,0,0.0,68,205,84,0,0,0,0,0,79,0,LA Galaxy
Tucker Lepley,USA,MF,22,0.5,23,1,10,11,2,0,23,0,0,,0,,7,36,21,0,2,0,0,1,18,1,LA Galaxy
Mauricio Cuevas,USA,FW,21,1.5,106,3,16,42,48,2,106,1,0,0.0,1,100.0,59,242,87,1,2,0,1,1,79,18,LA Galaxy
Daniel Aguirre,USA,MF,24,1.2,118,1,20,58,40,7,118,0,0,,0,,61,267,128,5,2,2,4,1,91,11,LA Galaxy
Isaiah Parente,USA,MF,24,0.0,1,0,0,1,0,0,1,0,0,,0,,0,0,0,0,0,0,0,0,1,0,LA Galaxy
Rubén Ramos,USA,MF,17,0.0,0,0,0,0,0,0,0,0,0,,0,,0,0,0,0,0,0,0,0,0,0,LA Galaxy
Yohei Takaoka,JPN,GK,28,18.0,595,507,587,8,0,0,595,2,2,100.0,0,0.0,348,1697,849,0,0,0,0,0,333,0,Vancouver Whitecaps
Ryan Gauld, SCO,FW,28,17.7,995,6,75,467,465,47,993,22,10,45.5,10,45.5,539,2160,1026,17,27,4,31,15,684,94,Vancouver Whitecaps
Ranko Veselinović,SRB,DF,25,15.6,935,246,644,268,25,17,935,0,0,,0,,564,2627,1312,5,3,1,5,1,678,5,Vancouver Whitecaps
Brian White,USA,FW,28,15.4,407,29,39,169,201,61,407,9,5,55.6,3,33.3,193,621,198,8,8,6,38,11,299,74,Vancouver Whitecaps
Tristan Blackmon,USA,DF,27,14.0,1070,98,518,489,68,20,1070,3,2,66.7,1,33.3,609,2318,1162,5,3,1,7,3,748,6,Vancouver Whitecaps
Pedro Vite,ECU,MF,22,13.6,887,22,192,540,165,7,887,15,6,40.0,6,40.0,557,2370,1093,19,21,1,19,9,669,29,Vancouver Whitecaps
Andrés Cubas,PAR,MF,28,13.4,802,35,211,554,45,1,802,8,1,12.5,7,87.5,467,1821,576,4,7,1,11,6,502,0,Vancouver Whitecaps
Alessandro Schöpf,AUT,MF,30,10.7,613,18,105,353,165,20,613,13,6,46.2,6,46.2,385,2212,1125,35,15,3,12,10,439,34,Vancouver Whitecaps
Mathías Laborda,URU,DF,24,11.3,766,67,434,299,39,12,766,4,0,0.0,4,100.0,406,1541,819,2,3,0,10,1,504,7,Vancouver Whitecaps
Ali Ahmed,CAN,MF,23,10.7,583,19,86,252,258,34,583,37,24,64.9,10,27.0,397,2681,1650,60,32,17,25,16,410,91,Vancouver Whitecaps
Fafà Picault,HAI,FW,33,9.3,444,11,42,200,209,45,444,39,19,48.7,17,43.6,288,1740,529,21,11,12,30,8,339,74,Vancouver Whitecaps
Ryan Raposo,CAN,DF,25,9.2,499,19,103,181,219,21,499,19,8,42.1,9,47.4,271,1367,634,20,14,4,11,3,320,82,Vancouver Whitecaps
Javain Brown,JAM,DF,25,8.7,595,38,224,247,128,9,595,6,3,50.0,1,16.7,317,1203,638,5,6,1,4,1,375,31,Vancouver Whitecaps
Bjørn Inge Utvik,NOR,DF,28,5.8,469,46,216,235,20,6,469,1,1,100.0,0,0.0,305,1181,651,1,1,0,1,0,334,0,Vancouver Whitecaps
Sebastian Berhalter,USA,MF,23,7.0,439,24,87,225,129,13,439,6,3,50.0,3,50.0,232,1013,538,13,15,0,11,7,280,24,Vancouver Whitecaps
Luís Martins,POR,DF,32,5.5,373,12,100,169,106,5,373,1,0,0.0,1,100.0,215,750,433,11,7,1,6,3,260,27,Vancouver Whitecaps
Damir Kreilach,CRO,FW,35,4.2,131,6,15,75,42,15,131,0,0,,0,,58,183,51,0,2,0,7,2,97,10,Vancouver Whitecaps
Sam Adekugbe,CAN,MF,29,2.6,176,4,15,89,72,11,176,1,0,0.0,0,0.0,122,495,238,10,7,2,5,0,148,32,Vancouver Whitecaps
Levonte Johnson,CAN,FW,25,2.2,99,1,11,45,43,11,99,8,2,25.0,5,62.5,70,381,151,9,2,5,13,9,70,19,Vancouver Whitecaps
Giuseppe Bovalina,AUS,DF,19,1.3,56,2,9,24,23,7,56,3,2,66.7,1,33.3,26,113,44,1,1,0,2,0,35,9,Vancouver Whitecaps
Ralph Priso-Mbongue,CAN,MF,21,0.4,28,0,6,13,9,1,28,0,0,,0,,10,55,34,1,3,0,0,1,15,0,Vancouver Whitecaps
Jay Herdman,NZL,FW,19,0.1,10,0,1,6,3,0,10,0,0,,0,,9,39,19,0,1,0,0,0,9,0,Vancouver Whitecaps
Cyprian Kachwele,TAN,MF,19,0.0,2,0,0,1,1,0,2,0,0,,0,,1,0,0,0,0,0,0,0,2,0,Vancouver Whitecaps
Brad Stuver,USA,GK,33,20.0,941,769,929,13,0,0,941,0,0,,0,,487,2598,1571,0,0,0,0,0,428,0,Austin FC
Jáder Obrian,COL,FW,29,14.8,509,12,57,191,265,51,509,35,11,31.4,21,60.0,320,1786,896,30,21,16,28,14,392,131,Austin FC
Alexander Ring,FIN,MF,33,17.9,975,58,255,514,217,33,974,15,4,26.7,11,73.3,459,1870,875,13,10,7,13,14,650,55,Austin FC
Jon Gallagher,IRL,DF,28,17.1,922,52,298,380,249,5,922,17,11,64.7,4,23.5,449,2949,1375,41,39,1,17,10,535,60,Austin FC
Diego Rubio,CHI,FW,31,15.5,518,7,64,265,193,37,518,22,11,50.0,9,40.9,295,1068,414,11,10,2,34,22,393,62,Austin FC
Brendan Hines-Ike,USA,DF,29,15.5,1038,143,573,435,33,7,1038,3,1,33.3,1,33.3,612,3276,1522,9,7,1,4,0,787,2,Austin FC
Daniel Pereira,VEN,MF,23,13.6,777,26,213,406,170,16,777,41,21,51.2,17,41.5,457,2625,1128,20,20,6,23,10,541,30,Austin FC
Sebastián Driussi,ARG,MF,28,13.5,692,16,118,335,246,48,688,47,18,38.3,24,51.1,436,2135,929,24,14,5,24,21,544,56,Austin FC
Guilherme Biro,BRA,DF,24,12.9,824,45,301,361,169,26,824,27,16,59.3,7,25.9,407,2150,1085,23,12,2,14,8,498,36,Austin FC
Julio Cascante,CRC,DF,30,12.5,741,104,394,321,31,17,741,5,4,80.0,1,20.0,424,2167,1125,4,1,0,4,4,505,2,Austin FC
Jhojan Valencia,COL,MF,27,9.8,544,39,184,320,42,3,544,13,8,61.5,5,38.5,230,843,315,2,6,0,11,5,358,2,Austin FC
Owen Wolff,USA,FW,19,11.4,566,18,79,216,275,21,566,21,6,28.6,14,66.7,305,1636,783,20,21,3,25,6,385,78,Austin FC
Emiliano Rigoni,ARG,FW,31,7.8,305,16,51,86,168,19,305,19,6,31.6,11,57.9,165,1167,594,20,14,5,12,2,187,54,Austin FC
Ethan Finlay,USA,FW,33,6.9,190,10,37,57,96,10,190,7,2,28.6,4,57.1,93,551,224,9,5,2,16,7,123,53,Austin FC
Matt Hedges,USA,DF,34,6.2,329,60,226,93,10,6,329,0,0,,0,,134,471,248,0,2,0,0,0,205,2,Austin FC
Leo Väisänen,FIN,DF,26,6.0,377,53,229,143,6,3,377,0,0,,0,,172,661,369,2,0,0,1,0,254,0,Austin FC
Žan Kolmanič,SVN,DF,24,5.6,358,11,93,164,101,1,358,8,5,62.5,3,37.5,157,812,424,9,6,1,7,2,208,29,Austin FC
Gyasi Zardes,USA,FW,32,6.8,233,13,49,95,92,28,233,12,4,33.3,7,58.3,94,471,174,6,1,2,13,13,148,22,Austin FC
Hector Jiménez,USA,DF,35,4.2,260,8,60,133,68,5,260,1,0,0.0,1,100.0,140,761,373,11,4,1,3,2,185,12,Austin FC
CJ Fodrey,USA,FW,20,1.8,81,2,9,31,42,7,81,7,4,57.1,3,42.9,39,217,87,4,2,1,9,2,51,16,Austin FC
Alonso Ramírez,MEX,MF,22,0.3,26,1,4,19,3,0,26,1,1,100.0,0,0.0,22,58,24,0,2,0,0,0,24,0,Austin FC
Artur,BRA,MF,28,18.9,1446,58,414,874,165,7,1446,17,11,64.7,5,29.4,817,3519,1332,5,17,1,15,7,1061,18,Houston Dynamo
Aliyu Ibrahim,NGA,FW,22,17.9,683,18,84,240,362,81,683,79,32,40.5,46,58.2,431,2686,1327,60,25,25,34,20,489,188,Houston Dynamo
Griffin Dorsey,USA,DF,25,15.9,919,46,218,362,344,51,919,29,8,27.6,16,55.2,495,2997,1726,63,39,16,26,10,594,134,Houston Dynamo
Micael,BRA,DF,23,16.8,1330,274,920,386,28,12,1330,5,3,60.0,0,0.0,764,3129,1407,0,2,0,8,3,911,1,Houston Dynamo
Steve Clark,USA,GK,38,15.8,499,427,497,3,0,0,499,0,0,,0,,313,1670,1022,0,0,0,0,0,261,0,Houston Dynamo
Adalberto Carrasquilla,PAN,FW,25,15.6,971,18,140,518,318,31,971,48,17,35.4,28,58.3,652,3380,1777,36,39,8,27,21,750,68,Houston Dynamo
Amine Bassi,FRA,MF,26,15.3,1111,3,85,563,469,43,1111,22,12,54.5,8,36.4,691,3495,1621,46,30,10,31,16,921,111,Houston Dynamo
Sebastian Kowalczyk,POL,FW,25,15.0,634,5,63,352,222,40,634,23,9,39.1,13,56.5,381,1692,696,18,20,5,13,13,503,64,Houston Dynamo
Erik Sviatchenko,DEN,DF,32,12.2,766,101,366,339,63,39,766,6,5,83.3,1,16.7,421,1778,963,3,7,0,4,4,492,2,Houston Dynamo
Héctor Herrera,MEX,MF,34,9.1,903,20,211,501,199,22,903,20,13,65.0,7,35.0,501,2348,962,12,16,4,15,8,698,27,Houston Dynamo
Franco Escobar,ARG,DF,29,8.7,658,29,242,285,134,15,658,11,7,63.6,3,27.3,344,1543,778,13,5,1,10,6,419,28,Houston Dynamo
Daniel Steres,USA,DF,33,8.7,624,38,251,298,76,14,624,10,7,70.0,2,20.0,311,1342,658,10,5,0,7,0,408,15,Houston Dynamo
Ethan Bartlow,USA,DF,24,8.4,599,92,356,226,17,6,599,7,5,71.4,2,28.6,361,1688,1032,4,4,1,2,1,425,2,Houston Dynamo
Latif Blessing,GHA,FW,27,6.7,267,5,50,130,88,23,267,11,2,18.2,8,72.7,158,855,383,12,6,4,12,11,186,34,Houston Dynamo
Tate Schmitt,USA,DF,27,4.5,378,18,121,176,83,10,378,4,1,25.0,3,75.0,225,1287,568,9,6,1,4,3,252,26,Houston Dynamo
Ján Greguš,SVK,MF,33,4.2,335,3,64,220,52,1,335,2,2,100.0,0,0.0,207,1002,400,3,9,0,5,4,266,3,Houston Dynamo
Andrew Tarbell,USA,GK,30,3.2,105,98,105,0,0,0,105,0,0,,0,,57,253,167,0,0,0,0,0,45,0,Houston Dynamo
Brooklyn Raines,USA,MF,19,2.7,165,6,36,102,28,0,165,3,2,66.7,1,33.3,94,437,250,4,6,0,4,0,133,3,Houston Dynamo
Sebastián Ferreira,PAR,FW,26,3.0,101,2,9,41,52,17,100,2,2,100.0,0,0.0,55,187,37,0,0,1,7,5,82,23,Houston Dynamo
Gabe Segal,USA,FW,23,2.1,57,2,4,29,24,7,57,2,0,0.0,1,50.0,25,95,41,2,0,1,3,1,42,6,Houston Dynamo
Brad Smith,AUS,FW,30,3.3,169,7,35,61,73,9,169,5,0,0.0,4,80.0,97,467,190,7,3,1,4,0,116,33,Houston Dynamo
McKinze Gaines,USA,MF,26,0.2,2,0,0,0,2,0,2,0,0,,0,,1,12,0,0,0,0,2,0,2,0,Houston Dynamo
Jefferson Valverde,ECU,DF,25,0.1,10,0,1,9,0,0,10,0,0,,0,,4,14,7,0,0,0,1,0,7,0,Houston Dynamo
Andreas Maxsø,DEN,DF,30,20.0,1041,151,534,475,34,22,1041,1,0,0.0,0,0.0,549,2390,1106,5,2,0,5,0,657,4,Colorado Rapids
Zack Steffen,USA,GK,29,20.0,686,488,675,13,0,0,686,0,0,,0,,353,2071,1330,0,0,0,2,0,258,0,Colorado Rapids
Cole Bassett,USA,MF,22,19.8,1434,35,218,727,508,72,1434,26,14,53.8,9,34.6,928,4826,2519,55,54,14,30,22,1062,85,Colorado Rapids
Djordje Mihailovic,USA,MF,25,18.6,980,10,80,391,524,49,977,37,18,48.6,16,43.2,551,2650,1187,33,37,13,43,15,647,112,Colorado Rapids
Rafael Navarro,BRA,FW,24,17.4,677,12,59,269,363,100,671,68,32,47.1,31,45.6,368,1732,751,32,18,17,49,34,461,110,Colorado Rapids
Keegan Rosenberry,USA,DF,30,17.7,1180,54,304,578,304,17,1180,7,1,14.3,5,71.4,589,2323,1051,22,19,1,8,4,681,74,Colorado Rapids
Sam Vines,USA,DF,25,16.6,1095,49,261,505,336,19,1095,9,7,77.8,2,22.2,607,3212,1824,33,27,5,23,6,713,111,Colorado Rapids
Oliver Larraz,USA,MF,22,14.8,838,19,170,478,199,12,838,30,15,50.0,14,46.7,464,2312,1002,19,19,2,27,12,518,29,Colorado Rapids
Moïse Bombito,CAN,DF,24,15.2,924,95,379,501,52,21,924,6,3,50.0,3,50.0,538,2849,1594,10,3,1,11,3,559,8,Colorado Rapids
Kevin Cabral,FRA,FW,24,11.4,403,17,62,139,204,59,403,28,11,39.3,16,57.1,233,1384,722,25,14,15,34,12,255,68,Colorado Rapids
Omir Fernandez,USA,FW,25,11.3,417,11,53,134,237,47,417,26,15,57.7,8,30.8,266,1547,785,29,15,14,30,14,282,99,Colorado Rapids
Calvin Harris, ENG,FW,24,9.8,396,6,35,120,245,46,396,35,14,40.0,17,48.6,277,1886,1075,46,25,12,24,12,294,97,Colorado Rapids
Connor Ronan,IRL,MF,26,6.9,617,10,89,379,157,2,617,8,2,25.0,5,62.5,388,1740,824,11,14,0,11,4,455,13,Colorado Rapids
Lalas Abubakar,GHA,DF,29,5.0,261,40,126,126,11,5,261,0,0,,0,,142,567,207,1,1,0,1,0,157,0,Colorado Rapids
Darren Yapi,USA,FW,19,5.2,160,3,16,72,76,15,160,18,10,55.6,8,44.4,92,622,307,11,2,4,17,15,114,27,Colorado Rapids
Sebastian Anderson,USA,DF,21,3.5,181,13,60,82,40,1,181,8,4,50.0,4,50.0,72,243,105,2,0,0,0,1,93,10,Colorado Rapids
Jackson Travis,USA,DF,20,1.7,101,7,34,37,31,1,101,1,0,0.0,1,100.0,63,280,146,7,3,1,2,1,61,8,Colorado Rapids
Jasper Löffelsend,GER,MF,26,2.3,125,4,30,68,28,1,125,5,3,60.0,2,40.0,64,277,113,2,1,0,4,2,72,3,Colorado Rapids
Jonathan Lewis,USA,FW,27,1.8,105,2,5,23,77,13,105,7,1,14.3,6,85.7,66,340,134,6,1,6,4,1,79,44,Colorado Rapids
Kimani Stewart-Baynes,CAN,MF,19,0.7,36,0,2,12,23,6,36,6,2,33.3,4,66.7,24,154,82,4,2,2,2,0,24,10,Colorado Rapids
Lamine Diack,SEN,FW,23,0.2,18,0,9,10,1,0,18,3,1,33.3,1,33.3,7,47,28,0,0,0,1,0,6,0,Colorado Rapids
Michael Edwards,USA,DF,23,0.1,16,0,1,14,1,0,16,0,0,,0,,12,54,31,1,0,0,0,1,13,0,Colorado Rapids
Wayne Frederick,TRI,MF,20,0.0,2,1,1,1,0,0,2,0,0,,0,,1,7,5,0,0,0,0,0,1,0,Colorado Rapids
Juan David Mosquera,COL,DF,21,18.0,1135,48,282,515,347,36,1135,35,15,42.9,14,40.0,595,2986,1672,45,40,9,14,12,690,104,Portland Timbers
Diego Chará,COL,MF,38,15.8,918,40,224,632,68,2,918,10,4,40.0,5,50.0,470,1784,727,5,2,0,10,2,600,12,Portland Timbers
Santiago Moreno,COL,FW,24,15.4,924,15,117,416,405,50,924,78,35,44.9,39,50.0,586,3382,1788,57,42,16,50,35,671,131,Portland Timbers
Evander,BRA,MF,26,15.3,966,14,99,520,355,32,964,44,24,54.5,17,38.6,581,2942,1346,28,38,6,38,27,691,58,Portland Timbers
Kamal Miller,CAN,DF,27,15.0,1015,131,520,473,31,7,1015,13,8,61.5,3,23.1,609,2586,1387,7,6,0,7,3,706,2,Portland Timbers
Jonathan Rodríguez,URU,FW,30,15.0,547,12,50,229,277,92,546,37,13,35.1,21,56.8,318,1886,848,42,18,20,38,16,388,112,Portland Timbers
Antony,BRA,FW,22,13.3,576,11,90,245,257,49,576,67,24,35.8,35,52.2,370,2615,1103,46,31,18,37,19,393,120,Portland Timbers
Maxime Crépeau,CAN,GK,30,12.5,539,391,527,12,0,0,539,2,2,100.0,0,0.0,308,1453,934,0,0,0,1,0,275,0,Portland Timbers
Dario Župarić,BIH,DF,32,12.3,795,79,397,385,15,5,795,1,0,0.0,0,0.0,429,2213,1100,1,2,0,6,0,497,4,Portland Timbers
Felipe Mora,CHI,FW,30,10.4,278,9,14,139,125,49,277,7,3,42.9,4,57.1,145,582,122,3,4,2,21,8,214,55,Portland Timbers
Cristhian Paredes,PAR,MF,26,11.1,597,34,139,356,107,12,597,15,8,53.3,6,40.0,278,1239,519,8,10,0,20,6,385,14,Portland Timbers
Zac McGraw,CAN,DF,27,8.6,645,114,385,252,9,6,645,3,1,33.3,1,33.3,293,1234,556,1,0,0,4,1,372,1,Portland Timbers
David Ayala,ARG,MF,21,7.9,502,35,145,305,55,1,502,10,7,70.0,3,30.0,276,1503,722,3,6,1,8,6,311,11,Portland Timbers
Eric Miller,USA,DF,31,9.5,522,24,144,276,102,8,522,0,0,,0,,236,844,382,3,4,0,7,2,284,28,Portland Timbers
Miguel Araujo,PER,DF,29,7.8,451,58,222,227,4,3,451,1,1,100.0,0,0.0,227,1037,658,1,0,0,1,2,275,1,Portland Timbers
Claudio Bravo,ARG,DF,27,7.8,535,37,181,274,83,3,535,13,6,46.2,6,46.2,231,1082,578,12,10,1,7,5,279,15,Portland Timbers
James Pantemis,CAN,GK,27,7.5,328,218,326,2,0,0,328,0,0,,0,,174,929,603,0,0,0,1,0,152,0,Portland Timbers
Dairon Asprilla,COL,FW,32,7.4,332,17,65,152,126,15,332,20,7,35.0,12,60.0,181,891,420,10,8,2,27,11,208,46,Portland Timbers
Eryk Williamson,USA,MF,27,6.2,332,5,39,193,102,12,332,13,5,38.5,6,46.2,193,1086,577,12,2,2,18,11,237,22,Portland Timbers
Nathan Fogaça,BRA,FW,25,1.9,68,1,5,29,37,13,68,5,0,0.0,3,60.0,48,355,123,7,4,2,11,8,60,17,Portland Timbers
Larrys Mabiala,COD,DF,36,0.5,47,4,24,22,1,1,47,0,0,,0,,27,140,42,0,0,0,1,1,33,0,Portland Timbers
Cristian Roldan,USA,MF,29,19.1,1250,39,215,618,426,57,1250,42,21,50.0,19,45.2,732,3318,1545,29,26,9,37,22,913,137,Seattle Sounders
Jackson Ragen,USA,DF,25,18.2,1279,158,639,591,50,23,1279,5,0,0.0,4,80.0,763,3850,1982,11,6,0,7,5,891,3,Seattle Sounders
Jordan Morris,USA,FW,29,17.7,546,18,51,186,319,90,546,20,12,60.0,5,25.0,320,2156,1138,47,23,23,21,14,420,137,Seattle Sounders
Obed Vargas,USA,MF,18,16.8,911,40,183,490,247,38,911,32,15,46.9,15,46.9,463,2377,1088,20,16,10,24,20,605,59,Seattle Sounders
Stefan Frei,SUI,GK,38,15.3,465,395,458,7,0,0,465,0,0,,0,,245,1357,740,0,0,0,0,0,192,0,Seattle Sounders
Albert Rusnák,SVK,MF,29,15.2,838,12,76,431,335,34,838,19,9,47.4,8,42.1,466,2248,933,18,21,6,11,12,592,56,Seattle Sounders
Yeimar Gómez Andrade,COL,DF,31,14.6,964,116,458,465,45,14,964,5,1,20.0,4,80.0,536,1957,956,8,4,0,5,2,632,0,Seattle Sounders
Nouhou Tolo,CMR,DF,27,14.4,986,53,297,538,168,8,986,34,17,50.0,10,29.4,555,3520,2134,41,28,1,19,12,618,31,Seattle Sounders
Alex Roldan,SLV,DF,27,13.4,1020,48,254,456,322,15,1020,25,11,44.0,12,48.0,569,2686,1275,30,19,3,20,15,673,77,Seattle Sounders
Raúl Ruidíaz,PER,FW,33,13.5,532,3,41,221,273,55,528,46,16,34.8,27,58.7,309,1291,353,6,7,4,23,14,371,76,Seattle Sounders
João Paulo Mior,BRA,MF,33,9.9,919,28,206,539,177,4,919,14,8,57.1,3,21.4,522,2113,898,12,10,0,6,5,671,14,Seattle Sounders
Joshua Atencio,USA,MF,22,9.3,742,24,126,399,227,27,742,17,10,58.8,7,41.2,380,1848,780,20,22,2,20,14,483,37,Seattle Sounders
Léo Chú,BRA,FW,24,5.1,210,1,20,51,143,26,210,24,8,33.3,15,62.5,133,961,408,16,7,13,18,4,156,59,Seattle Sounders
Cody Baker,USA,DF,20,5.3,370,20,83,184,105,8,370,6,2,33.3,4,66.7,198,946,510,13,9,5,8,4,223,31,Seattle Sounders
Andrew Thomas,RUS,GK,25,4.7,124,106,122,2,0,0,124,0,0,,0,,66,457,302,0,0,0,0,0,32,0,Seattle Sounders
Jon Bell,JAM,DF,26,3.9,188,29,101,78,9,2,188,0,0,,0,,84,364,170,1,0,0,0,1,103,0,Seattle Sounders
Daniel Musovski,USA,FW,28,4.7,167,5,20,62,87,18,167,18,8,44.4,8,44.4,94,587,249,11,7,5,12,6,119,30,Seattle Sounders
Reed Baker-Whiting,USA,DF,19,2.9,181,23,63,64,54,1,181,8,4,50.0,3,37.5,84,462,249,8,3,0,3,4,100,21,Seattle Sounders
Xavier Arreaga,ECU,DF,29,2.8,205,18,113,90,4,3,205,2,1,50.0,1,50.0,125,572,193,0,0,0,1,0,150,0,Seattle Sounders
Danny Leyva,USA,MF,21,2.0,147,4,36,75,38,2,147,2,1,50.0,1,50.0,82,288,120,1,2,0,2,2,99,5,Seattle Sounders
Sota Kitahara,USA,DF,21,1.6,74,5,28,32,15,0,74,0,0,,0,,27,97,46,1,0,0,2,0,41,2,Seattle Sounders
Paul Rothrock,USA,FW,25,3.5,166,2,26,53,92,14,166,8,3,37.5,4,50.0,99,628,298,10,7,3,13,5,114,37,Seattle Sounders
Pedro De la Vega,ARG,MF,23,1.2,72,0,3,36,35,6,71,8,6,75.0,2,25.0,46,386,125,5,5,1,5,2,52,10,Seattle Sounders
Georgi Minoungou,CIV,FW,21,1.1,51,0,3,15,33,11,51,10,5,50.0,5,50.0,38,394,195,9,4,10,9,4,39,17,Seattle Sounders
Dylan Teves,USA,MF,24,0.9,49,1,10,17,22,3,49,3,2,66.7,1,33.3,23,98,65,2,2,0,6,0,30,3,Seattle Sounders
Nathan Cardoso,BRA,DF,29,0.8,69,15,35,32,2,0,69,0,0,,0,,28,150,111,1,0,0,2,0,47,0,Seattle Sounders
Kalani Rienzi,USA,DF,21,0.1,10,1,6,3,1,0,10,0,0,,0,,4,16,5,0,0,0,1,0,4,2,Seattle Sounders
Antino Lopez,USA,MF,22,0.1,5,0,1,2,2,0,5,0,0,,0,,3,5,5,0,0,0,0,0,4,0,Seattle Sounders
Roman Bürki,SUI,GK,33,19.0,661,445,623,38,0,0,661,1,1,100.0,0,0.0,371,1905,1173,0,0,0,0,0,312,0,St Louis City
Tomas Totland,NOR,DF,25,17.4,981,66,259,395,332,29,981,26,13,50.0,12,46.2,446,2176,931,24,18,4,14,13,466,93,St Louis City
Klauss,BRA,FW,27,15.9,578,16,28,203,358,113,576,35,22,62.9,12,34.3,319,1609,666,31,19,17,39,18,420,122,St Louis City
Chris Durkin,USA,MF,24,16.4,883,27,194,492,209,27,883,12,5,41.7,4,33.3,413,1622,675,12,12,3,28,15,505,37,St Louis City
Indiana Vassilev,USA,MF,23,14.0,594,4,45,220,340,44,594,35,10,28.6,20,57.1,345,2207,835,30,24,9,36,36,385,85,St Louis City
Tim Parker,USA,DF,31,14.9,796,79,393,358,47,17,796,4,3,75.0,1,25.0,425,2037,1188,8,2,0,2,0,470,1,St Louis City
Célio Pompeu,BRA,FW,24,13.8,607,9,57,193,369,59,607,53,32,60.4,18,34.0,328,2417,1475,65,28,29,36,18,353,107,St Louis City
Anthony Markanich,PHI,DF,24,13.2,820,53,226,398,201,15,820,6,1,16.7,4,66.7,325,1411,717,16,13,2,12,4,367,36,St Louis City
Joakim Nilsson,SWE,DF,30,9.7,564,62,313,224,28,7,564,2,1,50.0,1,50.0,214,901,466,4,2,0,4,0,262,0,St Louis City
Aziel Jackson,USA,FW,22,8.9,442,5,35,160,250,37,442,39,15,38.5,22,56.4,266,1376,483,15,16,8,44,18,310,57,St Louis City
Eduard Löwen,GER,MF,27,8.1,634,6,82,332,233,15,632,30,12,40.0,15,50.0,340,1727,792,27,23,5,13,12,385,27,St Louis City
Tomáš Ostrák,CZE,MF,24,7.7,429,10,65,234,134,14,429,18,5,27.8,13,72.2,243,1206,484,9,9,3,12,8,288,24,St Louis City
Rasmus Alm,SWE,FW,28,6.0,197,5,27,66,106,18,197,13,6,46.2,7,53.8,95,509,96,4,1,0,11,9,109,40,St Louis City
Kyle Hiebert,CAN,DF,26,7.2,384,37,159,183,42,8,384,0,0,,0,,165,603,293,3,4,0,2,3,203,9,St Louis City
Njabulo Blom,RSA,MF,24,5.6,265,3,57,159,56,5,265,4,4,100.0,0,0.0,142,658,302,7,5,2,12,6,155,12,St Louis City
Joshua Yaro,GHA,DF,29,6.4,366,44,198,157,15,6,366,1,1,100.0,0,0.0,183,816,442,0,1,0,6,0,195,2,St Louis City
Hosei Kijima,JPN,MF,21,5.5,225,3,37,101,91,15,225,7,3,42.9,4,57.1,114,635,313,12,6,6,13,10,139,26,St Louis City
Samuel Adeniran,USA,FW,25,5.7,189,6,12,65,115,32,189,12,6,50.0,4,33.3,113,804,447,15,10,10,27,9,138,45,St Louis City
Akil Watts,USA,DF,24,3.4,237,5,66,100,74,8,237,6,3,50.0,3,50.0,110,578,296,5,3,1,2,1,123,20,St Louis City
Nökkvi Þórisson,ISL,FW,24,4.3,186,1,25,60,103,30,186,14,7,50.0,7,50.0,108,621,342,13,9,7,10,7,137,42,St Louis City
Nikolas Dyhr,DEN,DF,23,1.5,99,3,29,48,22,1,99,2,0,0.0,2,100.0,31,141,76,0,2,0,1,0,43,2,St Louis City
Jake Nerwinski,USA,DF,29,1.3,89,8,41,40,10,0,89,1,1,100.0,0,0.0,36,199,118,0,0,0,0,3,44,0,St Louis City
Jayden Reid,USA,DF,22,1.0,54,4,15,31,9,1,54,0,0,,0,,27,183,129,3,2,1,1,0,35,2,St Louis City
Michael Wentzel,GER,DF,22,1.0,49,9,30,18,1,1,49,0,0,,0,,24,157,83,0,0,0,1,0,25,0,St Louis City
John Klein,USA,FW,24,0.5,32,1,3,8,21,6,32,2,1,50.0,1,50.0,20,196,63,2,3,1,0,3,23,8,St Louis City
Caden Glover,USA,FW,17,0.2,5,1,1,2,2,2,5,0,0,,0,,3,10,4,0,0,0,0,0,3,0,St Louis City
Brendan McSorley,USA,FW,22,0.1,2,0,0,0,2,0,2,0,0,,0,,2,14,6,0,0,0,0,0,2,2,St Louis City
Cristian Espinoza,ARG,FW,29,18.8,1068,12,103,382,600,68,1068,60,33,55.0,26,43.3,616,3673,1748,81,41,20,41,17,717,171,San Jose Earthquakes
Rodrigues,BRA,DF,26,17.0,1043,196,597,406,52,29,1043,27,19,70.4,7,25.9,669,4785,3052,19,7,0,20,8,677,3,San Jose Earthquakes
Jackson Yueill,USA,MF,27,16.2,1049,39,232,658,165,9,1049,13,7,53.8,6,46.2,652,2861,1440,14,16,1,17,8,760,23,San Jose Earthquakes
Jeremy Ebobisse,USA,FW,27,13.5,465,12,39,248,181,42,464,18,6,33.3,11,61.1,257,959,377,11,10,5,30,22,337,70,San Jose Earthquakes
Vitor Costa,BRA,DF,29,14.1,861,69,327,371,169,29,861,11,5,45.5,5,45.5,425,1980,1176,26,12,3,10,12,469,61,San Jose Earthquakes
Amahl Pellegrino,NOR,FW,34,11.8,403,7,65,175,169,52,403,25,12,48.0,12,48.0,241,1157,422,17,11,12,23,14,284,72,San Jose Earthquakes
William Yarbrough,USA,GK,35,13.0,422,365,415,8,0,0,422,1,1,100.0,0,0.0,219,1231,763,0,0,0,0,0,154,0,San Jose Earthquakes
Carlos Akapo,EQG,DF,31,12.0,816,54,299,362,162,11,816,19,11,57.9,7,36.8,384,2223,1062,30,18,2,10,9,416,36,San Jose Earthquakes
Carlos Gruezo,ECU,MF,29,11.2,496,35,144,307,51,1,496,2,2,100.0,0,0.0,231,1013,328,4,6,1,6,5,291,7,San Jose Earthquakes
Niko Tsakiris,USA,MF,19,9.8,493,28,119,285,96,12,493,18,5,27.8,8,44.4,296,1614,808,20,5,1,13,10,342,26,San Jose Earthquakes
Paul Marie,FRA,DF,29,9.8,641,39,218,284,144,11,641,18,9,50.0,9,50.0,292,1577,858,24,13,2,10,5,351,47,San Jose Earthquakes
Bruno Wilson,POR,DF,27,9.6,528,97,332,181,16,11,528,1,1,100.0,0,0.0,293,1244,721,2,3,0,2,1,334,1,San Jose Earthquakes
Tanner Beason,USA,DF,27,9.7,539,101,322,189,29,8,539,5,2,40.0,2,40.0,261,1124,560,2,1,0,1,0,315,4,San Jose Earthquakes
Hernán López Muñoz,ARG,MF,23,8.1,422,3,48,210,172,20,422,65,18,27.7,39,60.0,255,1464,735,19,18,4,26,17,297,28,San Jose Earthquakes
Benjamin Kikanovic,USA,FW,24,6.6,230,10,50,74,109,22,230,24,6,25.0,17,70.8,141,1082,509,21,13,7,12,5,162,46,San Jose Earthquakes
Preston Judd,USA,FW,25,5.6,145,1,7,76,64,23,145,9,1,11.1,6,66.7,79,375,185,8,3,2,15,2,101,35,San Jose Earthquakes
Jack Skahan,USA,MF,26,5.3,242,0,19,118,110,27,242,22,11,50.0,10,45.5,156,881,476,19,11,8,19,12,183,38,San Jose Earthquakes
Alfredo Morales,USA,MF,34,4.8,277,13,73,170,39,7,277,8,5,62.5,2,25.0,151,589,253,2,5,0,6,2,190,7,San Jose Earthquakes
Daniel,BRA,GK,30,4.0,138,116,137,1,0,0,138,0,0,,0,,82,397,202,0,0,0,0,0,75,0,San Jose Earthquakes
Daniel Munie,USA,DF,24,3.9,260,43,165,80,15,4,260,0,0,,0,,132,596,376,1,1,0,3,0,158,0,San Jose Earthquakes
Jacob Jackson,USA,GK,24,2.0,73,68,72,1,0,0,73,0,0,,0,,35,173,98,0,0,0,0,0,37,0,San Jose Earthquakes
Ousseni Bouda,BFA,FW,24,0.8,39,1,4,20,15,1,39,3,2,66.7,1,33.3,22,162,63,3,0,0,3,0,25,9,San Jose Earthquakes
Jamar Ricketts,USA,MF,22,0.4,7,3,4,1,2,0,7,2,1,50.0,1,50.0,3,20,0,0,0,0,2,0,2,1,San Jose Earthquakes
Tommy Thompson,USA,DF,28,0.2,24,0,5,9,10,0,24,1,1,100.0,0,0.0,17,78,60,0,0,0,1,0,19,2,San Jose Earthquakes
Michael Baldisimo,PHI,MF,24,0.1,10,0,4,5,2,1,10,0,0,,0,,4,7,2,0,0,0,0,0,5,1,San Jose Earthquakes
Nemanja Radoja,SRB,MF,31,18.1,1217,31,294,806,134,7,1217,21,12,57.1,6,28.6,702,3213,1451,13,16,0,8,9,854,16,Sporting Kansas City
Jake Davis,USA,DF,22,17.1,1262,43,363,607,298,7,1262,15,5,33.3,9,60.0,639,2931,1532,27,24,1,20,13,796,61,Sporting Kansas City
Tim Melia,USA,GK,38,17.0,587,487,579,8,0,0,587,0,0,,0,,314,1482,834,0,0,0,1,0,276,0,Sporting Kansas City
Erik Thommy,GER,MF,29,15.7,854,15,90,373,405,37,854,51,24,47.1,20,39.2,570,3706,1978,76,45,18,40,28,658,93,Sporting Kansas City
Dániel Sallói,HUN,FW,27,14.9,649,8,68,251,338,45,649,47,12,25.5,31,66.0,406,2265,972,35,23,12,34,9,481,127,Sporting Kansas City
Daniel Rosero,COL,DF,30,14.8,970,152,587,369,18,14,970,5,4,80.0,0,0.0,528,2032,999,0,2,0,10,4,639,4,Sporting Kansas City
Tim Leibold,GER,DF,30,14.0,1068,34,300,517,258,10,1068,15,3,20.0,10,66.7,573,2748,1451,26,34,1,7,3,703,58,Sporting Kansas City
Alan Pulido,MEX,FW,33,13.3,508,6,27,269,215,35,508,20,7,35.0,13,65.0,322,1392,408,12,8,8,43,22,417,63,Sporting Kansas City
Andreu Fontàs,ESP,DF,34,13.2,1088,120,574,488,28,4,1088,1,1,100.0,0,0.0,617,2334,1312,4,3,0,4,2,781,0,Sporting Kansas City
Memo Rodriguez,USA,MF,28,11.4,681,6,98,382,210,6,681,11,7,63.6,4,36.4,356,1385,637,11,18,1,10,3,473,15,Sporting Kansas City
Johnny Russell, SCO,FW,34,11.9,625,14,81,271,285,48,624,44,15,34.1,25,56.8,367,2832,1002,37,23,20,22,25,443,98,Sporting Kansas City
William Agada,NGA,FW,24,10.4,340,2,9,136,197,73,339,4,1,25.0,3,75.0,193,837,298,14,6,10,28,12,260,64,Sporting Kansas City
Rémi Walter,FRA,MF,29,8.0,470,18,71,294,109,3,470,8,3,37.5,3,37.5,242,985,435,7,6,1,7,4,312,8,Sporting Kansas City
Robert Voloder,BIH,DF,23,7.6,461,53,254,195,15,3,461,5,4,80.0,1,20.0,261,1409,804,3,2,0,4,1,304,2,Sporting Kansas City
Zorhan Bassong,CAN,DF,25,6.0,415,13,137,156,122,4,415,9,4,44.4,5,55.6,215,1101,483,17,10,1,6,1,248,25,Sporting Kansas City
Robert Castellanos,USA,DF,26,5.5,404,49,236,162,7,4,404,0,0,,0,,251,1085,447,1,0,0,1,0,288,0,Sporting Kansas City
Alenis Vargas,HON,FW,20,3.7,147,3,16,50,83,19,147,17,5,29.4,10,58.8,108,765,388,12,12,12,16,4,113,39,Sporting Kansas City
Stephen Afrifa,CAN,FW,23,3.0,148,5,23,61,70,12,148,23,12,52.2,11,47.8,88,581,310,10,7,2,6,8,98,27,Sporting Kansas City
John Pulskamp,USA,GK,23,3.0,85,73,85,0,0,0,85,0,0,,0,,34,152,82,0,0,0,0,0,30,0,Sporting Kansas City
Kayden Pierre,USA,DF,21,1.8,127,6,39,60,31,0,127,4,2,50.0,1,25.0,77,376,203,4,4,0,2,0,83,4,Sporting Kansas City
Felipe Hernandez,USA,MF,26,4.2,194,1,29,108,57,3,194,1,1,100.0,0,0.0,118,466,192,3,3,0,9,4,134,16,Sporting Kansas City
Khiry Shelton,USA,DF,30,3.6,262,10,66,146,53,5,262,15,7,46.7,6,40.0,152,933,464,12,8,1,11,2,176,10,Sporting Kansas City
Marinos Tzionis,CYP,FW,22,1.9,96,0,10,40,47,7,96,11,6,54.5,5,45.5,68,446,205,6,6,1,7,5,69,18,Sporting Kansas City
