Player,Nation,POS,Age,90s,Standard_Gls,Standard_Sh,Standard_SoT,Standard_SoT%,Standard_Sh/90,Standard_SoT/90,Standard_G/Sh,Standard_G/SoT,Standard_Dist,Standard_FK,Standard_PK,Standard_PKatt,Expected_xG,Expected_npxG,Expected_npxG/Sh,Expected_G-xG,Expected_np:G-xG,Team
Drake Callender,USA,GK,26,17.0,0,0,0,,0.0,0.0,,,,0.0,0,0,0.0,0.0,,0.0,0.0,Inter Miami
Julian Gressel,USA,MF,30,14.0,0,14,1,7.1,1.0,0.07,0.0,0.0,17.8,0.0,0,0,1.5,1.5,0.11,-1.5,-1.5,Inter Miami
Tomás Avilés,ARG,DF,20,15.1,0,6,1,16.7,0.4,0.07,0.0,0.0,17.2,0.0,0,0,0.5,0.5,0.08,-0.5,-0.5,Inter Miami
Sergio Busquets,ESP,MF,35,15.6,1,2,2,100.0,0.13,0.13,0.5,0.5,8.8,0.0,0,0,0.3,0.3,0.13,0.7,0.7,Inter Miami
Luis Suárez,URU,FW,37,12.8,12,36,26,72.2,2.81,2.03,0.33,0.46,12.8,0.0,0,0,7.6,7.6,0.21,4.4,4.4,Inter Miami
Robert Taylor,FIN,FW,29,11.2,3,13,6,46.2,1.16,0.53,0.23,0.5,17.3,0.0,0,0,1.9,1.9,0.15,1.1,1.1,Inter Miami
Jordi Alba,ESP,DF,35,11.6,2,9,4,44.4,0.78,0.35,0.22,0.5,18.9,0.0,0,0,1.3,1.3,0.15,0.7,0.7,Inter Miami
Lionel Messi,ARG,FW,36,11.5,12,57,25,43.9,4.96,2.17,0.19,0.44,19.0,10.0,1,1,8.3,7.5,0.13,3.7,3.5,Inter Miami
Marcelo Weigandt,ARG,DF,24,11.4,0,8,2,25.0,0.7,0.18,0.0,0.0,13.4,0.0,0,0,0.9,0.9,0.12,-0.9,-0.9,Inter Miami
Nicolás Freire,ARG,DF,30,8.2,0,1,0,0.0,0.12,0.0,0.0,,10.7,0.0,0,0,0.0,0.0,0.05,0.0,0.0,Inter Miami
David Ruiz,HON,MF,20,8.7,0,8,1,12.5,0.92,0.11,0.0,0.0,17.3,0.0,0,0,0.3,0.3,0.04,-0.3,-0.3,Inter Miami
Serhiy Kryvtsov,UKR,DF,33,8.5,0,0,0,,0.0,0.0,,,,0.0,0,0,0.0,0.0,,0.0,0.0,Inter Miami
Diego Gómez,PAR,MF,21,7.0,2,9,6,66.7,1.28,0.85,0.22,0.33,15.9,0.0,0,0,0.9,0.9,0.1,1.1,1.1,Inter Miami
Leonardo Campana,ECU,FW,23,6.3,4,18,8,44.4,2.84,1.26,0.22,0.5,13.8,1.0,0,0,3.8,3.8,0.21,0.2,0.2,Inter Miami
Franco Negri,ARG,DF,29,5.8,0,1,0,0.0,0.17,0.0,0.0,,24.4,0.0,0,0,0.0,0.0,0.03,0.0,0.0,Inter Miami
Matías Rojas,PAR,FW,28,5.5,3,11,8,72.7,2.01,1.46,0.27,0.38,30.1,2.0,0,0,0.4,0.4,0.04,2.6,2.6,Inter Miami
Ben Cremaschi,USA,MF,19,4.4,2,6,4,66.7,1.36,0.9,0.33,0.5,12.1,0.0,0,0,1.5,1.5,0.25,0.5,0.5,Inter Miami
Noah Allen,USA,DF,20,4.4,0,1,0,0.0,0.23,0.0,0.0,,10.9,0.0,0,0,0.1,0.1,0.07,-0.1,-0.1,Inter Miami
Federico Redondo,ARG,MF,21,3.3,0,4,1,25.0,1.2,0.3,0.0,0.0,25.4,0.0,0,0,0.2,0.2,0.04,-0.2,-0.2,Inter Miami
DeAndre Yedlin,USA,DF,30,3.0,0,0,0,,0.0,0.0,,,,0.0,0,0,0.0,0.0,,0.0,0.0,Inter Miami
Lawson Sunderland,USA,MF,22,2.1,0,1,0,0.0,0.47,0.0,0.0,,24.8,0.0,0,0,0.1,0.1,0.07,-0.1,-0.1,Inter Miami
Ryan Sailor,USA,DF,25,2.8,0,2,0,0.0,0.71,0.0,0.0,,9.2,0.0,0,0,0.2,0.2,0.1,-0.2,-0.2,Inter Miami
Yannick Bright,ITA,MF,22,2.7,0,0,0,,0.0,0.0,,,,0.0,0,0,0.0,0.0,,0.0,0.0,Inter Miami
Leonardo Afonso,BRA,FW,22,2.0,1,4,1,25.0,2.01,0.5,0.25,1.0,16.3,0.0,0,0,0.4,0.4,0.1,0.6,0.6,Inter Miami
Shanyder Borgelin,HAI,FW,22,1.3,0,3,0,0.0,2.23,0.0,0.0,,11.4,0.0,0,0,0.6,0.6,0.2,-0.6,-0.6,Inter Miami
C.J. dos Santos,USA,GK,23,1.0,0,0,0,,0.0,0.0,,,,0.0,0,0,0.0,0.0,,0.0,0.0,Inter Miami
Jose Casas de Abadal,USA,FW,23,0.3,0,0,0,,0.0,0.0,,,,0.0,0,0,0.0,0.0,,0.0,0.0,Inter Miami
Jean Mota,BRA,MF,30,0.3,0,0,0,,0.0,0.0,,,,0.0,0,0,0.0,0.0,,0.0,0.0,Inter Miami
Pavel Bucha,CZE,MF,26,15.7,0,21,5,23.8,1.34,0.32,0.0,0.0,21.5,0.0,0,0,1.1,1.1,0.05,-1.1,-1.1,FC Cincinnati
Luciano Acosta,ARG,MF,30,15.1,7,39,15,38.5,2.59,1.0,0.15,0.4,20.8,9.0,1,1,4.6,3.9,0.1,2.4,2.1,FC Cincinnati
Matt Miazga,USA,DF,28,15.0,0,10,2,20.0,0.67,0.13,0.0,0.0,21.0,0.0,0,0,0.3,0.3,0.03,-0.3,-0.3,FC Cincinnati
Miles Robinson,USA,DF,27,14.0,1,5,1,20.0,0.36,0.07,0.2,1.0,12.0,0.0,0,0,0.3,0.3,0.06,0.7,0.7,FC Cincinnati
Luca Orellano,ARG,DF,24,13.9,3,35,13,37.1,2.52,0.94,0.09,0.23,22.6,3.0,0,0,2.5,2.5,0.07,0.5,0.5,FC Cincinnati
Yuya Kubo,JPN,FW,30,12.5,4,27,12,44.4,2.15,0.96,0.15,0.33,16.9,0.0,0,0,4.1,4.1,0.15,-0.1,-0.1,FC Cincinnati
Obinna Nwobodo,NGA,MF,27,11.9,0,5,1,20.0,0.42,0.08,0.0,0.0,24.9,0.0,0,0,0.2,0.2,0.04,-0.2,-0.2,FC Cincinnati
Roman Celentano,USA,GK,23,12.0,0,0,0,,0.0,0.0,,,,0.0,0,0,0.0,0.0,,0.0,0.0,FC Cincinnati
Ian Murphy,USA,DF,24,11.4,0,0,0,,0.0,0.0,,,,0.0,0,0,0.0,0.0,,0.0,0.0,FC Cincinnati
Corey Baird,USA,FW,28,9.0,1,16,5,31.3,1.78,0.55,0.06,0.2,12.4,0.0,0,0,2.7,2.7,0.17,-1.7,-1.7,FC Cincinnati
DeAndre Yedlin,USA,DF,30,8.4,0,4,1,25.0,0.47,0.12,0.0,0.0,16.0,0.0,0,0,0.4,0.4,0.09,-0.4,-0.4,FC Cincinnati
Aaron Boupendza,GAB,FW,27,5.7,2,17,8,47.1,2.99,1.41,0.12,0.25,19.3,1.0,0,0,2.2,2.2,0.13,-0.2,-0.2,FC Cincinnati
Gerardo Valenzuela,USA,FW,20,5.3,0,10,2,20.0,1.9,0.38,0.0,0.0,21.5,0.0,0,0,0.4,0.4,0.04,-0.4,-0.4,FC Cincinnati
Kipp Keller,USA,DF,23,4.2,0,4,0,0.0,0.95,0.0,0.0,,9.0,0.0,0,0,0.2,0.2,0.06,-0.2,-0.2,FC Cincinnati
Nick Hagglund,USA,DF,31,3.0,0,0,0,,0.0,0.0,,,,0.0,0,0,0.0,0.0,,0.0,0.0,FC Cincinnati
Kevin Kelsy,VEN,FW,19,3.7,3,11,8,72.7,3.01,2.19,0.27,0.38,12.2,0.0,0,0,1.1,1.1,0.1,1.9,1.9,FC Cincinnati
Sergio Santos Gomes,BRA,FW,29,3.7,2,11,7,63.6,3.01,1.91,0.18,0.29,11.5,0.0,0,0,2.1,2.1,0.19,-0.1,-0.1,FC Cincinnati
Alec Kann,USA,GK,33,3.0,0,0,0,,0.0,0.0,,,,0.0,0,0,0.0,0.0,,0.0,0.0,FC Cincinnati
Alvas Powell,JAM,DF,29,1.7,0,1,1,100.0,0.57,0.57,0.0,0.0,14.5,0.0,0,0,0.0,0.0,0.03,0.0,0.0,FC Cincinnati
Bret Halsey,USA,DF,24,3.2,0,3,2,66.7,0.95,0.63,0.0,0.0,15.5,0.0,0,0,0.2,0.2,0.07,-0.2,-0.2,FC Cincinnati
Malik Pinto,USA,MF,21,1.7,0,1,0,0.0,0.6,0.0,0.0,,18.1,0.0,0,0,0.0,0.0,0.05,0.0,0.0,FC Cincinnati
Evan Louro,USA,GK,28,1.0,0,0,0,,0.0,0.0,,,,0.0,0,0,0.0,0.0,,0.0,0.0,FC Cincinnati
Yamil Asad,ARG,DF,29,0.9,0,3,2,66.7,3.46,2.31,0.0,0.0,30.8,0.0,0,0,0.1,0.1,0.04,-0.1,-0.1,FC Cincinnati
Stiven Jimenez,USA,MF,16,0.0,0,0,0,,0.0,0.0,,,,0.0,0,0,0.0,0.0,,0.0,0.0,FC Cincinnati
Matt Freese,USA,GK,25,16.0,0,0,0,,0.0,0.0,,,,0.0,0,0,0.0,0.0,,0.0,0.0,New York City FC
Santiago Rodríguez,URU,MF,24,15.4,6,44,15,34.1,2.86,0.97,0.09,0.27,22.2,7.0,2,2,4.9,3.3,0.08,1.1,0.7,New York City FC
Thiago Martins,BRA,DF,29,15.0,0,6,0,0.0,0.4,0.0,0.0,,10.9,0.0,0,0,0.3,0.3,0.05,-0.3,-0.3,New York City FC
Birk Risa,NOR,DF,26,14.6,0,2,1,50.0,0.14,0.07,0.0,0.0,19.4,1.0,0,0,0.1,0.1,0.04,-0.1,-0.1,New York City FC
Kevin O'Toole,USA,DF,25,14.5,1,11,2,18.2,0.76,0.14,0.09,0.5,16.5,0.0,0,0,0.8,0.8,0.07,0.2,0.2,New York City FC
Hannes Wolf,AUT,FW,25,13.4,3,23,9,39.1,1.72,0.67,0.13,0.33,14.5,1.0,0,0,2.6,2.6,0.11,0.4,0.4,New York City FC
Keaton Parks,USA,MF,26,13.2,2,11,4,36.4,0.83,0.3,0.18,0.5,16.0,0.0,0,0,0.8,0.8,0.08,1.2,1.2,New York City FC
James Sands,USA,MF,23,12.9,0,2,0,0.0,0.16,0.0,0.0,,27.2,0.0,0,0,0.0,0.0,0.02,0.0,0.0,New York City FC
Monsef Bakrar,ALG,FW,23,10.3,1,39,13,33.3,3.8,1.27,0.03,0.08,13.9,0.0,0,0,4.5,4.5,0.12,-3.5,-3.5,New York City FC
Mitja Ilenič,SVN,DF,19,9.7,0,10,1,10.0,1.03,0.1,0.0,0.0,23.5,0.0,0,0,0.3,0.3,0.03,-0.3,-0.3,New York City FC
Andrés Perea,USA,MF,23,7.2,1,10,2,20.0,1.39,0.28,0.1,0.5,19.2,0.0,0,0,1.5,1.5,0.15,-0.5,-0.5,New York City FC
Tayvon Gray,JAM,DF,21,6.7,0,2,2,100.0,0.3,0.3,0.0,0.0,22.9,0.0,0,0,0.1,0.1,0.04,-0.1,-0.1,New York City FC
Agustin Ojeda,ARG,FW,19,5.1,1,12,5,41.7,2.33,0.97,0.08,0.2,13.9,0.0,0,0,2.0,2.0,0.16,-1.0,-1.0,New York City FC
Julián Fernández,ARG,FW,20,5.4,2,14,7,50.0,2.6,1.3,0.14,0.29,19.8,0.0,0,0,1.4,1.4,0.1,0.6,0.6,New York City FC
Alonso Martínez,CRC,FW,25,4.5,6,17,10,58.8,3.82,2.24,0.35,0.6,15.3,0.0,0,0,3.2,3.2,0.19,2.8,2.8,New York City FC
Strahinja Tanasijević,SRB,DF,26,3.0,0,0,0,,0.0,0.0,,,,0.0,0,0,0.0,0.0,,0.0,0.0,New York City FC
Malachi Jones,SLE,FW,20,3.8,1,14,4,28.6,3.71,1.06,0.07,0.25,13.5,0.0,0,0,1.8,1.8,0.13,-0.8,-0.8,New York City FC
Jovan Mijatović,SRB,FW,18,2.0,0,4,0,0.0,1.98,0.0,0.0,,15.9,0.0,0,0,0.7,0.7,0.18,-0.7,-0.7,New York City FC
Andres Jasson,USA,MF,22,1.7,0,0,0,,0.0,0.0,,,,0.0,0,0,0.0,0.0,,0.0,0.0,New York City FC
Justin Haak,USA,DF,22,1.0,0,1,1,100.0,1.01,1.01,0.0,0.0,8.2,0.0,0,0,0.1,0.1,0.08,-0.1,-0.1,New York City FC
Maximiliano Moralez,ARG,FW,37,0.2,0,1,0,0.0,5.29,0.0,0.0,,13.9,0.0,0,0,0.0,0.0,0.03,0.0,0.0,New York City FC
Talles Magno,BRA,MF,21,0.1,0,2,1,50.0,25.71,12.86,0.0,0.0,13.8,0.0,0,0,0.1,0.1,0.04,-0.1,-0.1,New York City FC
Aidan Morris,USA,MF,22,12.3,2,18,4,22.2,1.47,0.33,0.11,0.5,23.2,0.0,0,0,1.9,1.9,0.1,0.1,0.1,Columbus Crew
Diego Rossi,URU,MF,26,12.4,4,25,10,40.0,2.02,0.81,0.12,0.3,16.9,2.0,1,2,4.8,3.3,0.13,-0.8,-0.3,Columbus Crew
Patrick Schulte,USA,GK,23,12.0,0,0,0,,0.0,0.0,,,,0.0,0,0,0.0,0.0,,0.0,0.0,Columbus Crew
Darlington Nagbe,USA,MF,33,11.4,0,3,1,33.3,0.26,0.09,0.0,0.0,26.2,0.0,0,0,0.1,0.1,0.03,-0.1,-0.1,Columbus Crew
Malte Amundsen,DEN,DF,26,11.5,0,2,0,0.0,0.17,0.0,0.0,,15.8,0.0,0,0,0.1,0.1,0.05,-0.1,-0.1,Columbus Crew
Rudy Camacho,FRA,DF,33,9.6,0,5,1,20.0,0.52,0.1,0.0,0.0,13.1,0.0,0,0,0.1,0.1,0.03,-0.1,-0.1,Columbus Crew
Steven Moreira,CPV,DF,29,10.4,1,3,1,33.3,0.29,0.1,0.33,1.0,22.9,0.0,0,0,0.1,0.1,0.04,0.9,0.9,Columbus Crew
Yaw Yeboah,GHA,DF,27,8.9,0,12,2,16.7,1.35,0.22,0.0,0.0,17.8,1.0,0,0,0.9,0.9,0.07,-0.9,-0.9,Columbus Crew
Sean Zawadzki,USA,DF,24,8.2,1,7,2,28.6,0.85,0.24,0.14,0.5,16.5,0.0,0,0,0.3,0.3,0.05,0.7,0.7,Columbus Crew
Cucho,COL,FW,25,8.0,4,38,11,28.9,4.72,1.37,0.11,0.36,18.8,4.0,0,1,4.0,3.2,0.08,0.0,0.8,Columbus Crew
Jacen Russell-Rowe,CAN,FW,21,8.0,3,23,9,39.1,2.88,1.13,0.13,0.33,15.9,0.0,0,0,1.9,1.9,0.08,1.1,1.1,Columbus Crew
Maximilian Arfsten,USA,DF,23,7.0,2,15,5,33.3,2.14,0.71,0.13,0.4,16.9,1.0,0,0,1.2,1.2,0.08,0.8,0.8,Columbus Crew
Mohamed Farsi,CAN,DF,24,6.9,1,4,2,50.0,0.58,0.29,0.25,0.5,11.8,0.0,0,0,0.9,0.9,0.22,0.1,0.1,Columbus Crew
Yevhen Cheberko,UKR,DF,26,6.9,0,2,0,0.0,0.29,0.0,0.0,,20.3,0.0,0,0,0.2,0.2,0.12,-0.2,-0.2,Columbus Crew
Alexandru Mățan,ROU,MF,24,5.2,0,2,2,100.0,0.38,0.38,0.0,0.0,11.0,0.0,0,0,0.5,0.5,0.24,-0.5,-0.5,Columbus Crew
Marino Hinestroza,COL,MF,21,3.3,2,9,3,33.3,2.73,0.91,0.22,0.67,13.1,0.0,0,0,1.8,1.8,0.2,0.2,0.2,Columbus Crew
William Sands,USA,DF,23,2.8,0,2,2,100.0,0.7,0.7,0.0,0.0,13.9,0.0,0,0,0.1,0.1,0.05,-0.1,-0.1,Columbus Crew
Christian Ramirez,USA,FW,33,3.1,1,7,3,42.9,2.26,0.97,0.14,0.33,19.0,0.0,0,0,0.8,0.8,0.12,0.2,0.2,Columbus Crew
Evan Bush,USA,GK,38,1.4,0,0,0,,0.0,0.0,,,,0.0,0,0,0.0,0.0,,0.0,0.0,Columbus Crew
Derrick Jones,USA,MF,27,1.3,0,1,0,0.0,0.78,0.0,0.0,,31.6,0.0,0,0,0.0,0.0,0.03,0.0,0.0,Columbus Crew
Philip Quinton,USA,DF,24,1.0,0,0,0,,0.0,0.0,,,,0.0,0,0,0.0,0.0,,0.0,0.0,Columbus Crew
Taha Habroune,USA,MF,18,0.8,0,0,0,,0.0,0.0,,,,0.0,0,0,0.0,0.0,,0.0,0.0,Columbus Crew
Nicholas Hagen,GUA,GK,27,0.6,0,0,0,,0.0,0.0,,,,0.0,0,0,0.0,0.0,,0.0,0.0,Columbus Crew
Cole Mrowka,USA,MF,18,0.0,0,0,0,,0.0,0.0,,,,0.0,0,0,0.0,0.0,,0.0,0.0,Columbus Crew
Frankie Amaya,USA,MF,23,15.6,1,18,8,44.4,1.15,0.51,0.06,0.13,25.4,0.0,0,0,0.8,0.8,0.05,0.2,0.2,New York Red Bulls
Carlos Coronel,PAR,GK,27,15.0,0,0,0,,0.0,0.0,,,,0.0,0,0,0.0,0.0,,0.0,0.0,New York Red Bulls
Lewis Morgan, SCO,FW,27,14.4,9,44,19,43.2,3.05,1.32,0.18,0.42,17.5,0.0,1,2,6.5,4.9,0.11,2.5,3.1,New York Red Bulls
Sean Nealis,USA,DF,27,13.7,0,8,2,25.0,0.58,0.15,0.0,0.0,10.8,0.0,0,0,0.6,0.6,0.07,-0.6,-0.6,New York Red Bulls
Daniel Edelman,USA,MF,21,13.0,0,5,0,0.0,0.39,0.0,0.0,,26.5,0.0,0,0,0.1,0.1,0.03,-0.1,-0.1,New York Red Bulls
Emil Forsberg,SWE,MF,32,12.6,6,33,12,36.4,2.62,0.95,0.09,0.25,24.2,11.0,3,3,4.6,2.2,0.07,1.4,0.8,New York Red Bulls
John Tolkin,USA,DF,21,12.6,1,5,3,60.0,0.4,0.24,0.2,0.33,28.7,3.0,0,0,0.2,0.2,0.04,0.8,0.8,New York Red Bulls
Dante Vanzeir,BEL,FW,26,10.4,2,18,4,22.2,1.72,0.38,0.11,0.5,15.4,1.0,0,0,2.5,2.5,0.14,-0.5,-0.5,New York Red Bulls
Dylan Nealis,USA,DF,25,12.2,0,8,1,12.5,0.66,0.08,0.0,0.0,16.6,0.0,0,0,0.4,0.4,0.05,-0.4,-0.4,New York Red Bulls
Noah Eile,SWE,DF,21,11.9,0,3,2,66.7,0.25,0.17,0.0,0.0,17.4,0.0,0,0,0.1,0.1,0.03,-0.1,-0.1,New York Red Bulls
Wikelman Carmona,VEN,MF,21,10.6,1,22,7,31.8,2.08,0.66,0.05,0.14,22.4,0.0,0,0,1.4,1.4,0.06,-0.4,-0.4,New York Red Bulls
Kyle Duncan,USA,DF,26,9.3,0,7,2,28.6,0.76,0.22,0.0,0.0,23.5,0.0,0,0,0.3,0.3,0.04,-0.3,-0.3,New York Red Bulls
Elias Manoel,BRA,FW,22,8.2,3,20,10,50.0,2.43,1.21,0.15,0.3,18.4,0.0,0,0,3.1,3.1,0.16,-0.1,-0.1,New York Red Bulls
Andrés Reyes,COL,DF,24,7.4,1,1,1,100.0,0.13,0.13,1.0,1.0,8.2,0.0,0,0,0.1,0.1,0.07,0.9,0.9,New York Red Bulls
Peter Stroud,USA,MF,22,6.7,0,1,1,100.0,0.15,0.15,0.0,0.0,8.2,0.0,0,0,0.1,0.1,0.06,-0.1,-0.1,New York Red Bulls
Dennis Gjengaar,NOR,MF,20,4.3,0,5,1,20.0,1.15,0.23,0.0,0.0,15.5,0.0,0,0,0.6,0.6,0.12,-0.6,-0.6,New York Red Bulls
Cameron Harper,USA,FW,22,3.8,3,9,6,66.7,2.35,1.57,0.33,0.5,13.7,0.0,0,0,1.7,1.7,0.18,1.3,1.3,New York Red Bulls
Ryan Meara,USA,GK,33,2.0,0,0,0,,0.0,0.0,,,,0.0,0,0,0.0,0.0,,0.0,0.0,New York Red Bulls
Cory Burke,JAM,FW,32,1.2,1,6,3,50.0,5.05,2.52,0.17,0.33,14.9,0.0,0,0,1.1,1.1,0.18,-0.1,-0.1,New York Red Bulls
Julian Hall,USA,FW,16,0.3,0,0,0,,0.0,0.0,,,,0.0,0,0,0.0,0.0,,0.0,0.0,New York Red Bulls
Mohammed Sofo,GHA,MF,19,0.3,0,0,0,,0.0,0.0,,,,0.0,0,0,0.0,0.0,,0.0,0.0,New York Red Bulls
Roald Mitchell,USA,FW,21,0.2,0,0,0,,0.0,0.0,,,,0.0,0,0,0.0,0.0,,0.0,0.0,New York Red Bulls
Aidan O'Connor,USA,DF,22,0.2,0,0,0,,0.0,0.0,,,,0.0,0,0,0.0,0.0,,0.0,0.0,New York Red Bulls
Serge Ngoma,USA,MF,18,0.2,0,0,0,,0.0,0.0,,,,0.0,0,0,0.0,0.0,,0.0,0.0,New York Red Bulls
Ronald Donkor,MLI,FW,19,0.1,0,0,0,,0.0,0.0,,,,0.0,0,0,0.0,0.0,,0.0,0.0,New York Red Bulls
Omar Valencia,PAN,MF,20,0.0,0,0,0,,0.0,0.0,,,,0.0,0,0,0.0,0.0,,0.0,0.0,New York Red Bulls
Federico Bernardeschi,ITA,DF,30,14.9,7,58,22,37.9,3.9,1.48,0.12,0.32,20.3,4.0,0,2,5.3,3.6,0.06,1.7,3.4,Toronto FC
Deybi Flores,HON,MF,27,13.2,1,11,4,36.4,0.83,0.3,0.09,0.25,20.3,0.0,0,0,0.6,0.6,0.05,0.4,0.4,Toronto FC
Jonathan Osorio,CAN,MF,31,13.1,1,9,4,44.4,0.69,0.31,0.11,0.25,17.2,0.0,0,0,1.4,1.4,0.15,-0.4,-0.4,Toronto FC
Nicksoen Gomis,FRA,DF,22,12.9,0,0,0,,0.0,0.0,,,,0.0,0,0,0.0,0.0,,0.0,0.0,Toronto FC
Kevin Long,IRL,DF,33,12.5,0,4,1,25.0,0.32,0.08,0.0,0.0,10.7,0.0,0,0,0.1,0.1,0.03,-0.1,-0.1,Toronto FC
Alonso Coello,ESP,MF,24,10.9,0,4,2,50.0,0.37,0.18,0.0,0.0,16.9,0.0,0,0,0.2,0.2,0.05,-0.2,-0.2,Toronto FC
Sean Johnson,USA,GK,35,12.0,0,0,0,,0.0,0.0,,,,0.0,0,0,0.0,0.0,,0.0,0.0,Toronto FC
Raoul Petretta,ITA,DF,27,9.9,1,7,2,28.6,0.7,0.2,0.14,0.5,15.8,0.0,0,0,0.7,0.7,0.1,0.3,0.3,Toronto FC
Sigurd Rosted,NOR,DF,29,11.8,0,5,2,40.0,0.43,0.17,0.0,0.0,18.4,0.0,0,0,0.1,0.1,0.02,-0.1,-0.1,Toronto FC
Matthew Longstaff, ENG,MF,24,10.1,2,9,3,33.3,0.9,0.3,0.22,0.67,14.9,0.0,0,0,2.1,2.1,0.24,-0.1,-0.1,Toronto FC
Prince Osei Owusu,GER,FW,27,9.9,6,23,10,43.5,2.32,1.01,0.26,0.6,10.5,0.0,0,0,4.9,4.9,0.21,1.1,1.1,Toronto FC
Tyrese Spicer,,DF,,9.4,2,14,5,35.7,1.49,0.53,0.14,0.4,15.5,0.0,0,0,1.0,1.0,0.07,1.0,1.0,Toronto FC
Lorenzo Insigne,ITA,MF,33,5.8,3,19,9,47.4,3.29,1.56,0.11,0.22,22.4,1.0,1,1,2.1,1.3,0.07,0.9,0.7,Toronto FC
Shane O'Neill,USA,DF,30,5.7,0,0,0,,0.0,0.0,,,,0.0,0,0,0.0,0.0,,0.0,0.0,Toronto FC
Jahkeele Marshall-Rutty,CAN,DF,19,7.2,1,9,2,22.2,1.25,0.28,0.11,0.5,14.9,0.0,0,0,0.8,0.8,0.09,0.2,0.2,Toronto FC
Deandre Kerr,CAN,FW,21,5.1,0,10,5,50.0,1.94,0.97,0.0,0.0,12.1,0.0,0,0,1.5,1.5,0.15,-1.5,-1.5,Toronto FC
Derrick Etienne,HAI,FW,27,5.2,1,8,2,25.0,1.53,0.38,0.13,0.5,18.5,0.0,0,0,0.7,0.7,0.09,0.3,0.3,Toronto FC
Luka Gavran,CAN,GK,24,5.0,0,0,0,,0.0,0.0,,,,0.0,0,0,0.0,0.0,,0.0,0.0,Toronto FC
Kobe Franklin,CAN,DF,21,4.0,0,5,1,20.0,1.24,0.25,0.0,0.0,12.5,0.0,0,0,0.5,0.5,0.1,-0.5,-0.5,Toronto FC
Kosi Thompson,CAN,MF,21,4.1,0,1,0,0.0,0.25,0.0,0.0,,30.9,0.0,0,0,0.0,0.0,0.02,0.0,0.0,Toronto FC
Aimé Mabika,ZAM,DF,25,2.1,0,3,0,0.0,1.4,0.0,0.0,,15.0,0.0,0,0,0.2,0.2,0.08,-0.2,-0.2,Toronto FC
Richie Laryea,CAN,DF,29,0.9,0,0,0,,0.0,0.0,,,,0.0,0,0,0.0,0.0,,0.0,0.0,Toronto FC
Ayo Akinola,CAN,FW,24,1.0,0,2,0,0.0,2.07,0.0,0.0,,9.8,0.0,0,0,0.3,0.3,0.17,-0.3,-0.3,Toronto FC
Charles Sharp,USA,FW,22,0.2,0,0,0,,0.0,0.0,,,,0.0,0,0,0.0,0.0,,0.0,0.0,Toronto FC
Cassius Mailula,RSA,MF,22,0.1,0,2,1,50.0,15.0,7.5,0.0,0.0,13.6,0.0,0,0,0.4,0.4,0.18,-0.4,-0.4,Toronto FC
Kristijan Kahlina,CRO,GK,31,17.0,0,0,0,,0.0,0.0,,,,0.0,0,0,0.0,0.0,,0.0,0.0,Charlotte FC
Andrew Privett,USA,DF,23,17.0,0,7,2,28.6,0.41,0.12,0.0,0.0,14.1,0.0,0,0,0.6,0.6,0.08,-0.6,-0.6,Charlotte FC
Ashley Westwood, ENG,MF,34,17.0,2,5,2,40.0,0.29,0.12,0.4,1.0,22.5,2.0,0,0,0.5,0.5,0.1,1.5,1.5,Charlotte FC
Kerwin Vargas,COL,FW,22,14.7,2,31,7,22.6,2.11,0.48,0.06,0.29,19.6,2.0,0,1,2.7,1.9,0.06,-0.7,0.1,Charlotte FC
Adilson Malanda,FRA,DF,22,15.0,1,4,3,75.0,0.27,0.2,0.25,0.33,20.1,1.0,0,0,1.1,1.1,0.27,-0.1,-0.1,Charlotte FC
Nathan Byrne, ENG,DF,32,14.0,0,1,0,0.0,0.07,0.0,0.0,,29.9,0.0,0,0,0.0,0.0,0.04,0.0,0.0,Charlotte FC
Jere Uronen,FIN,DF,29,11.8,0,7,3,42.9,0.59,0.25,0.0,0.0,24.8,4.0,0,0,0.4,0.4,0.06,-0.4,-0.4,Charlotte FC
Patrick Agyemang,USA,FW,23,11.4,3,26,12,46.2,2.29,1.06,0.12,0.25,12.5,0.0,0,0,3.0,3.0,0.12,0.0,0.0,Charlotte FC
Djibril Diani,FRA,MF,26,10.3,1,5,1,20.0,0.49,0.1,0.0,0.0,22.1,0.0,1,1,1.0,0.2,0.05,0.0,-0.2,Charlotte FC
Brecht Dejaegere,BEL,MF,33,9.6,1,9,3,33.3,0.94,0.31,0.11,0.33,18.3,1.0,0,0,0.9,0.9,0.1,0.1,0.1,Charlotte FC
Iuri Tavares,CPV,FW,23,6.4,1,12,3,25.0,1.86,0.47,0.08,0.33,15.8,0.0,0,1,1.8,1.0,0.09,-0.8,0.0,Charlotte FC
Júnior Urso,BRA,MF,35,6.3,0,4,1,25.0,0.63,0.16,0.0,0.0,12.7,0.0,0,0,0.2,0.2,0.05,-0.2,-0.2,Charlotte FC
Liel Abada,ISR,FW,22,5.7,3,15,8,53.3,2.64,1.41,0.2,0.38,18.1,0.0,0,0,2.0,2.0,0.13,1.0,1.0,Charlotte FC
Enzo Copetti,ARG,FW,28,5.5,1,8,6,75.0,1.45,1.09,0.13,0.17,11.4,0.0,0,0,1.7,1.7,0.21,-0.7,-0.7,Charlotte FC
João Pedro,BRA,DF,21,4.9,0,3,0,0.0,0.62,0.0,0.0,,31.8,1.0,0,0,0.1,0.1,0.03,-0.1,-0.1,Charlotte FC
Nikola Petković,SRB,MF,21,4.6,1,11,4,36.4,2.39,0.87,0.09,0.25,19.2,0.0,0,0,1.2,1.2,0.11,-0.2,-0.2,Charlotte FC
Brandt Bronico,USA,MF,28,4.7,0,6,0,0.0,1.27,0.0,0.0,,13.5,0.0,0,0,0.6,0.6,0.1,-0.6,-0.6,Charlotte FC
Scott Arfield,CAN,MF,35,3.6,0,6,1,16.7,1.67,0.28,0.0,0.0,17.8,1.0,0,0,0.5,0.5,0.08,-0.5,-0.5,Charlotte FC
Jaylin Lindsey,USA,DF,24,3.3,0,0,0,,0.0,0.0,,,,0.0,0,0,0.0,0.0,,0.0,0.0,Charlotte FC
Bill Tuiloma,NZL,DF,29,2.0,0,2,1,50.0,1.0,0.5,0.0,0.0,15.9,1.0,0,0,0.1,0.1,0.07,-0.1,-0.1,Charlotte FC
Tyger Smalls,,FW,,1.8,0,4,0,0.0,2.25,0.0,0.0,,14.9,0.0,0,0,0.7,0.7,0.17,-0.7,-0.7,Charlotte FC
Nimfasha Berchimas,USA,FW,16,0.3,0,1,1,100.0,3.91,3.91,0.0,0.0,22.8,0.0,0,0,0.0,0.0,0.04,0.0,0.0,Charlotte FC
Ben Bender,USA,MF,23,0.2,1,2,2,100.0,11.25,11.25,0.5,0.5,15.8,0.0,0,0,0.1,0.1,0.05,0.9,0.9,Charlotte FC
Kai Wagner,GER,DF,27,14.6,1,11,3,27.3,0.75,0.2,0.09,0.33,20.5,1.0,0,0,0.6,0.6,0.05,0.4,0.4,Philadelphia Union
Dániel Gazdag,HUN,MF,28,14.4,10,24,16,66.7,1.66,1.11,0.29,0.44,15.8,0.0,3,4,8.8,5.7,0.24,1.2,1.3,Philadelphia Union
Nathan Harriel,USA,DF,23,13.9,0,20,0,0.0,1.44,0.0,0.0,,14.8,0.0,0,0,1.2,1.2,0.06,-1.2,-1.2,Philadelphia Union
Quinn Sullivan,USA,MF,20,13.9,1,35,13,37.1,2.53,0.94,0.03,0.08,20.9,0.0,0,0,1.7,1.7,0.05,-0.7,-0.7,Philadelphia Union
Jack McGlynn,USA,MF,20,13.8,2,23,7,30.4,1.66,0.51,0.09,0.29,24.7,2.0,0,0,1.4,1.4,0.06,0.6,0.6,Philadelphia Union
Jakob Glesnes,NOR,DF,30,13.4,0,9,2,22.2,0.67,0.15,0.0,0.0,16.8,0.0,0,0,0.5,0.5,0.05,-0.5,-0.5,Philadelphia Union
Jack Elliott, ENG,DF,28,11.3,0,7,0,0.0,0.62,0.0,0.0,,11.9,0.0,0,0,0.6,0.6,0.09,-0.6,-0.6,Philadelphia Union
Oliver Semmle,GER,GK,26,12.6,0,0,0,,0.0,0.0,,,,0.0,0,0,0.0,0.0,,0.0,0.0,Philadelphia Union
Julián Carranza,ARG,FW,24,11.9,6,45,15,33.3,3.77,1.26,0.13,0.4,13.5,1.0,0,0,5.9,5.9,0.13,0.1,0.1,Philadelphia Union
Mikael Uhre,DEN,FW,29,10.9,5,26,12,46.2,2.39,1.1,0.19,0.42,12.2,0.0,0,0,4.8,4.8,0.18,0.2,0.2,Philadelphia Union
José Andrés Martínez,VEN,MF,29,9.3,0,10,2,20.0,1.07,0.21,0.0,0.0,28.0,0.0,0,0,0.2,0.2,0.02,-0.2,-0.2,Philadelphia Union
Damion Lowe,JAM,DF,31,8.0,0,8,1,12.5,0.99,0.12,0.0,0.0,12.1,0.0,0,0,0.8,0.8,0.1,-0.8,-0.8,Philadelphia Union
Alejandro Bedoya,USA,MF,37,9.8,2,14,8,57.1,1.43,0.81,0.14,0.25,12.0,0.0,0,0,1.3,1.3,0.09,0.7,0.7,Philadelphia Union
Leon Flach,USA,MF,23,5.1,0,3,0,0.0,0.58,0.0,0.0,,26.7,0.0,0,0,0.1,0.1,0.03,-0.1,-0.1,Philadelphia Union
Andre Blake,JAM,GK,33,3.4,0,0,0,,0.0,0.0,,,,0.0,0,0,0.0,0.0,,0.0,0.0,Philadelphia Union
Olivier Mbaizo,CMR,DF,26,3.5,0,1,0,0.0,0.29,0.0,0.0,,28.8,0.0,0,0,0.0,0.0,0.02,0.0,0.0,Philadelphia Union
Jesús Daniel Bueno,VEN,MF,25,1.5,0,1,0,0.0,0.65,0.0,0.0,,15.5,0.0,0,0,0.0,0.0,0.02,0.0,0.0,Philadelphia Union
Jeremy Rafanello,USA,MF,24,1.5,0,3,1,33.3,1.97,0.66,0.0,0.0,26.6,0.0,0,0,0.1,0.1,0.02,-0.1,-0.1,Philadelphia Union
Markus Anderson,USA,MF,20,1.1,0,2,0,0.0,1.87,0.0,0.0,,8.6,0.0,0,0,0.3,0.3,0.15,-0.3,-0.3,Philadelphia Union
Christopher Donovan,USA,FW,23,1.3,0,5,0,0.0,3.75,0.0,0.0,,10.3,0.0,0,0,0.6,0.6,0.11,-0.6,-0.6,Philadelphia Union
Thai Baribo,ISR,FW,26,0.2,0,2,0,0.0,11.25,0.0,0.0,,12.6,0.0,0,0,0.1,0.1,0.04,-0.1,-0.1,Philadelphia Union
Alex Bono,USA,GK,30,17.0,0,0,0,,0.0,0.0,,,,0.0,0,0,0.0,0.0,,0.0,0.0,DC United
Lucas Bartlett,USA,DF,26,16.6,1,17,4,23.5,1.02,0.24,0.06,0.25,8.7,0.0,0,0,1.9,1.9,0.11,-0.9,-0.9,DC United
Jared Stroud,USA,FW,27,14.6,1,30,5,16.7,2.06,0.34,0.03,0.2,19.2,0.0,0,0,2.7,2.7,0.1,-1.7,-1.7,DC United
Mateusz Klich,POL,MF,33,15.6,2,15,9,60.0,0.96,0.58,0.0,0.0,24.7,3.0,2,2,2.6,1.0,0.07,-0.6,-1.0,DC United
Aaron Herrera,GUA,DF,27,15.0,0,20,6,30.0,1.33,0.4,0.0,0.0,26.7,4.0,0,0,0.6,0.6,0.03,-0.6,-0.6,DC United
Christian Benteke,BEL,FW,33,14.5,13,52,25,48.1,3.59,1.72,0.23,0.48,10.8,0.0,1,1,10.7,9.9,0.2,2.3,2.1,DC United
Christopher McVey,SWE,DF,27,14.1,1,6,2,33.3,0.43,0.14,0.17,0.5,10.4,0.0,0,0,1.0,1.0,0.16,0.0,0.0,DC United
Cristián Dajome,COL,FW,30,13.1,1,23,6,26.1,1.76,0.46,0.04,0.17,18.3,0.0,0,0,2.0,2.0,0.09,-1.0,-1.0,DC United
Jackson Hopkins,USA,MF,19,10.4,0,10,3,30.0,0.97,0.29,0.0,0.0,23.9,0.0,0,0,1.0,1.0,0.1,-1.0,-1.0,DC United
Matti Peltola,FIN,MF,21,11.6,0,9,0,0.0,0.78,0.0,0.0,,27.0,0.0,0,0,0.3,0.3,0.03,-0.3,-0.3,DC United
Theodore Ku-Dipietro,USA,MF,22,9.3,2,21,5,23.8,2.27,0.54,0.1,0.4,12.6,0.0,0,0,4.4,4.4,0.21,-2.4,-2.4,DC United
Gabriel Pirani,BRA,MF,22,7.7,1,21,5,23.8,2.74,0.65,0.05,0.2,17.3,0.0,0,0,1.6,1.6,0.08,-0.6,-0.6,DC United
Pedro Santos,POR,DF,36,7.2,1,9,3,33.3,1.25,0.42,0.11,0.33,22.7,1.0,0,0,0.4,0.4,0.04,0.6,0.6,DC United
Conner Antley,USA,DF,29,4.8,0,2,0,0.0,0.41,0.0,0.0,,10.5,0.0,0,0,0.2,0.2,0.08,-0.2,-0.2,DC United
Steve Birnbaum,USA,DF,33,3.8,0,2,0,0.0,0.52,0.0,0.0,,14.1,0.0,0,0,0.1,0.1,0.07,-0.1,-0.1,DC United
Jacob Murrell,USA,FW,20,4.1,1,14,5,35.7,3.41,1.22,0.07,0.2,15.8,0.0,0,0,1.6,1.6,0.11,-0.6,-0.6,DC United
Kristian Fletcher,USA,FW,18,2.4,1,7,3,42.9,2.9,1.24,0.14,0.33,17.4,0.0,0,0,0.9,0.9,0.13,0.1,0.1,DC United
Matai Akinmboni,USA,DF,17,1.6,0,0,0,,0.0,0.0,,,,0.0,0,0,0.0,0.0,,0.0,0.0,DC United
Garrison Tubbs,USA,DF,22,1.6,0,0,0,,0.0,0.0,,,,0.0,0,0,0.0,0.0,,0.0,0.0,DC United
Martín Rodríguez,CHI,MF,29,1.5,0,1,0,0.0,0.65,0.0,0.0,,26.4,1.0,0,0,0.1,0.1,0.06,-0.1,-0.1,DC United
Mohanad Jeahze,IRQ,MF,27,0.0,0,0,0,,0.0,0.0,,,,0.0,0,0,0.0,0.0,,0.0,0.0,DC United
Iván Angulo,COL,FW,25,14.8,1,13,3,23.1,0.88,0.2,0.08,0.33,15.2,0.0,0,0,1.4,1.4,0.11,-0.4,-0.4,Orlando City
Pedro Gallese,PER,GK,34,15.0,0,0,0,,0.0,0.0,,,,0.0,0,0,0.0,0.0,,0.0,0.0,Orlando City
Dagur Dan Þórhallsson,ISL,DF,24,12.5,1,13,2,15.4,1.04,0.16,0.08,0.5,17.7,0.0,0,0,1.3,1.3,0.1,-0.3,-0.3,Orlando City
Facundo Torres,URU,FW,24,12.6,2,13,4,30.8,1.03,0.32,0.08,0.25,18.6,0.0,1,1,1.9,1.1,0.08,0.1,-0.1,Orlando City
Robin Jansson,SWE,DF,32,11.7,0,1,0,0.0,0.09,0.0,0.0,,37.2,0.0,0,0,0.0,0.0,0.02,0.0,0.0,Orlando City
Wilder Cartagena,PER,DF,29,11.6,0,8,1,12.5,0.69,0.09,0.0,0.0,16.1,0.0,0,0,0.5,0.5,0.06,-0.5,-0.5,Orlando City
César Araujo,URU,MF,23,11.1,0,8,0,0.0,0.72,0.0,0.0,,23.5,1.0,0,0,0.6,0.6,0.07,-0.6,-0.6,Orlando City
Nicolás Lodeiro,URU,MF,35,12.3,1,22,6,27.3,1.8,0.49,0.05,0.17,19.3,1.0,0,0,1.5,1.5,0.07,-0.5,-0.5,Orlando City
David Brekalo,SVN,DF,25,10.7,1,6,3,50.0,0.56,0.28,0.17,0.33,8.9,0.0,0,0,1.0,1.0,0.16,0.0,0.0,Orlando City
Duncan McGuire,USA,FW,23,9.3,5,23,9,39.1,2.46,0.96,0.22,0.56,12.5,0.0,0,0,3.3,3.3,0.14,1.7,1.7,Orlando City
Luis Muriel,COL,FW,33,10.8,2,26,9,34.6,2.41,0.84,0.08,0.22,22.1,2.0,0,0,1.8,1.8,0.07,0.2,0.2,Orlando City
Martín Ojeda,ARG,MF,25,9.3,0,23,9,39.1,2.48,0.97,0.0,0.0,20.7,4.0,0,0,1.7,1.7,0.07,-1.7,-1.7,Orlando City
Rodrigo Schlegel,ARG,DF,27,9.1,0,6,0,0.0,0.66,0.0,0.0,,11.0,0.0,0,0,0.2,0.2,0.03,-0.2,-0.2,Orlando City
Rafael Santos,BRA,DF,26,8.7,0,6,2,33.3,0.69,0.23,0.0,0.0,28.8,0.0,0,0,0.1,0.1,0.02,-0.1,-0.1,Orlando City
Kyle Smith,USA,DF,32,5.8,0,1,0,0.0,0.17,0.0,0.0,,5.6,0.0,0,0,0.4,0.4,0.39,-0.4,-0.4,Orlando City
Jack Lynn,USA,FW,24,2.6,2,5,3,60.0,1.95,1.17,0.4,0.67,6.2,0.0,0,0,2.4,2.4,0.49,-0.4,-0.4,Orlando City
Felipe,BRA,MF,33,2.5,0,1,0,0.0,0.4,0.0,0.0,,5.2,0.0,0,0,0.7,0.7,0.72,-0.7,-0.7,Orlando City
Ramiro Enrique,ARG,FW,23,2.6,0,9,3,33.3,3.45,1.15,0.0,0.0,12.9,0.0,0,0,1.3,1.3,0.15,-1.3,-1.3,Orlando City
Mason Stajduhar,USA,GK,26,1.0,0,0,0,,0.0,0.0,,,,0.0,0,0,0.0,0.0,,0.0,0.0,Orlando City
Michael Halliday,USA,DF,21,1.0,0,3,1,33.3,3.03,1.01,0.0,0.0,16.4,0.0,0,0,0.2,0.2,0.05,-0.2,-0.2,Orlando City
Jeorgio Kocevski,USA,FW,21,0.1,0,0,0,,0.0,0.0,,,,0.0,0,0,0.0,0.0,,0.0,0.0,Orlando City
Shakur Mohammed,GHA,MF,20,0.1,0,0,0,,0.0,0.0,,,,0.0,0,0,0.0,0.0,,0.0,0.0,Orlando City
Yutaro Tsukada,JPN,FW,22,0.0,0,1,0,0.0,90.0,0.0,0.0,,12.9,0.0,0,0,0.0,0.0,0.05,0.0,0.0,Orlando City
Jack Maher,USA,DF,24,14.0,1,4,1,25.0,0.29,0.07,0.25,1.0,6.5,0.0,0,0,0.7,0.7,0.18,0.3,0.3,Nashville SC
Hany Mukhtar,GER,FW,29,12.9,4,41,9,22.0,3.18,0.7,0.05,0.22,22.1,4.0,2,3,5.3,3.0,0.07,-1.3,-1.0,Nashville SC
Alex Muyl,USA,DF,28,12.6,1,14,4,28.6,1.11,0.32,0.07,0.25,14.8,0.0,0,0,1.8,1.8,0.13,-0.8,-0.8,Nashville SC
Dru Yearwood, ENG,MF,24,10.9,1,15,4,26.7,1.38,0.37,0.07,0.25,22.5,0.0,0,0,0.6,0.6,0.04,0.4,0.4,Nashville SC
Joe Willis,USA,GK,35,12.2,0,0,0,,0.0,0.0,,,,0.0,0,0,0.0,0.0,,0.0,0.0,Nashville SC
Sam Surridge, ENG,FW,25,11.5,5,26,9,34.6,2.25,0.78,0.19,0.56,11.7,0.0,0,0,4.9,4.9,0.19,0.1,0.1,Nashville SC
Aníbal Godoy,PAN,MF,34,10.6,1,8,3,37.5,0.75,0.28,0.13,0.33,17.3,0.0,0,0,0.8,0.7,0.09,0.2,0.3,Nashville SC
Jacob Shaffelburg,CAN,DF,24,10.0,1,14,4,28.6,1.4,0.4,0.07,0.25,19.4,0.0,0,0,1.3,1.3,0.09,-0.3,-0.3,Nashville SC
Sean Davis,USA,MF,31,9.1,0,1,0,0.0,0.11,0.0,0.0,,23.5,0.0,0,0,0.0,0.0,0.02,0.0,0.0,Nashville SC
Daniel Lovitz,USA,DF,32,9.6,0,2,0,0.0,0.21,0.0,0.0,,28.7,0.0,0,0,0.0,0.0,0.01,0.0,0.0,Nashville SC
Shaquell Moore,USA,DF,27,8.0,1,11,5,45.5,1.37,0.62,0.09,0.2,19.6,0.0,0,0,0.9,0.9,0.08,0.1,0.1,Nashville SC
Tyler Boyd,USA,FW,29,7.1,0,10,5,50.0,1.41,0.71,0.0,0.0,19.8,0.0,0,0,0.7,0.7,0.07,-0.7,-0.7,Nashville SC
Josh Bauer,USA,DF,25,8.1,0,4,1,25.0,0.49,0.12,0.0,0.0,9.7,0.0,0,0,0.7,0.7,0.17,-0.7,-0.7,Nashville SC
Walker Zimmerman,USA,DF,31,6.8,1,5,1,20.0,0.74,0.15,0.2,1.0,10.0,0.0,0,0,0.4,0.4,0.08,0.6,0.6,Nashville SC
Brian Anunga,CMR,MF,27,6.4,0,3,0,0.0,0.47,0.0,0.0,,23.8,0.0,0,0,0.1,0.1,0.02,-0.1,-0.1,Nashville SC
Taylor Washington,USA,DF,30,5.3,0,0,0,,0.0,0.0,,,,0.0,0,0,0.0,0.0,,0.0,0.0,Nashville SC
Lukas MacNaughton,CAN,DF,29,4.6,0,4,2,50.0,0.88,0.44,0.0,0.0,7.4,0.0,0,0,0.4,0.4,0.11,-0.4,-0.4,Nashville SC
Teal Bunbury,USA,FW,34,4.6,3,8,2,25.0,1.72,0.43,0.13,0.5,15.2,0.0,2,2,2.7,1.1,0.14,0.3,-0.1,Nashville SC
Brent Kallman,USA,DF,33,4.5,0,5,2,40.0,1.12,0.45,0.0,0.0,8.7,0.0,0,0,0.5,0.5,0.11,-0.5,-0.5,Nashville SC
Elliot Panicco,USA,GK,27,3.8,0,0,0,,0.0,0.0,,,,0.0,0,0,0.0,0.0,,0.0,0.0,Nashville SC
Amar Sejdic,USA,MF,27,1.7,0,3,2,66.7,1.78,1.18,0.0,0.0,24.0,0.0,0,0,0.3,0.3,0.09,-0.3,-0.3,Nashville SC
McKinze Gaines,USA,MF,26,1.4,0,2,0,0.0,1.45,0.0,0.0,,22.6,0.0,0,0,0.1,0.1,0.03,-0.1,-0.1,Nashville SC
Randall Leal,CRC,MF,27,0.1,0,0,0,,0.0,0.0,,,,0.0,0,0,0.0,0.0,,0.0,0.0,Nashville SC
Brooks Lennon,USA,DF,26,16.0,0,5,0,0.0,0.31,0.0,0.0,,19.3,1.0,0,0,0.3,0.3,0.06,-0.3,-0.3,Atlanta United
Saba Lobzhanidze,GEO,FW,29,14.5,4,46,18,39.1,3.17,1.24,0.09,0.22,15.3,2.0,0,0,5.5,5.5,0.12,-1.5,-1.5,Atlanta United
Caleb Wiley,USA,DF,19,14.9,1,4,2,50.0,0.27,0.13,0.25,0.5,22.8,0.0,0,0,0.1,0.1,0.03,0.9,0.9,Atlanta United
Tristan Muyumba,,MF,27,13.6,0,20,1,5.0,1.48,0.07,0.0,0.0,19.6,0.0,0,0,1.0,1.0,0.05,-1.0,-1.0,Atlanta United
Brad Guzan,USA,GK,39,13.7,0,0,0,,0.0,0.0,,,,0.0,0,0,0.0,0.0,,0.0,0.0,Atlanta United
Bartosz Slisz,POL,MF,25,12.6,1,9,1,11.1,0.72,0.08,0.11,1.0,27.6,1.0,0,0,0.3,0.3,0.04,0.7,0.7,Atlanta United
Thiago Almada,ARG,MF,23,12.5,4,44,14,31.8,3.53,1.12,0.05,0.14,22.5,6.0,2,2,4.7,3.1,0.07,-0.7,-1.1,Atlanta United
Luis Abram,PER,DF,28,9.5,0,5,1,20.0,0.53,0.11,0.0,0.0,10.3,0.0,0,0,0.4,0.4,0.07,-0.4,-0.4,Atlanta United
Noah Cobb,USA,DF,18,8.5,0,2,1,50.0,0.23,0.12,0.0,0.0,7.1,0.0,0,0,0.4,0.4,0.22,-0.4,-0.4,Atlanta United
Giorgos Giakoumakis,GRE,FW,29,8.0,5,39,11,28.2,4.87,1.37,0.1,0.36,15.4,0.0,1,1,4.9,4.2,0.11,0.1,-0.2,Atlanta United
Derrick Williams,IRL,DF,31,7.6,0,7,2,28.6,0.92,0.26,0.0,0.0,8.7,0.0,0,0,0.7,0.7,0.1,-0.7,-0.7,Atlanta United
Stian Rode Gregersen,NOR,DF,29,6.8,0,2,1,50.0,0.29,0.15,0.0,0.0,8.9,0.0,0,0,0.2,0.2,0.08,-0.2,-0.2,Atlanta United
Xande Silva,POR,FW,27,6.1,1,17,6,35.3,2.79,0.99,0.06,0.17,17.9,0.0,0,0,0.8,0.8,0.05,0.2,0.2,Atlanta United
Jamal Thiaré,SEN,FW,31,5.3,4,10,5,50.0,1.87,0.94,0.4,0.8,9.9,0.0,0,0,2.9,2.9,0.29,1.1,1.1,Atlanta United
Dax McCarty,USA,MF,37,4.3,0,3,0,0.0,0.7,0.0,0.0,,22.2,0.0,0,0,0.1,0.1,0.05,-0.1,-0.1,Atlanta United
Daniel Armando Ríos,MEX,FW,29,3.9,1,12,5,41.7,3.04,1.27,0.08,0.2,12.2,0.0,0,0,1.3,1.3,0.11,-0.3,-0.3,Atlanta United
Tyler Wolff,USA,FW,21,3.3,0,6,0,0.0,1.82,0.0,0.0,,13.4,0.0,0,0,0.4,0.4,0.07,-0.4,-0.4,Atlanta United
Edwin Mosquera,COL,FW,22,4.3,0,11,3,27.3,2.56,0.7,0.0,0.0,15.2,0.0,0,0,1.3,1.3,0.12,-1.3,-1.3,Atlanta United
Josh Cohen,USA,GK,31,2.3,0,0,0,,0.0,0.0,,,,0.0,0,0,0.0,0.0,,0.0,0.0,Atlanta United
Ronald Hernández,VEN,DF,26,2.3,0,2,0,0.0,0.87,0.0,0.0,,22.5,0.0,0,0,0.1,0.1,0.03,-0.1,-0.1,Atlanta United
Nicolas Firmino,USA,FW,23,1.8,0,2,1,50.0,1.1,0.55,0.0,0.0,14.7,0.0,0,0,0.1,0.1,0.03,-0.1,-0.1,Atlanta United
Ajani Fortune,TRI,MF,21,2.3,0,2,0,0.0,0.86,0.0,0.0,,12.3,0.0,0,0,0.0,0.0,0.01,0.0,0.0,Atlanta United
Efrain Morales,BOL,DF,20,1.2,0,2,0,0.0,1.65,0.0,0.0,,6.6,0.0,0,0,0.2,0.2,0.09,-0.2,-0.2,Atlanta United
Derrick Etienne,HAI,FW,27,0.3,0,0,0,,0.0,0.0,,,,0.0,0,0,0.0,0.0,,0.0,0.0,Atlanta United
Ruan,BRA,DF,29,14.9,0,6,0,0.0,0.4,0.0,0.0,,14.9,0.0,0,0,0.5,0.5,0.08,-0.5,-0.5,CF Montréal
Ariel Lassiter,CRC,DF,29,14.4,3,20,10,50.0,1.39,0.7,0.15,0.3,20.4,4.0,0,0,2.6,2.6,0.13,0.4,0.4,CF Montréal
Jonathan Sirois,CAN,GK,22,15.0,0,0,0,,0.0,0.0,,,,0.0,0,0,0.0,0.0,,0.0,0.0,CF Montréal
Mathieu Choiniere,CAN,MF,25,14.6,2,9,2,22.2,0.62,0.14,0.11,0.5,25.9,0.0,1,1,1.3,0.5,0.05,0.7,0.5,CF Montréal
Joel Waterman,CAN,DF,28,14.6,0,3,2,66.7,0.21,0.14,0.0,0.0,12.8,0.0,0,0,0.1,0.1,0.04,-0.1,-0.1,CF Montréal
Samuel Piette,CAN,MF,29,14.1,1,7,1,14.3,0.5,0.07,0.14,1.0,17.8,0.0,0,0,1.3,1.3,0.18,-0.3,-0.3,CF Montréal
Bryce Duke,USA,MF,23,10.8,1,15,4,26.7,1.39,0.37,0.07,0.25,23.4,2.0,0,0,1.3,1.3,0.09,-0.3,-0.3,CF Montréal
George Campbell,USA,DF,22,10.1,0,3,0,0.0,0.3,0.0,0.0,,18.5,0.0,0,0,0.1,0.1,0.04,-0.1,-0.1,CF Montréal
Fernando Álvarez,COL,DF,20,9.3,1,4,1,25.0,0.43,0.11,0.25,1.0,13.2,0.0,0,0,0.3,0.3,0.09,0.7,0.7,CF Montréal
Gabriele Corbo,ITA,DF,24,9.7,0,5,0,0.0,0.51,0.0,0.0,,23.1,0.0,0,0,0.2,0.2,0.05,-0.2,-0.2,CF Montréal
Matías Cóccaro,URU,FW,26,4.2,3,11,6,54.5,2.61,1.42,0.09,0.17,17.4,0.0,2,2,3.3,1.7,0.16,-0.3,-0.7,CF Montréal
Joaquin Sosa,URU,DF,22,6.6,0,8,3,37.5,1.22,0.46,0.0,0.0,16.3,0.0,0,0,0.6,0.6,0.08,-0.6,-0.6,CF Montréal
Jules-Anthony Vilsaint,CAN,MF,21,5.2,2,22,7,31.8,4.27,1.36,0.09,0.29,15.1,0.0,0,0,3.0,3.0,0.14,-1.0,-1.0,CF Montréal
Raheem Edwards,CAN,DF,28,4.9,0,6,2,33.3,1.22,0.41,0.0,0.0,23.4,0.0,0,0,0.1,0.1,0.02,-0.1,-0.1,CF Montréal
Sunusi Ibrahim,NGA,FW,21,5.8,5,20,8,40.0,3.44,1.38,0.25,0.63,16.8,0.0,0,0,3.0,3.0,0.15,2.0,2.0,CF Montréal
Dominik Yankov,BUL,MF,23,5.0,1,8,4,50.0,1.61,0.8,0.13,0.25,16.3,0.0,0,0,1.2,1.2,0.15,-0.2,-0.2,CF Montréal
Mason Toye,USA,FW,25,3.0,1,3,3,100.0,1.0,1.0,0.33,0.33,14.1,0.0,0,0,0.8,0.8,0.27,0.2,0.2,CF Montréal
Josef Martínez,VEN,FW,31,4.2,2,11,2,18.2,2.63,0.48,0.18,1.0,14.8,0.0,0,0,2.2,2.2,0.2,-0.2,-0.2,CF Montréal
Nathan-Dylan Saliba,CAN,MF,19,2.5,0,2,1,50.0,0.81,0.4,0.0,0.0,25.3,0.0,0,0,0.1,0.1,0.04,-0.1,-0.1,CF Montréal
Victor Wanyama,KEN,MF,32,2.0,0,2,0,0.0,0.98,0.0,0.0,,28.6,0.0,0,0,0.1,0.1,0.03,-0.1,-0.1,CF Montréal
Rida Zouhir,CAN,MF,20,2.0,0,0,0,,0.0,0.0,,,,0.0,0,0,0.0,0.0,,0.0,0.0,CF Montréal
Sebastian Breza,CAN,GK,26,1.0,0,0,0,,0.0,0.0,,,,0.0,0,0,0.0,0.0,,0.0,0.0,CF Montréal
Kwadwo Opoku,GHA,MF,22,0.4,0,1,1,100.0,2.65,2.65,0.0,0.0,20.6,0.0,0,0,0.4,0.4,0.43,-0.4,-0.4,CF Montréal
Lassi Lappalainen,FIN,DF,25,0.5,0,1,0,0.0,2.05,0.0,0.0,,10.4,0.0,0,0,0.1,0.1,0.11,-0.1,-0.1,CF Montréal
Alessandro Biello,CAN,MF,18,0.2,0,0,0,,0.0,0.0,,,,0.0,0,0,0.0,0.0,,0.0,0.0,CF Montréal
Ousman jabang,USA,DF,23,0.0,0,0,0,,0.0,0.0,,,,0.0,0,0,0.0,0.0,,0.0,0.0,CF Montréal
Hugo Cuypers,BEL,FW,27,15.5,5,36,15,41.7,2.32,0.96,0.14,0.33,12.7,0.0,0,0,5.0,5.0,0.14,0.0,0.0,Chicago Fire
Christopher Brady,USA,GK,20,16.0,0,0,0,,0.0,0.0,,,,0.0,0,0,0.0,0.0,,0.0,0.0,Chicago Fire
Rafael Czichos,GER,DF,34,15.8,0,6,1,16.7,0.38,0.06,0.0,0.0,10.6,0.0,0,0,0.8,0.8,0.14,-0.8,-0.8,Chicago Fire
Allan Arigoni,SUI,DF,25,14.2,0,6,2,33.3,0.42,0.14,0.0,0.0,18.9,0.0,0,0,0.2,0.2,0.03,-0.2,-0.2,Chicago Fire
Kellyn Acosta,USA,MF,28,13.8,2,17,5,29.4,1.23,0.36,0.12,0.4,26.2,3.0,0,0,1.0,1.0,0.06,1.0,1.0,Chicago Fire
Fabian Herbers,GER,MF,30,13.6,2,17,6,35.3,1.25,0.44,0.12,0.33,18.3,0.0,0,0,1.9,1.9,0.11,0.1,0.1,Chicago Fire
Brian Gutiérrez,USA,FW,20,12.4,4,31,7,22.6,2.5,0.57,0.1,0.43,22.7,1.0,1,1,2.6,1.8,0.06,1.4,1.2,Chicago Fire
Maren Haile-Selassie,SUI,FW,25,9.2,1,19,8,42.1,2.07,0.87,0.05,0.13,16.3,0.0,0,0,1.4,1.4,0.08,-0.4,-0.4,Chicago Fire
Xherdan Shaqiri,SUI,MF,32,8.2,2,6,2,33.3,0.73,0.24,0.0,0.0,39.9,1.0,2,2,1.8,0.2,0.03,0.2,-0.2,Chicago Fire
Carlos Terán,COL,DF,23,8.9,1,6,2,33.3,0.67,0.22,0.17,0.5,22.6,0.0,0,0,0.7,0.7,0.12,0.3,0.3,Chicago Fire
Mauricio Pineda,USA,DF,26,8.3,0,2,0,0.0,0.24,0.0,0.0,,12.6,0.0,0,0,0.2,0.2,0.08,-0.2,-0.2,Chicago Fire
Chris Mueller,USA,FW,27,7.1,0,8,3,37.5,1.12,0.42,0.0,0.0,17.7,1.0,0,0,0.4,0.4,0.05,-0.4,-0.4,Chicago Fire
Andrew Gutman,USA,DF,27,5.7,0,9,1,11.1,1.59,0.18,0.0,0.0,15.8,0.0,0,0,0.5,0.5,0.05,-0.5,-0.5,Chicago Fire
Tobias Salquist,DEN,DF,29,5.0,0,0,0,,0.0,0.0,,,,0.0,0,0,0.0,0.0,,0.0,0.0,Chicago Fire
Gastón Giménez,PAR,MF,32,5.5,0,2,0,0.0,0.36,0.0,0.0,,19.3,0.0,0,0,0.2,0.2,0.11,-0.2,-0.2,Chicago Fire
Federico Navarro,ARG,MF,24,4.8,0,2,1,50.0,0.41,0.21,0.0,0.0,12.1,0.0,0,0,0.1,0.1,0.07,-0.1,-0.1,Chicago Fire
Arnaud Souquet,FRA,DF,32,5.4,0,7,1,14.3,1.3,0.19,0.0,0.0,21.8,0.0,0,0,0.2,0.2,0.03,-0.2,-0.2,Chicago Fire
Jonathan Dean,USA,DF,27,5.0,0,2,0,0.0,0.4,0.0,0.0,,19.9,0.0,0,0,0.2,0.2,0.09,-0.2,-0.2,Chicago Fire
Georgios Koutsias,GRE,FW,20,4.5,0,9,3,33.3,2.0,0.67,0.0,0.0,11.7,0.0,0,0,1.4,1.4,0.16,-1.4,-1.4,Chicago Fire
Tom Barlow,USA,FW,28,3.8,0,10,3,30.0,2.62,0.78,0.0,0.0,15.0,0.0,0,0,1.5,1.5,0.15,-1.5,-1.5,Chicago Fire
Chase Gasper,USA,DF,28,2.7,0,0,0,,0.0,0.0,,,,0.0,0,0,0.0,0.0,,0.0,0.0,Chicago Fire
Spencer Richey,USA,GK,32,1.0,0,0,0,,0.0,0.0,,,,0.0,0,0,0.0,0.0,,0.0,0.0,Chicago Fire
Omari Glasgow,GUY,MF,20,0.4,0,1,0,0.0,2.5,0.0,0.0,,16.8,0.0,0,0,0.1,0.1,0.09,-0.1,-0.1,Chicago Fire
Carles Gil,ESP,MF,31,15.0,5,26,14,53.8,1.73,0.93,0.19,0.36,23.7,6.0,0,0,1.4,1.4,0.05,3.6,3.6,New England Revolution
Matt Polster,USA,MF,31,13.3,0,4,1,25.0,0.3,0.07,0.0,0.0,20.9,0.0,0,0,0.3,0.3,0.07,-0.3,-0.3,New England Revolution
Nick Lima,USA,DF,29,12.5,0,2,0,0.0,0.16,0.0,0.0,,25.4,0.0,0,0,0.1,0.1,0.04,-0.1,-0.1,New England Revolution
Giacomo Vrioni,ALB,FW,25,11.8,2,28,13,46.4,2.38,1.1,0.07,0.15,13.7,0.0,0,0,3.6,3.6,0.13,-1.6,-1.6,New England Revolution
Henry Kessler,USA,DF,25,12.0,0,4,1,25.0,0.33,0.08,0.0,0.0,14.2,0.0,0,0,0.2,0.2,0.06,-0.2,-0.2,New England Revolution
Tomás Chancalay,ARG,FW,25,10.3,2,45,15,33.3,4.36,1.45,0.04,0.13,19.7,0.0,0,0,3.1,3.1,0.07,-1.1,-1.1,New England Revolution
DeJuan Jones,USA,DF,26,9.7,0,4,0,0.0,0.41,0.0,0.0,,19.4,0.0,0,0,0.2,0.2,0.04,-0.2,-0.2,New England Revolution
Mark-Anthony Kaye,CAN,MF,29,9.0,0,6,1,16.7,0.67,0.11,0.0,0.0,18.7,0.0,0,0,0.4,0.4,0.07,-0.4,-0.4,New England Revolution
David Romney,USA,DF,30,8.5,0,4,1,25.0,0.47,0.12,0.0,0.0,15.5,0.0,0,0,0.2,0.2,0.04,-0.2,-0.2,New England Revolution
Esmir Bajraktarevic,USA,FW,19,8.5,1,20,8,40.0,2.37,0.95,0.05,0.13,17.2,0.0,0,0,1.0,1.0,0.05,0.0,0.0,New England Revolution
Henrich Ravas,SVK,GK,26,8.0,0,0,0,,0.0,0.0,,,,0.0,0,0,0.0,0.0,,0.0,0.0,New England Revolution
Xavier Arreaga,ECU,DF,29,7.0,0,5,3,60.0,0.72,0.43,0.0,0.0,8.1,0.0,0,0,0.9,0.9,0.19,-0.9,-0.9,New England Revolution
Ian Harkes,USA,MF,29,6.4,0,7,2,28.6,1.1,0.31,0.0,0.0,22.1,0.0,0,0,0.3,0.3,0.04,-0.3,-0.3,New England Revolution
Aljaž Ivačič,SVN,GK,30,6.0,0,0,0,,0.0,0.0,,,,0.0,0,0,0.0,0.0,,0.0,0.0,New England Revolution
Nacho Gil,ESP,FW,28,5.2,1,7,3,42.9,1.33,0.57,0.14,0.33,7.9,0.0,0,0,1.9,1.9,0.27,-0.9,-0.9,New England Revolution
Andrew Farrell,USA,DF,32,4.4,0,2,0,0.0,0.45,0.0,0.0,,12.0,0.0,0,0,0.1,0.1,0.06,-0.1,-0.1,New England Revolution
Dylan Borrero,COL,FW,22,3.9,0,11,5,45.5,2.82,1.28,0.0,0.0,19.8,0.0,0,0,0.6,0.6,0.06,-0.6,-0.6,New England Revolution
Ryan Spaulding,USA,DF,25,3.8,0,4,1,25.0,1.05,0.26,0.0,0.0,23.5,0.0,0,0,0.1,0.1,0.03,-0.1,-0.1,New England Revolution
Noel Buck, ENG,MF,19,2.1,0,2,0,0.0,0.96,0.0,0.0,,15.2,0.0,0,0,0.1,0.1,0.06,-0.1,-0.1,New England Revolution
Emmanuel Boateng,GHA,FW,30,2.5,1,4,1,25.0,1.57,0.39,0.25,1.0,17.9,0.0,0,0,0.4,0.4,0.1,0.6,0.6,New England Revolution
Jonathan Mensah,GHA,DF,33,1.7,0,0,0,,0.0,0.0,,,,0.0,0,0,0.0,0.0,,0.0,0.0,New England Revolution
Earl Edwards Jr.,USA,GK,32,1.0,0,0,0,,0.0,0.0,,,,0.0,0,0,0.0,0.0,,0.0,0.0,New England Revolution
Bobby Wood,USA,FW,31,0.5,0,2,0,0.0,3.83,0.0,0.0,,11.5,0.0,0,0,0.2,0.2,0.12,-0.2,-0.2,New England Revolution
Thomas McNamara,USA,MF,33,0.1,0,0,0,,0.0,0.0,,,,0.0,0,0,0.0,0.0,,0.0,0.0,New England Revolution
Jack Panayotou,USA,DF,20,0.0,0,1,0,0.0,30.0,0.0,0.0,,24.8,0.0,0,0,0.0,0.0,0.03,0.0,0.0,New England Revolution
Emeka Eneli,USA,MF,24,16.3,1,6,4,66.7,0.37,0.25,0.17,0.25,22.3,0.0,0,0,1.1,1.1,0.18,-0.1,-0.1,Real Salt Lake
Cristian Arango,COL,FW,29,15.9,16,73,28,38.4,4.6,1.76,0.19,0.5,18.0,2.0,2,2,11.3,9.7,0.13,4.7,4.3,Real Salt Lake
Justen Glad,USA,DF,27,15.0,0,10,1,10.0,0.67,0.07,0.0,0.0,11.7,0.0,0,0,0.9,0.9,0.09,-0.9,-0.9,Real Salt Lake
Braian Ojeda,PAR,MF,23,14.6,0,18,6,33.3,1.23,0.41,0.0,0.0,22.6,0.0,0,0,0.9,0.9,0.05,-0.9,-0.9,Real Salt Lake
Carlos Gómez,COL,FW,21,13.4,8,48,22,45.8,3.57,1.64,0.17,0.36,16.7,1.0,0,0,5.9,5.9,0.12,2.1,2.1,Real Salt Lake
Andrew Brody,USA,DF,29,14.4,0,3,1,33.3,0.21,0.07,0.0,0.0,12.0,0.0,0,0,0.3,0.3,0.09,-0.3,-0.3,Real Salt Lake
Zac MacMath,USA,GK,32,13.0,0,0,0,,0.0,0.0,,,,0.0,0,0,0.0,0.0,,0.0,0.0,Real Salt Lake
Brayan Vera,COL,DF,25,13.0,0,11,5,45.5,0.85,0.38,0.0,0.0,25.9,4.0,0,0,0.4,0.4,0.04,-0.4,-0.4,Real Salt Lake
Diego Luna,USA,FW,20,11.4,3,19,8,42.1,1.67,0.7,0.16,0.38,19.4,1.0,0,0,2.1,2.1,0.11,0.9,0.9,Real Salt Lake
Alexandros Katranis,GRE,DF,26,9.9,2,8,2,25.0,0.81,0.2,0.25,1.0,22.9,0.0,0,0,0.3,0.3,0.04,1.7,1.7,Real Salt Lake
Matt Crooks, ENG,MF,30,9.8,0,9,1,11.1,0.92,0.1,0.0,0.0,13.9,0.0,0,0,1.2,1.2,0.13,-1.2,-1.2,Real Salt Lake
Bode Davis,USA,DF,22,7.6,0,4,0,0.0,0.53,0.0,0.0,,25.3,0.0,0,0,0.1,0.1,0.02,-0.1,-0.1,Real Salt Lake
Anderson Julio,ECU,FW,28,6.2,5,23,9,39.1,3.72,1.46,0.22,0.56,17.3,0.0,0,0,3.3,3.3,0.15,1.7,1.7,Real Salt Lake
Fidel Barajas,MEX,FW,18,5.4,0,13,5,38.5,2.41,0.93,0.0,0.0,17.7,0.0,0,0,0.9,0.9,0.07,-0.9,-0.9,Real Salt Lake
Philip Quinton,USA,DF,24,4.1,0,3,0,0.0,0.73,0.0,0.0,,17.9,0.0,0,0,0.1,0.1,0.04,-0.1,-0.1,Real Salt Lake
Gavin Beavers,USA,GK,19,4.0,0,0,0,,0.0,0.0,,,,0.0,0,0,0.0,0.0,,0.0,0.0,Real Salt Lake
Nelson Palacio,COL,MF,22,3.2,1,4,1,25.0,1.26,0.31,0.25,1.0,25.1,0.0,0,0,0.1,0.1,0.03,0.9,0.9,Real Salt Lake
Bryan Oviedo,CRC,DF,34,3.0,0,1,0,0.0,0.33,0.0,0.0,,19.4,0.0,0,0,0.0,0.0,0.02,0.0,0.0,Real Salt Lake
Marcelo Silva,URU,DF,35,2.0,0,2,0,0.0,0.99,0.0,0.0,,10.7,0.0,0,0,0.1,0.1,0.04,-0.1,-0.1,Real Salt Lake
Pablo Ruíz,ARG,MF,25,1.9,0,8,1,12.5,4.24,0.53,0.0,0.0,22.9,1.0,0,0,0.3,0.3,0.04,-0.3,-0.3,Real Salt Lake
Maikel Chang,CUB,MF,33,1.6,0,1,0,0.0,0.63,0.0,0.0,,10.6,0.0,0,0,0.1,0.1,0.08,-0.1,-0.1,Real Salt Lake
Noel Caliskan,GER,MF,23,1.1,0,0,0,,0.0,0.0,,,,0.0,0,0,0.0,0.0,,0.0,0.0,Real Salt Lake
Tommy Silva,USA,DF,22,0.2,0,0,0,,0.0,0.0,,,,0.0,0,0,0.0,0.0,,0.0,0.0,Real Salt Lake
Zavier Gozo,USA,FW,17,0.1,0,0,0,,0.0,0.0,,,,0.0,0,0,0.0,0.0,,0.0,0.0,Real Salt Lake
Hugo Lloris,FRA,GK,37,16.0,0,0,0,,0.0,0.0,,,,0.0,0,0,0.0,0.0,,0.0,0.0,Los Angeles FC
Denis Bouanga,GAB,FW,29,16.0,10,79,26,32.9,4.94,1.63,0.08,0.23,18.5,2.0,4,4,11.8,8.6,0.11,-1.8,-2.6,Los Angeles FC
Timmy Tillman,GER,MF,25,15.7,4,18,8,44.4,1.15,0.51,0.22,0.5,18.6,0.0,0,0,3.0,3.0,0.16,1.0,1.0,Los Angeles FC
Cristian Olivera,URU,FW,22,15.0,4,51,23,45.1,3.4,1.53,0.08,0.17,18.3,0.0,0,0,6.4,6.4,0.12,-2.4,-2.4,Los Angeles FC
Mateusz Bogusz,POL,FW,22,15.0,6,40,18,45.0,2.67,1.2,0.15,0.33,18.6,3.0,0,0,4.2,4.2,0.11,1.8,1.8,Los Angeles FC
Eduard Atuesta,COL,MF,26,13.3,2,18,7,38.9,1.35,0.52,0.11,0.29,21.0,3.0,0,0,1.5,1.5,0.08,0.5,0.5,Los Angeles FC
Aaron Long,USA,DF,31,13.1,0,6,1,16.7,0.46,0.08,0.0,0.0,11.1,0.0,0,0,0.5,0.5,0.09,-0.5,-0.5,Los Angeles FC
Jesús David Murillo Largacha,COL,DF,30,12.8,0,4,1,25.0,0.31,0.08,0.0,0.0,9.2,0.0,0,0,0.2,0.2,0.04,-0.2,-0.2,Los Angeles FC
Ilie Sánchez,ESP,MF,33,12.0,0,5,1,20.0,0.42,0.08,0.0,0.0,7.6,0.0,0,0,0.2,0.2,0.05,-0.2,-0.2,Los Angeles FC
Sergi Palencia,ESP,DF,28,11.6,0,2,2,100.0,0.17,0.17,0.0,0.0,30.9,0.0,0,0,0.0,0.0,0.02,0.0,0.0,Los Angeles FC
Ryan Hollingshead,USA,DF,33,11.4,0,7,2,28.6,0.61,0.17,0.0,0.0,20.0,0.0,0,0,0.4,0.4,0.05,-0.4,-0.4,Los Angeles FC
Omar Campos,MEX,DF,21,8.4,0,1,1,100.0,0.12,0.12,0.0,0.0,24.9,0.0,0,0,0.0,0.0,0.02,0.0,0.0,Los Angeles FC
Maxime Chanot,LUX,DF,34,6.1,0,6,1,16.7,0.98,0.16,0.0,0.0,18.5,0.0,0,0,0.4,0.4,0.07,-0.4,-0.4,Los Angeles FC
Kei Kamara,SLE,FW,39,2.6,0,9,3,33.3,3.52,1.17,0.0,0.0,10.6,0.0,0,0,0.9,0.9,0.1,-0.9,-0.9,Los Angeles FC
Eddie Segura,COL,DF,27,2.8,0,2,1,50.0,0.71,0.36,0.0,0.0,11.2,0.0,0,0,0.2,0.2,0.09,-0.2,-0.2,Los Angeles FC
Erik Duenas,USA,MF,19,1.7,0,0,0,,0.0,0.0,,,,0.0,0,0,0.0,0.0,,0.0,0.0,Los Angeles FC
David Martínez,VEN,FW,18,1.1,1,9,3,33.3,8.27,2.76,0.11,0.33,20.4,0.0,0,0,0.4,0.4,0.04,0.6,0.6,Los Angeles FC
Nathan Ordaz,SLV,FW,20,1.0,0,3,0,0.0,3.07,0.0,0.0,,6.0,0.0,0,0,1.5,1.5,0.49,-1.5,-1.5,Los Angeles FC
Tomas Ángel,COL,FW,21,0.2,0,0,0,,0.0,0.0,,,,0.0,0,0,0.0,0.0,,0.0,0.0,Los Angeles FC
Luis Müller,GER,FW,23,0.1,0,1,1,100.0,11.25,11.25,0.0,0.0,16.8,0.0,0,0,0.0,0.0,0.02,0.0,0.0,Los Angeles FC
Michael Boxall,NZL,DF,35,16.0,1,7,1,14.3,0.44,0.06,0.14,1.0,15.6,0.0,0,0,1.0,1.0,0.14,0.0,0.0,Minnesota United
Wil Trapp,USA,MF,31,15.3,0,11,2,18.2,0.72,0.13,0.0,0.0,24.5,0.0,0,0,0.8,0.8,0.07,-0.8,-0.8,Minnesota United
Dayne St. Clair,CAN,GK,27,15.0,0,0,0,,0.0,0.0,,,,0.0,0,0,0.0,0.0,,0.0,0.0,Minnesota United
D.J. Taylor,USA,DF,26,13.1,0,10,2,20.0,0.76,0.15,0.0,0.0,20.1,0.0,0,0,0.5,0.5,0.05,-0.5,-0.5,Minnesota United
Jeong Sangbin,KOR,FW,22,11.6,3,21,10,47.6,1.81,0.86,0.14,0.3,17.0,2.0,0,0,1.8,1.8,0.09,1.2,1.2,Minnesota United
Joseph Rosales,HON,DF,23,12.0,0,13,5,38.5,1.09,0.42,0.0,0.0,23.9,1.0,0,0,0.4,0.4,0.03,-0.4,-0.4,Minnesota United
Robin Lod,FIN,MF,31,10.6,5,20,9,45.0,1.88,0.85,0.25,0.56,19.7,2.0,0,0,2.7,2.7,0.13,2.3,2.3,Minnesota United
Devin Padelford,USA,DF,21,10.9,0,2,1,50.0,0.18,0.09,0.0,0.0,5.9,0.0,0,0,0.4,0.4,0.19,-0.4,-0.4,Minnesota United
Teemu Pukki,FIN,FW,34,8.7,2,29,10,34.5,3.34,1.15,0.07,0.2,16.6,0.0,0,0,3.4,3.4,0.12,-1.4,-1.4,Minnesota United
Hassani Dotson,USA,MF,26,9.5,2,13,6,46.2,1.37,0.63,0.15,0.33,21.7,1.0,0,0,1.1,1.1,0.09,0.9,0.9,Minnesota United
Miguel Tapias,MEX,DF,27,9.1,0,5,1,20.0,0.55,0.11,0.0,0.0,7.5,0.0,0,0,0.4,0.4,0.08,-0.4,-0.4,Minnesota United
Kervin Arriaga,HON,DF,26,8.0,3,12,4,33.3,1.49,0.5,0.25,0.75,18.2,4.0,0,0,0.6,0.6,0.05,2.4,2.4,Minnesota United
Bongokuhle Hlongwane,RSA,FW,23,7.0,3,14,9,64.3,2.0,1.29,0.21,0.33,19.8,0.0,0,0,1.6,1.6,0.11,1.4,1.4,Minnesota United
Tani Oluwaseyi,CAN,FW,24,6.9,7,26,12,46.2,3.75,1.73,0.27,0.58,11.9,0.0,0,0,6.2,6.2,0.24,0.8,0.8,Minnesota United
Caden Clark,USA,FW,21,6.2,0,11,1,9.1,1.76,0.16,0.0,0.0,19.5,0.0,0,0,0.5,0.5,0.04,-0.5,-0.5,Minnesota United
Franco Fragapane,ARG,FW,31,4.8,1,13,7,53.8,2.73,1.47,0.08,0.14,11.5,0.0,0,0,2.0,2.0,0.15,-1.0,-1.0,Minnesota United
Carlos Harvey,PAN,MF,24,2.4,0,1,0,0.0,0.41,0.0,0.0,,29.1,0.0,0,0,0.0,0.0,0.02,0.0,0.0,Minnesota United
Alejandro Bran,CRC,MF,23,2.4,1,7,2,28.6,2.88,0.82,0.14,0.5,25.2,0.0,0,0,0.8,0.8,0.11,0.2,0.2,Minnesota United
Jordan Adebayo-Smith,NGA,FW,24,1.5,0,5,3,60.0,3.31,1.99,0.0,0.0,14.3,0.0,0,0,0.4,0.4,0.08,-0.4,-0.4,Minnesota United
Victor Eriksson,SWE,DF,23,1.1,0,1,0,0.0,0.92,0.0,0.0,,11.6,0.0,0,0,0.0,0.0,0.04,0.0,0.0,Minnesota United
Hugo Bacharach,ESP,DF,22,1.0,0,0,0,,0.0,0.0,,,,0.0,0,0,0.0,0.0,,0.0,0.0,Minnesota United
Clint Irwin,USA,GK,35,1.0,0,0,0,,0.0,0.0,,,,0.0,0,0,0.0,0.0,,0.0,0.0,Minnesota United
Loïc Mesanvi,TOG,FW,20,0.5,0,1,1,100.0,2.05,2.05,0.0,0.0,10.7,0.0,0,0,0.1,0.1,0.07,-0.1,-0.1,Minnesota United
Emanuel Reynoso,ARG,MF,28,0.3,0,0,0,,0.0,0.0,,,,0.0,0,0,0.0,0.0,,0.0,0.0,Minnesota United
Patrick Weah,LBR,FW,20,0.3,0,0,0,,0.0,0.0,,,,0.0,0,0,0.0,0.0,,0.0,0.0,Minnesota United
Moses Nyeman,USA,MF,20,0.2,0,0,0,,0.0,0.0,,,,0.0,0,0,0.0,0.0,,0.0,0.0,Minnesota United
Zarek Valentin,PUR,DF,32,0.2,0,0,0,,0.0,0.0,,,,0.0,0,0,0.0,0.0,,0.0,0.0,Minnesota United
Keith Romanshyn,USA,FW,18,0.1,0,0,0,,0.0,0.0,,,,,0,0,,,,,,Minnesota United
Morris Duggan,GER,DF,23,0.0,0,0,0,,0.0,0.0,,,,0.0,0,0,0.0,0.0,,0.0,0.0,Minnesota United
Maya Yoshida,JPN,DF,35,17.0,2,14,6,42.9,0.82,0.35,0.14,0.33,10.6,0.0,0,0,0.9,0.9,0.07,1.1,1.1,LA Galaxy
Riqui Puig,ESP,MF,24,15.8,6,49,16,32.7,3.09,1.01,0.1,0.31,22.4,1.0,1,2,4.8,3.3,0.07,1.2,1.7,LA Galaxy
Miki Yamane,JPN,DF,30,15.8,0,4,0,0.0,0.25,0.0,0.0,,20.5,0.0,0,0,0.2,0.2,0.04,-0.2,-0.2,LA Galaxy
Marky Delgado,USA,MF,29,15.3,1,9,2,22.2,0.59,0.13,0.11,0.5,21.8,0.0,0,0,1.0,1.0,0.11,0.0,0.0,LA Galaxy
Julián Aude,ARG,DF,21,14.7,1,12,2,16.7,0.82,0.14,0.08,0.5,21.0,0.0,0,0,0.7,0.7,0.07,0.3,0.3,LA Galaxy
John McCarthy,USA,GK,31,15.0,0,0,0,,0.0,0.0,,,,0.0,0,0,0.0,0.0,,0.0,0.0,LA Galaxy
Gabriel Chaves,BRA,FW,23,13.3,4,48,22,45.8,3.6,1.65,0.08,0.18,16.9,1.0,0,1,4.6,3.7,0.08,-0.6,0.3,LA Galaxy
Joseph Paintsil,GHA,FW,26,11.7,4,29,11,37.9,2.47,0.94,0.1,0.27,17.1,1.0,1,1,4.3,3.5,0.12,-0.3,-0.5,LA Galaxy
Dejan Joveljić,SRB,FW,24,11.5,9,36,18,50.0,3.14,1.57,0.22,0.44,12.8,0.0,1,2,10.2,8.3,0.23,-1.2,-0.3,LA Galaxy
Edwin Cerrillo,USA,MF,23,10.2,0,0,0,,0.0,0.0,,,,0.0,0,0,0.0,0.0,,0.0,0.0,LA Galaxy
Martín Cáceres,URU,DF,37,9.5,0,4,3,75.0,0.42,0.32,0.0,0.0,10.7,0.0,0,0,0.4,0.4,0.11,-0.4,-0.4,LA Galaxy
Gastón Brugman,URU,MF,31,9.5,0,17,4,23.5,1.79,0.42,0.0,0.0,24.7,3.0,0,0,1.0,1.0,0.06,-1.0,-1.0,LA Galaxy
Diego Fagúndez,URU,FW,29,8.5,2,15,8,53.3,1.77,0.94,0.13,0.25,18.0,1.0,0,0,1.5,1.5,0.1,0.5,0.5,LA Galaxy
Miguel Berry,ESP,FW,26,5.7,1,5,2,40.0,0.88,0.35,0.2,0.5,12.3,0.0,0,0,1.0,1.0,0.19,0.0,0.0,LA Galaxy
Jalen Neal,USA,DF,20,4.7,0,0,0,,0.0,0.0,,,,0.0,0,0,0.0,0.0,,0.0,0.0,LA Galaxy
Novak Mićović,SRB,GK,22,2.0,0,0,0,,0.0,0.0,,,,0.0,0,0,0.0,0.0,,0.0,0.0,LA Galaxy
John Nelson,USA,DF,25,1.8,0,0,0,,0.0,0.0,,,,0.0,0,0,0.0,0.0,,0.0,0.0,LA Galaxy
Eriq Zavaleta,SLV,DF,31,1.8,1,2,1,50.0,1.12,0.56,0.5,1.0,11.1,0.0,0,0,0.1,0.1,0.06,0.9,0.9,LA Galaxy
Jonathan Perez,MEX,FW,21,1.0,0,3,0,0.0,3.07,0.0,0.0,,18.6,0.0,0,0,0.1,0.1,0.05,-0.1,-0.1,LA Galaxy
Daniel Aguirre,USA,MF,24,1.2,0,3,0,0.0,2.52,0.0,0.0,,14.1,0.0,0,0,0.3,0.3,0.11,-0.3,-0.3,LA Galaxy
Mauricio Cuevas,USA,DF,21,0.7,0,0,0,,0.0,0.0,,,,0.0,0,0,0.0,0.0,,0.0,0.0,LA Galaxy
Yohei Takaoka,JPN,GK,28,16.0,0,0,0,,0.0,0.0,,,,0.0,0,0,0.0,0.0,,0.0,0.0,Vancouver Whitecaps
Ryan Gauld, SCO,FW,28,15.7,7,33,12,36.4,2.1,0.76,0.15,0.42,17.8,2.0,2,2,6.7,5.1,0.17,0.3,-0.1,Vancouver Whitecaps
Brian White,USA,FW,28,14.1,5,33,10,30.3,2.35,0.71,0.15,0.5,11.9,0.0,0,0,6.0,6.0,0.18,-1.0,-1.0,Vancouver Whitecaps
Ranko Veselinović,SRB,DF,25,13.6,1,4,2,50.0,0.29,0.15,0.25,0.5,13.3,0.0,0,0,0.3,0.3,0.07,0.7,0.7,Vancouver Whitecaps
Andrés Cubas,PAR,MF,28,13.4,0,3,0,0.0,0.22,0.0,0.0,,32.6,0.0,0,0,0.1,0.1,0.02,-0.1,-0.1,Vancouver Whitecaps
Tristan Blackmon,USA,DF,27,13.0,0,6,1,16.7,0.46,0.08,0.0,0.0,11.3,0.0,0,0,0.6,0.6,0.11,-0.6,-0.6,Vancouver Whitecaps
Pedro Vite,ECU,MF,22,11.7,0,12,3,25.0,1.03,0.26,0.0,0.0,22.7,0.0,0,0,0.6,0.6,0.05,-0.6,-0.6,Vancouver Whitecaps
Alessandro Schöpf,AUT,MF,30,10.2,1,16,5,31.3,1.57,0.49,0.06,0.2,21.9,0.0,0,0,0.8,0.8,0.05,0.2,0.2,Vancouver Whitecaps
Mathías Laborda,URU,DF,24,10.4,1,7,2,28.6,0.67,0.19,0.14,0.5,11.5,0.0,0,0,0.9,0.9,0.13,0.1,0.1,Vancouver Whitecaps
Ali Ahmed,CAN,MF,23,10.7,1,9,2,22.2,0.84,0.19,0.11,0.5,17.3,0.0,0,0,0.4,0.4,0.04,0.6,0.6,Vancouver Whitecaps
Fafà Picault,HAI,FW,33,8.3,3,23,6,26.1,2.77,0.72,0.13,0.5,14.6,0.0,0,0,2.6,2.6,0.11,0.4,0.4,Vancouver Whitecaps
Ryan Raposo,CAN,DF,25,8.0,2,8,4,50.0,1.0,0.5,0.25,0.5,12.5,0.0,0,0,1.3,1.3,0.16,0.7,0.7,Vancouver Whitecaps
Javain Brown,JAM,DF,25,7.0,0,4,1,25.0,0.57,0.14,0.0,0.0,8.5,0.0,0,0,0.2,0.2,0.05,-0.2,-0.2,Vancouver Whitecaps
Bjørn Inge Utvik,NOR,DF,28,4.8,0,3,1,33.3,0.62,0.21,0.0,0.0,8.8,0.0,0,0,0.3,0.3,0.09,-0.3,-0.3,Vancouver Whitecaps
Luís Martins,POR,DF,32,4.3,0,3,1,33.3,0.7,0.23,0.0,0.0,22.6,0.0,0,0,0.1,0.1,0.02,-0.1,-0.1,Vancouver Whitecaps
Damir Kreilach,CRO,FW,35,3.5,2,7,6,85.7,1.98,1.7,0.29,0.33,8.7,0.0,0,0,2.0,2.0,0.29,0.0,0.0,Vancouver Whitecaps
Sebastian Berhalter,USA,MF,23,5.0,1,11,2,18.2,2.18,0.4,0.09,0.5,21.8,3.0,0,0,0.8,0.8,0.07,0.2,0.2,Vancouver Whitecaps
Sam Adekugbe,CAN,MF,29,2.6,0,3,0,0.0,1.13,0.0,0.0,,12.4,0.0,0,0,0.2,0.2,0.05,-0.2,-0.2,Vancouver Whitecaps
Levonte Johnson,CAN,FW,25,2.0,0,7,2,28.6,3.58,1.02,0.0,0.0,15.8,0.0,0,0,0.6,0.6,0.08,-0.6,-0.6,Vancouver Whitecaps
Giuseppe Bovalina,AUS,MF,19,0.5,0,1,0,0.0,2.14,0.0,0.0,,12.8,0.0,0,0,0.1,0.1,0.07,-0.1,-0.1,Vancouver Whitecaps
Ralph Priso-Mbongue,CAN,MF,21,0.4,0,0,0,,0.0,0.0,,,,0.0,0,0,0.0,0.0,,0.0,0.0,Vancouver Whitecaps
Jay Herdman,NZL,FW,19,0.1,0,1,0,0.0,9.0,0.0,0.0,,29.9,0.0,0,0,0.0,0.0,0.02,0.0,0.0,Vancouver Whitecaps
Cyprian Kachwele,TAN,MF,19,0.0,0,0,0,,0.0,0.0,,,,0.0,0,0,0.0,0.0,,0.0,0.0,Vancouver Whitecaps
Brad Stuver,USA,GK,33,17.0,0,0,0,,0.0,0.0,,,,0.0,0,0,0.0,0.0,,0.0,0.0,Austin FC
Jáder Obrian,COL,FW,29,12.8,4,14,6,42.9,1.09,0.47,0.29,0.67,14.3,0.0,0,0,1.7,1.7,0.12,2.3,2.3,Austin FC
Alexander Ring,FIN,MF,33,15.1,1,16,3,18.8,1.06,0.2,0.0,0.0,16.1,0.0,1,1,1.9,1.1,0.07,-0.9,-1.1,Austin FC
Jon Gallagher,IRL,DF,28,14.2,1,2,1,50.0,0.14,0.07,0.5,1.0,16.1,0.0,0,0,0.1,0.1,0.06,0.9,0.9,Austin FC
Diego Rubio,CHI,FW,31,13.2,3,18,8,44.4,1.36,0.61,0.17,0.38,14.2,0.0,0,0,2.4,2.4,0.13,0.6,0.6,Austin FC
Daniel Pereira,VEN,MF,23,13.6,0,7,1,14.3,0.51,0.07,0.0,0.0,28.0,0.0,0,0,0.2,0.2,0.03,-0.2,-0.2,Austin FC
Julio Cascante,CRC,DF,30,12.5,2,7,4,57.1,0.56,0.32,0.29,0.5,6.6,0.0,0,0,1.2,1.2,0.18,0.8,0.8,Austin FC
Brendan Hines-Ike,USA,DF,29,12.5,1,7,1,14.3,0.56,0.08,0.14,1.0,17.3,0.0,0,0,0.6,0.6,0.08,0.4,0.4,Austin FC
Sebastián Driussi,ARG,MF,28,11.5,5,28,8,28.6,2.44,0.7,0.11,0.38,20.9,2.0,2,4,6.1,2.9,0.11,-1.1,0.1,Austin FC
Guilherme Biro,BRA,DF,24,9.9,2,7,3,42.9,0.71,0.3,0.29,0.67,16.1,0.0,0,0,0.6,0.6,0.08,1.4,1.4,Austin FC
Jhojan Valencia,COL,MF,27,7.8,0,5,1,20.0,0.64,0.13,0.0,0.0,25.8,0.0,0,0,0.2,0.2,0.03,-0.2,-0.2,Austin FC
Owen Wolff,USA,FW,19,9.1,0,6,1,16.7,0.66,0.11,0.0,0.0,16.6,0.0,0,0,0.5,0.5,0.09,-0.5,-0.5,Austin FC
Emiliano Rigoni,ARG,FW,31,7.8,1,12,3,25.0,1.54,0.38,0.08,0.33,19.7,1.0,0,0,0.9,0.9,0.07,0.1,0.1,Austin FC
Matt Hedges,USA,DF,34,6.1,1,2,1,50.0,0.33,0.16,0.5,1.0,9.3,0.0,0,0,0.1,0.1,0.06,0.9,0.9,Austin FC
Žan Kolmanič,SVN,DF,24,5.6,0,2,0,0.0,0.36,0.0,0.0,,19.5,0.0,0,0,0.2,0.2,0.08,-0.2,-0.2,Austin FC
Ethan Finlay,USA,FW,33,4.6,0,2,1,50.0,0.43,0.22,0.0,0.0,10.6,0.0,0,0,0.2,0.2,0.12,-0.2,-0.2,Austin FC
Hector Jiménez,USA,DF,35,4.1,0,1,0,0.0,0.24,0.0,0.0,,3.0,0.0,0,0,0.4,0.4,0.36,-0.4,-0.4,Austin FC
Gyasi Zardes,USA,FW,32,5.2,0,12,3,25.0,2.29,0.57,0.0,0.0,11.5,0.0,0,0,1.9,1.9,0.16,-1.9,-1.9,Austin FC
Leo Väisänen,FIN,DF,26,3.0,0,1,0,0.0,0.33,0.0,0.0,,5.3,0.0,0,0,0.2,0.2,0.17,-0.2,-0.2,Austin FC
CJ Fodrey,USA,FW,20,1.3,0,2,1,50.0,1.58,0.79,0.0,0.0,12.9,0.0,0,0,0.1,0.1,0.05,-0.1,-0.1,Austin FC
Artur,BRA,MF,28,15.9,0,12,5,41.7,0.75,0.31,0.0,0.0,24.9,0.0,0,0,0.6,0.6,0.05,-0.6,-0.6,Houston Dynamo
Aliyu Ibrahim,NGA,FW,22,15.2,4,36,16,44.4,2.36,1.05,0.11,0.25,16.1,0.0,0,0,4.1,4.1,0.11,-0.1,-0.1,Houston Dynamo
Adalberto Carrasquilla,PAN,FW,25,14.6,1,15,6,40.0,1.03,0.41,0.07,0.17,21.9,0.0,0,0,0.6,0.6,0.04,0.4,0.4,Houston Dynamo
Sebastian Kowalczyk,POL,FW,25,13.0,3,17,7,41.2,1.31,0.54,0.18,0.43,19.1,0.0,0,0,2.0,2.0,0.12,1.0,1.0,Houston Dynamo
Griffin Dorsey,USA,DF,25,13.0,0,13,2,15.4,1.0,0.15,0.0,0.0,16.5,0.0,0,0,0.6,0.6,0.05,-0.6,-0.6,Houston Dynamo
Micael,BRA,DF,23,13.9,0,5,1,20.0,0.36,0.07,0.0,0.0,12.5,0.0,0,0,0.2,0.2,0.05,-0.2,-0.2,Houston Dynamo
Steve Clark,USA,GK,38,12.8,0,0,0,,0.0,0.0,,,,0.0,0,0,0.0,0.0,,0.0,0.0,Houston Dynamo
Amine Bassi,FRA,MF,26,12.6,2,29,11,37.9,2.31,0.87,0.07,0.18,22.6,1.0,0,0,3.5,3.5,0.12,-1.5,-1.5,Houston Dynamo
Erik Sviatchenko,DEN,DF,32,9.4,0,16,7,43.8,1.71,0.75,0.0,0.0,14.0,0.0,0,0,0.9,0.9,0.06,-0.9,-0.9,Houston Dynamo
Ethan Bartlow,USA,DF,24,8.3,0,3,0,0.0,0.36,0.0,0.0,,13.8,0.0,0,0,0.1,0.1,0.03,-0.1,-0.1,Houston Dynamo
Daniel Steres,USA,DF,33,7.6,0,4,1,25.0,0.53,0.13,0.0,0.0,16.1,0.0,0,0,0.2,0.2,0.05,-0.2,-0.2,Houston Dynamo
Franco Escobar,ARG,DF,29,6.7,1,3,3,100.0,0.45,0.45,0.33,0.33,8.2,0.0,0,0,0.3,0.3,0.09,0.7,0.7,Houston Dynamo
Héctor Herrera,MEX,MF,34,6.1,1,11,4,36.4,1.8,0.65,0.09,0.25,19.2,1.0,0,0,0.7,0.7,0.07,0.3,0.3,Houston Dynamo
Latif Blessing,GHA,FW,27,4.9,2,8,2,25.0,1.64,0.41,0.25,1.0,14.2,0.0,0,0,1.7,1.7,0.21,0.3,0.3,Houston Dynamo
Tate Schmitt,USA,DF,27,4.3,0,6,2,33.3,1.41,0.47,0.0,0.0,11.9,0.0,0,0,0.8,0.8,0.13,-0.8,-0.8,Houston Dynamo
Ján Greguš,SVK,MF,33,4.2,0,2,0,0.0,0.47,0.0,0.0,,21.5,0.0,0,0,0.1,0.1,0.03,-0.1,-0.1,Houston Dynamo
Andrew Tarbell,USA,GK,30,3.2,0,0,0,,0.0,0.0,,,,0.0,0,0,0.0,0.0,,0.0,0.0,Houston Dynamo
Brooklyn Raines,USA,MF,19,2.3,0,1,0,0.0,0.43,0.0,0.0,,26.6,0.0,0,0,0.0,0.0,0.04,0.0,0.0,Houston Dynamo
Gabe Segal,USA,FW,23,2.0,1,6,3,50.0,2.93,1.47,0.17,0.33,15.4,0.0,0,0,0.7,0.7,0.12,0.3,0.3,Houston Dynamo
Brad Smith,AUS,DF,30,3.1,1,5,2,40.0,1.59,0.64,0.2,0.5,20.4,0.0,0,0,0.5,0.5,0.11,0.5,0.5,Houston Dynamo
Sebastián Ferreira,PAR,FW,26,1.6,1,3,1,33.3,1.87,0.62,0.33,1.0,11.4,0.0,0,0,0.2,0.2,0.06,0.8,0.8,Houston Dynamo
McKinze Gaines,USA,MF,26,0.2,0,0,0,,0.0,0.0,,,,0.0,0,0,0.0,0.0,,0.0,0.0,Houston Dynamo
Jefferson Valverde,ECU,DF,25,0.1,0,0,0,,0.0,0.0,,,,0.0,0,0,0.0,0.0,,0.0,0.0,Houston Dynamo
Andreas Maxsø,DEN,DF,30,17.0,0,7,1,14.3,0.41,0.06,0.0,0.0,13.1,0.0,0,0,0.4,0.4,0.05,-0.4,-0.4,Colorado Rapids
Zack Steffen,USA,GK,29,17.0,0,0,0,,0.0,0.0,,,,0.0,0,0,0.0,0.0,,0.0,0.0,Colorado Rapids
Cole Bassett,USA,MF,22,17.0,5,40,13,32.5,2.36,0.77,0.13,0.38,18.1,2.0,0,0,3.2,3.2,0.08,1.8,1.8,Colorado Rapids
Sam Vines,USA,DF,25,15.6,0,7,3,42.9,0.45,0.19,0.0,0.0,19.7,0.0,0,0,0.7,0.7,0.1,-0.7,-0.7,Colorado Rapids
Djordje Mihailovic,USA,MF,25,15.6,5,27,11,40.7,1.73,0.71,0.19,0.45,19.6,11.0,0,1,4.9,3.5,0.14,0.1,1.5,Colorado Rapids
Rafael Navarro,BRA,FW,24,14.5,9,34,17,50.0,2.34,1.17,0.15,0.29,17.1,0.0,4,6,8.4,3.7,0.11,0.6,1.3,Colorado Rapids
Moïse Bombito,CAN,DF,24,15.2,2,9,4,44.4,0.59,0.26,0.22,0.5,13.5,0.0,0,0,0.8,0.8,0.09,1.2,1.2,Colorado Rapids
Keegan Rosenberry,USA,DF,30,14.7,0,11,2,18.2,0.75,0.14,0.0,0.0,17.0,0.0,0,0,0.7,0.7,0.06,-0.7,-0.7,Colorado Rapids
Oliver Larraz,USA,MF,22,13.3,0,9,3,33.3,0.68,0.23,0.0,0.0,19.3,0.0,0,0,0.8,0.8,0.09,-0.8,-0.8,Colorado Rapids
Kevin Cabral,FRA,FW,24,9.3,3,22,9,40.9,2.38,0.97,0.14,0.33,12.1,0.0,0,0,4.5,4.5,0.21,-1.5,-1.5,Colorado Rapids
Omir Fernandez,USA,FW,25,9.7,1,14,5,35.7,1.45,0.52,0.07,0.2,18.3,0.0,0,0,1.4,1.4,0.1,-0.4,-0.4,Colorado Rapids
Calvin Harris, ENG,FW,24,8.5,1,11,6,54.5,1.29,0.7,0.09,0.17,14.0,0.0,0,0,1.6,1.6,0.15,-0.6,-0.6,Colorado Rapids
Connor Ronan,IRL,MF,26,4.9,0,4,2,50.0,0.82,0.41,0.0,0.0,28.2,0.0,0,0,0.1,0.1,0.02,-0.1,-0.1,Colorado Rapids
Darren Yapi,USA,FW,19,5.0,0,7,0,0.0,1.4,0.0,0.0,,12.2,0.0,0,0,0.9,0.9,0.13,-0.9,-0.9,Colorado Rapids
Sebastian Anderson,USA,DF,21,2.2,0,1,0,0.0,0.45,0.0,0.0,,4.3,0.0,0,0,0.1,0.1,0.11,-0.1,-0.1,Colorado Rapids
Lalas Abubakar,GHA,DF,29,2.0,0,0,0,,0.0,0.0,,,,0.0,0,0,0.0,0.0,,0.0,0.0,Colorado Rapids
Jasper Löffelsend,GER,MF,26,2.2,0,2,1,50.0,0.91,0.45,0.0,0.0,25.5,0.0,0,0,0.1,0.1,0.03,-0.1,-0.1,Colorado Rapids
Jackson Travis,USA,DF,20,1.0,0,0,0,,0.0,0.0,,,,0.0,0,0,0.0,0.0,,0.0,0.0,Colorado Rapids
Jonathan Lewis,USA,FW,27,1.3,0,7,0,0.0,5.25,0.0,0.0,,17.2,0.0,0,0,0.3,0.3,0.04,-0.3,-0.3,Colorado Rapids
Kimani Stewart-Baynes,CAN,MF,19,0.7,0,1,0,0.0,1.5,0.0,0.0,,10.2,0.0,0,0,0.1,0.1,0.1,-0.1,-0.1,Colorado Rapids
Lamine Diack,SEN,FW,23,0.2,0,0,0,,0.0,0.0,,,,0.0,0,0,0.0,0.0,,0.0,0.0,Colorado Rapids
Michael Edwards,USA,DF,23,0.1,0,0,0,,0.0,0.0,,,,0.0,0,0,0.0,0.0,,0.0,0.0,Colorado Rapids
Wayne Frederick,TRI,MF,19,0.0,0,0,0,,0.0,0.0,,,,0.0,0,0,0.0,0.0,,0.0,0.0,Colorado Rapids
Juan David Mosquera,COL,DF,21,16.0,0,10,2,20.0,0.62,0.12,0.0,0.0,15.4,0.0,0,0,0.5,0.5,0.05,-0.5,-0.5,Portland Timbers
Kamal Miller,CAN,DF,27,15.0,0,7,0,0.0,0.47,0.0,0.0,,15.5,0.0,0,0,0.6,0.6,0.09,-0.6,-0.6,Portland Timbers
Diego Chará,COL,MF,38,13.8,0,1,0,0.0,0.07,0.0,0.0,,25.0,0.0,0,0,0.0,0.0,0.03,0.0,0.0,Portland Timbers
Santiago Moreno,COL,FW,24,13.5,3,22,7,31.8,1.63,0.52,0.14,0.43,19.4,0.0,0,0,1.6,1.6,0.07,1.4,1.4,Portland Timbers
Antony,BRA,FW,22,12.9,3,19,5,26.3,1.47,0.39,0.16,0.6,18.8,0.0,0,0,1.8,1.8,0.1,1.2,1.2,Portland Timbers
Evander,BRA,MF,26,13.4,7,30,12,40.0,2.24,0.9,0.17,0.42,24.9,10.0,2,2,3.8,2.2,0.07,3.2,2.8,Portland Timbers
Jonathan Rodríguez,URU,FW,30,13.1,6,38,14,36.8,2.91,1.07,0.13,0.36,15.8,1.0,1,1,4.8,4.0,0.11,1.2,1.0,Portland Timbers
Maxime Crépeau,CAN,GK,30,12.5,0,0,0,,0.0,0.0,,,,0.0,0,0,0.0,0.0,,0.0,0.0,Portland Timbers
Cristhian Paredes,PAR,MF,26,10.8,0,8,5,62.5,0.74,0.46,0.0,0.0,18.6,0.0,0,0,0.6,0.6,0.08,-0.6,-0.6,Portland Timbers
Dario Župarić,BIH,DF,32,10.3,0,3,1,33.3,0.29,0.1,0.0,0.0,17.2,0.0,0,0,0.2,0.2,0.08,-0.2,-0.2,Portland Timbers
Felipe Mora,CHI,FW,30,8.8,8,18,10,55.6,2.04,1.13,0.39,0.7,11.2,0.0,1,1,7.2,6.4,0.36,0.8,0.6,Portland Timbers
Eric Miller,USA,DF,31,9.3,1,3,1,33.3,0.32,0.11,0.33,1.0,11.0,0.0,0,0,0.3,0.3,0.1,0.7,0.7,Portland Timbers
Miguel Araujo,PER,DF,29,7.8,0,3,1,33.3,0.38,0.13,0.0,0.0,11.4,0.0,0,0,0.3,0.3,0.1,-0.3,-0.3,Portland Timbers
Dairon Asprilla,COL,FW,32,7.4,1,8,2,25.0,1.08,0.27,0.13,0.5,17.1,0.0,0,0,0.7,0.7,0.09,0.3,0.3,Portland Timbers
Zac McGraw,CAN,DF,27,6.6,0,1,0,0.0,0.15,0.0,0.0,,13.5,0.0,0,0,0.0,0.0,0.01,0.0,0.0,Portland Timbers
David Ayala,ARG,MF,21,6.2,0,4,0,0.0,0.64,0.0,0.0,,29.2,0.0,0,0,0.1,0.1,0.03,-0.1,-0.1,Portland Timbers
Eryk Williamson,USA,MF,26,6.2,1,6,4,66.7,0.97,0.65,0.17,0.25,11.5,0.0,0,0,0.7,0.7,0.12,0.3,0.3,Portland Timbers
Claudio Bravo,ARG,DF,27,6.0,0,2,0,0.0,0.33,0.0,0.0,,24.4,0.0,0,0,0.0,0.0,0.01,0.0,0.0,Portland Timbers
James Pantemis,CAN,GK,27,5.5,0,0,0,,0.0,0.0,,,,0.0,0,0,0.0,0.0,,0.0,0.0,Portland Timbers
Nathan Fogaça,BRA,FW,25,1.8,1,7,4,57.1,3.94,2.25,0.14,0.25,14.4,0.0,0,0,0.7,0.7,0.1,0.3,0.3,Portland Timbers
Larrys Mabiala,COD,DF,36,0.5,0,1,0,0.0,2.0,0.0,0.0,,10.8,0.0,0,0,0.0,0.0,0.04,0.0,0.0,Portland Timbers
Cristian Roldan,USA,MF,29,16.1,1,12,3,25.0,0.74,0.19,0.08,0.33,15.9,0.0,0,0,1.7,1.7,0.14,-0.7,-0.7,Seattle Sounders
Jackson Ragen,USA,DF,25,15.2,0,7,0,0.0,0.46,0.0,0.0,,10.7,0.0,0,0,0.4,0.4,0.05,-0.4,-0.4,Seattle Sounders
Jordan Morris,USA,FW,29,15.1,4,26,10,38.5,1.72,0.66,0.15,0.4,10.5,0.0,0,0,4.4,4.4,0.17,-0.4,-0.4,Seattle Sounders
Alex Roldan,SLV,DF,27,13.3,1,10,2,20.0,0.75,0.15,0.1,0.5,19.9,1.0,0,0,1.4,1.4,0.14,-0.4,-0.4,Seattle Sounders
Raúl Ruidíaz,PER,FW,33,12.8,7,57,19,33.3,4.44,1.48,0.05,0.16,23.0,3.0,4,4,6.9,3.8,0.07,0.1,-0.8,Seattle Sounders
Obed Vargas,USA,MF,18,13.8,1,10,4,40.0,0.73,0.29,0.1,0.25,18.8,0.0,0,0,0.8,0.8,0.08,0.2,0.2,Seattle Sounders
Stefan Frei,SUI,GK,38,12.3,0,0,0,,0.0,0.0,,,,0.0,0,0,0.0,0.0,,0.0,0.0,Seattle Sounders
Nouhou Tolo,CMR,DF,26,12.1,0,6,2,33.3,0.5,0.17,0.0,0.0,29.5,0.0,0,0,0.1,0.1,0.02,-0.1,-0.1,Seattle Sounders
Albert Rusnák,SVK,MF,29,12.2,1,23,4,17.4,1.89,0.33,0.04,0.25,20.3,1.0,0,0,1.5,1.5,0.07,-0.5,-0.5,Seattle Sounders
Yeimar Gómez Andrade,COL,DF,31,12.1,0,9,1,11.1,0.74,0.08,0.0,0.0,12.2,0.0,0,0,0.6,0.6,0.06,-0.6,-0.6,Seattle Sounders
Joshua Atencio,USA,MF,22,8.3,0,20,5,25.0,2.42,0.6,0.0,0.0,20.0,0.0,0,0,1.0,1.0,0.05,-1.0,-1.0,Seattle Sounders
João Paulo Mior,BRA,MF,33,7.8,0,8,1,12.5,1.02,0.13,0.0,0.0,22.8,1.0,0,0,0.3,0.3,0.04,-0.3,-0.3,Seattle Sounders
Léo Chú,BRA,FW,24,3.6,1,6,3,50.0,1.65,0.82,0.17,0.33,17.0,0.0,0,0,0.6,0.6,0.09,0.4,0.4,Seattle Sounders
Cody Baker,USA,DF,20,5.3,0,1,0,0.0,0.19,0.0,0.0,,27.4,0.0,0,0,0.0,0.0,0.03,0.0,0.0,Seattle Sounders
Andrew Thomas,RUS,GK,25,4.7,0,0,0,,0.0,0.0,,,,0.0,0,0,0.0,0.0,,0.0,0.0,Seattle Sounders
Jon Bell,JAM,DF,26,3.0,0,0,0,,0.0,0.0,,,,0.0,0,0,0.0,0.0,,0.0,0.0,Seattle Sounders
Daniel Musovski,USA,FW,28,3.7,1,11,5,45.5,2.96,1.34,0.09,0.2,12.9,0.0,0,0,1.5,1.5,0.14,-0.5,-0.5,Seattle Sounders
Xavier Arreaga,ECU,DF,29,2.8,0,1,0,0.0,0.35,0.0,0.0,,9.7,0.0,0,0,0.1,0.1,0.05,-0.1,-0.1,Seattle Sounders
Danny Leyva,USA,MF,21,2.0,0,3,0,0.0,1.49,0.0,0.0,,20.8,0.0,0,0,0.2,0.2,0.07,-0.2,-0.2,Seattle Sounders
Sota Kitahara,USA,DF,21,1.6,0,0,0,,0.0,0.0,,,,0.0,0,0,0.0,0.0,,0.0,0.0,Seattle Sounders
Reed Baker-Whiting,USA,DF,19,1.7,0,0,0,,0.0,0.0,,,,0.0,0,0,0.0,0.0,,0.0,0.0,Seattle Sounders
Pedro De la Vega,ARG,MF,23,1.2,1,3,0,0.0,2.6,0.0,0.0,,20.4,0.0,1,1,0.9,0.1,0.03,0.1,-0.1,Seattle Sounders
Georgi Minoungou,CIV,FW,21,1.1,0,3,0,0.0,2.84,0.0,0.0,,11.8,0.0,0,0,0.1,0.1,0.04,-0.1,-0.1,Seattle Sounders
Dylan Teves,USA,MF,24,0.9,1,1,1,100.0,1.07,1.07,1.0,1.0,10.0,0.0,0,0,0.5,0.5,0.47,0.5,0.5,Seattle Sounders
Nathan Cardoso,BRA,DF,29,0.7,0,0,0,,0.0,0.0,,,,0.0,0,0,0.0,0.0,,0.0,0.0,Seattle Sounders
Paul Rothrock,USA,FW,25,1.3,0,2,0,0.0,1.55,0.0,0.0,,11.9,0.0,0,0,0.1,0.1,0.06,-0.1,-0.1,Seattle Sounders
Kalani Rienzi,USA,DF,21,0.1,0,0,0,,0.0,0.0,,,,0.0,0,0,0.0,0.0,,0.0,0.0,Seattle Sounders
Antino Lopez,USA,MF,22,0.1,0,0,0,,0.0,0.0,,,,0.0,0,0,0.0,0.0,,0.0,0.0,Seattle Sounders
Roman Bürki,SUI,GK,33,16.0,0,0,0,,0.0,0.0,,,,0.0,0,0,0.0,0.0,,0.0,0.0,St Louis City
Tomas Totland,NOR,DF,25,14.6,2,13,5,38.5,0.89,0.34,0.15,0.4,21.5,0.0,0,0,1.1,1.1,0.08,0.9,0.9,St Louis City
Chris Durkin,USA,MF,24,14.4,1,18,4,22.2,1.25,0.28,0.06,0.25,21.5,0.0,0,0,0.9,0.9,0.05,0.1,0.1,St Louis City
Célio Pompeu,BRA,FW,24,13.6,3,25,13,52.0,1.84,0.96,0.12,0.23,19.8,1.0,0,0,1.3,1.3,0.05,1.7,1.7,St Louis City
Klauss,BRA,FW,27,13.4,5,57,13,22.8,4.26,0.97,0.07,0.31,15.3,0.0,1,2,7.2,5.6,0.1,-2.2,-1.6,St Louis City
Indiana Vassilev,USA,MF,23,11.7,2,23,6,26.1,1.97,0.51,0.09,0.33,17.2,3.0,0,0,2.6,2.6,0.11,-0.6,-0.6,St Louis City
Tim Parker,USA,DF,31,12.9,0,7,1,14.3,0.54,0.08,0.0,0.0,10.8,0.0,0,0,0.7,0.7,0.1,-0.7,-0.7,St Louis City
Anthony Markanich,PHI,DF,24,12.4,0,15,5,33.3,1.21,0.4,0.0,0.0,22.7,0.0,0,0,0.5,0.5,0.03,-0.5,-0.5,St Louis City
Joakim Nilsson,SWE,DF,30,9.3,1,4,1,25.0,0.43,0.11,0.25,1.0,14.6,0.0,0,0,0.4,0.4,0.09,0.6,0.6,St Louis City
Aziel Jackson,USA,FW,22,8.7,0,21,10,47.6,2.4,1.15,0.0,0.0,18.4,3.0,0,0,1.5,1.5,0.07,-1.5,-1.5,St Louis City
Tomáš Ostrák,CZE,MF,24,7.7,1,17,5,29.4,2.22,0.65,0.06,0.2,24.1,0.0,0,0,1.2,1.2,0.07,-0.2,-0.2,St Louis City
Rasmus Alm,SWE,FW,28,6.0,1,7,1,14.3,1.16,0.17,0.14,1.0,19.4,0.0,0,0,0.3,0.3,0.04,0.7,0.7,St Louis City
Kyle Hiebert,CAN,DF,26,7.2,0,7,1,14.3,0.97,0.14,0.0,0.0,16.5,0.0,0,0,0.3,0.3,0.04,-0.3,-0.3,St Louis City
Eduard Löwen,GER,MF,27,5.2,1,12,1,8.3,2.3,0.19,0.0,0.0,27.6,5.0,1,1,1.4,0.6,0.05,-0.4,-0.6,St Louis City
Samuel Adeniran,USA,FW,25,5.6,2,23,5,21.7,4.12,0.9,0.09,0.4,16.6,0.0,0,0,1.7,1.7,0.07,0.3,0.3,St Louis City
Joshua Yaro,GHA,DF,29,4.8,1,2,1,50.0,0.42,0.21,0.5,1.0,5.8,0.0,0,0,0.4,0.4,0.18,0.6,0.6,St Louis City
Njabulo Blom,RSA,MF,24,4.1,0,1,1,100.0,0.25,0.25,0.0,0.0,19.1,0.0,0,0,0.0,0.0,0.03,0.0,0.0,St Louis City
Hosei Kijima,JPN,MF,21,2.9,0,4,0,0.0,1.38,0.0,0.0,,21.5,0.0,0,0,0.7,0.7,0.18,-0.7,-0.7,St Louis City
Nikolas Dyhr,DEN,DF,22,1.5,0,0,0,,0.0,0.0,,,,0.0,0,0,0.0,0.0,,0.0,0.0,St Louis City
Nökkvi Þórisson,ISL,FW,24,2.3,0,12,2,16.7,5.12,0.85,0.0,0.0,17.2,0.0,0,0,0.9,0.9,0.07,-0.9,-0.9,St Louis City
Akil Watts,USA,DF,24,1.2,0,0,0,,0.0,0.0,,,,0.0,0,0,0.0,0.0,,0.0,0.0,St Louis City
Jake Nerwinski,USA,DF,29,0.3,0,0,0,,0.0,0.0,,,,0.0,0,0,0.0,0.0,,0.0,0.0,St Louis City
Rodrigues,BRA,DF,26,16.0,2,13,5,38.5,0.81,0.31,0.15,0.4,9.6,0.0,0,0,2.2,2.2,0.17,-0.2,-0.2,San Jose Earthquakes
Cristian Espinoza,ARG,FW,29,15.8,2,36,15,41.7,2.28,0.95,0.06,0.13,19.8,5.0,0,0,3.0,3.0,0.08,-1.0,-1.0,San Jose Earthquakes
Jackson Yueill,USA,MF,27,13.4,0,7,1,14.3,0.52,0.07,0.0,0.0,22.3,0.0,0,0,0.4,0.4,0.05,-0.4,-0.4,San Jose Earthquakes
Jeremy Ebobisse,USA,FW,27,11.2,4,23,7,30.4,2.05,0.62,0.13,0.43,18.3,1.0,1,1,4.0,3.2,0.14,0.0,-0.2,San Jose Earthquakes
William Yarbrough,USA,GK,35,12.0,0,0,0,,0.0,0.0,,,,0.0,0,0,0.0,0.0,,0.0,0.0,San Jose Earthquakes
Carlos Gruezo,ECU,MF,29,11.2,0,8,2,25.0,0.71,0.18,0.0,0.0,24.9,0.0,0,0,0.3,0.3,0.04,-0.3,-0.3,San Jose Earthquakes
Vitor Costa,BRA,DF,29,11.6,2,11,2,18.2,0.95,0.17,0.18,1.0,15.8,0.0,0,0,1.7,1.7,0.15,0.3,0.3,San Jose Earthquakes
Carlos Akapo,EQG,DF,31,11.0,0,7,2,28.6,0.64,0.18,0.0,0.0,17.2,0.0,0,0,0.7,0.7,0.1,-0.7,-0.7,San Jose Earthquakes
Amahl Pellegrino,NOR,FW,33,9.7,5,25,11,44.0,2.59,1.14,0.2,0.45,14.1,0.0,0,0,4.4,4.4,0.18,0.6,0.6,San Jose Earthquakes
Bruno Wilson,POR,DF,27,9.6,1,4,2,50.0,0.42,0.21,0.25,0.5,9.2,0.0,0,0,0.7,0.7,0.17,0.3,0.3,San Jose Earthquakes
Paul Marie,FRA,DF,29,7.8,1,4,2,50.0,0.51,0.26,0.25,0.5,16.5,0.0,0,0,0.6,0.6,0.15,0.4,0.4,San Jose Earthquakes
Niko Tsakiris,USA,MF,18,7.4,0,7,0,0.0,0.95,0.0,0.0,,20.8,0.0,0,0,0.5,0.5,0.07,-0.5,-0.5,San Jose Earthquakes
Tanner Beason,USA,DF,27,7.3,0,1,0,0.0,0.14,0.0,0.0,,21.3,0.0,0,0,0.1,0.1,0.07,-0.1,-0.1,San Jose Earthquakes
Benjamin Kikanovic,USA,FW,24,6.1,2,12,4,33.3,1.98,0.66,0.17,0.5,16.4,0.0,0,0,1.3,1.3,0.11,0.7,0.7,San Jose Earthquakes
Hernán López Muñoz,ARG,MF,23,5.2,2,13,3,23.1,2.49,0.57,0.15,0.67,26.0,0.0,0,0,1.4,1.4,0.11,0.6,0.6,San Jose Earthquakes
Preston Judd,USA,FW,25,4.8,1,11,5,45.5,2.28,1.03,0.09,0.2,14.6,0.0,0,0,1.1,1.1,0.1,-0.1,-0.1,San Jose Earthquakes
Jack Skahan,USA,MF,26,4.8,1,14,7,50.0,2.91,1.45,0.07,0.14,18.2,0.0,0,0,1.5,1.5,0.11,-0.5,-0.5,San Jose Earthquakes
Alfredo Morales,USA,MF,34,4.1,0,2,1,50.0,0.49,0.25,0.0,0.0,7.8,0.0,0,0,0.1,0.1,0.07,-0.1,-0.1,San Jose Earthquakes
Daniel,BRA,GK,30,4.0,0,0,0,,0.0,0.0,,,,0.0,0,0,0.0,0.0,,0.0,0.0,San Jose Earthquakes
Daniel Munie,USA,DF,24,0.9,0,1,0,0.0,1.14,0.0,0.0,,21.2,0.0,0,0,0.0,0.0,0.03,0.0,0.0,San Jose Earthquakes
Ousseni Bouda,BFA,FW,24,0.8,0,2,0,0.0,2.57,0.0,0.0,,17.0,0.0,0,0,0.1,0.1,0.03,-0.1,-0.1,San Jose Earthquakes
Jamar Ricketts,USA,MF,22,0.4,0,0,0,,0.0,0.0,,,,0.0,0,0,0.0,0.0,,0.0,0.0,San Jose Earthquakes
Tommy Thompson,USA,DF,28,0.1,0,0,0,,0.0,0.0,,,,0.0,0,0,0.0,0.0,,0.0,0.0,San Jose Earthquakes
Michael Baldisimo,PHI,MF,24,0.1,0,0,0,,0.0,0.0,,,,0.0,0,0,0.0,0.0,,0.0,0.0,San Jose Earthquakes
Nemanja Radoja,SRB,MF,31,15.7,1,9,4,44.4,0.57,0.26,0.11,0.25,15.3,0.0,0,0,1.1,1.1,0.12,-0.1,-0.1,Sporting Kansas City
Jake Davis,USA,DF,22,15.4,2,8,3,37.5,0.52,0.19,0.25,0.67,29.0,0.0,0,0,0.2,0.2,0.03,1.8,1.8,Sporting Kansas City
Tim Melia,USA,GK,38,15.0,0,0,0,,0.0,0.0,,,,0.0,0,0,0.0,0.0,,0.0,0.0,Sporting Kansas City
Dániel Sallói,HUN,FW,27,14.9,2,26,12,46.2,1.75,0.81,0.08,0.17,21.1,0.0,0,0,1.3,1.3,0.05,0.7,0.7,Sporting Kansas City
Tim Leibold,GER,DF,30,14.0,0,6,2,33.3,0.43,0.14,0.0,0.0,18.5,0.0,0,0,0.4,0.4,0.06,-0.4,-0.4,Sporting Kansas City
Erik Thommy,GER,MF,29,12.8,4,37,10,27.0,2.9,0.78,0.11,0.4,23.6,4.0,0,0,1.7,1.7,0.05,2.3,2.3,Sporting Kansas City
Daniel Rosero,COL,DF,30,12.8,2,6,3,50.0,0.47,0.23,0.33,0.67,8.2,0.0,0,0,0.9,0.9,0.16,1.1,1.1,Sporting Kansas City
Alan Pulido,MEX,FW,33,12.6,3,20,8,40.0,1.58,0.63,0.15,0.38,19.6,0.0,0,0,2.0,2.0,0.1,1.0,1.0,Sporting Kansas City
Andreu Fontàs,ESP,DF,34,11.0,0,2,0,0.0,0.18,0.0,0.0,,7.5,0.0,0,0,0.1,0.1,0.06,-0.1,-0.1,Sporting Kansas City
Memo Rodriguez,USA,MF,28,9.3,1,16,4,25.0,1.72,0.43,0.06,0.25,25.8,1.0,0,0,0.5,0.5,0.03,0.5,0.5,Sporting Kansas City
Johnny Russell, SCO,FW,34,9.4,3,22,7,31.8,2.34,0.75,0.14,0.43,18.3,4.0,0,0,1.5,1.5,0.07,1.5,1.5,Sporting Kansas City
William Agada,NGA,FW,24,8.6,3,37,12,32.4,4.32,1.4,0.08,0.25,16.1,0.0,0,1,5.5,4.7,0.13,-2.5,-1.7,Sporting Kansas City
Rémi Walter,FRA,MF,29,8.0,2,4,2,50.0,0.5,0.25,0.5,1.0,22.8,1.0,0,0,0.3,0.3,0.08,1.7,1.7,Sporting Kansas City
Robert Voloder,BIH,DF,23,6.2,0,0,0,,0.0,0.0,,,,0.0,0,0,0.0,0.0,,0.0,0.0,Sporting Kansas City
Robert Castellanos,USA,DF,26,4.0,0,1,0,0.0,0.25,0.0,0.0,,5.4,0.0,0,0,0.1,0.1,0.09,-0.1,-0.1,Sporting Kansas City
Zorhan Bassong,CAN,DF,25,3.0,0,1,0,0.0,0.33,0.0,0.0,,28.1,0.0,0,0,0.0,0.0,0.01,0.0,0.0,Sporting Kansas City
Felipe Hernandez,USA,MF,26,4.2,0,3,0,0.0,0.72,0.0,0.0,,17.0,0.0,0,0,0.3,0.3,0.08,-0.3,-0.3,Sporting Kansas City
Alenis Vargas,HON,FW,20,2.4,2,4,3,75.0,1.69,1.27,0.5,0.67,11.1,0.0,0,0,0.4,0.4,0.11,1.6,1.6,Sporting Kansas City
John Pulskamp,USA,GK,23,2.0,0,0,0,,0.0,0.0,,,,0.0,0,0,0.0,0.0,,0.0,0.0,Sporting Kansas City
Marinos Tzionis,CYP,FW,22,1.8,1,2,1,50.0,1.1,0.55,0.5,1.0,16.3,0.0,0,0,0.2,0.2,0.1,0.8,0.8,Sporting Kansas City
Khiry Shelton,USA,DF,30,1.7,0,1,0,0.0,0.6,0.0,0.0,,28.5,0.0,0,0,0.0,0.0,0.03,0.0,0.0,Sporting Kansas City
Stephen Afrifa,CAN,FW,23,1.6,0,1,1,100.0,0.64,0.64,0.0,0.0,22.1,0.0,0,0,0.0,0.0,0.02,0.0,0.0,Sporting Kansas City
Kayden Pierre,USA,DF,21,0.8,0,0,0,,0.0,0.0,,,,0.0,0,0,0.0,0.0,,0.0,0.0,Sporting Kansas City
